node,soft_label,spread_beta_0,spread_beta_1,spread_beta_2,spread_beta_3,spread_beta_4,spread_beta_5,spread_beta_6,spread_beta_7,spread_beta_8,spread_beta_9,spread_beta_10,spread_beta_11
0,0.6172655378082348,0.012427438029505007,0.01568880989778856,0.02129546383156247,0.02649161257027629,0.031210918899949456,0.03818156553282842,0.048288804567176366,0.061458071810811435,0.07816518245591408,0.09240884644183055,0.09971073870787366,0.10223664981858627
1,0.40014757192115497,0.011957371184178976,0.012957727728989503,0.014419469132689919,0.01631550291305857,0.019611800049300042,0.02488128508443337,0.030490953085200483,0.03620087368883379,0.043571861407746444,0.05270561224619212,0.0632381564850924,0.07364938699428439
2,0.25757098535332235,0.009326019327389395,0.01002618935783786,0.011773070369346668,0.014329506766598256,0.017409636769281252,0.020749586794520387,0.024640030027258453,0.029522134876752378,0.03487302740048999,0.039566424520568175,0.04563425447566492,0.05279114495531792
3,0.49450826212548626,0.012470077454754334,0.015491464007165534,0.019889074759528502,0.024508233344861397,0.0290524334520256,0.034287275316758514,0.0428624667532429,0.05675703668988531,0.07290992376959564,0.08949847788134593,0.10254862269626402,0.10273773438739281
4,0.37244895962728053,0.009684890892691393,0.010617941604708567,0.01222182522777853,0.014315019203420067,0.01747691463722099,0.022448528941182266,0.029566120274813316,0.03889277848892407,0.04621195945280935,0.05229111732966228,0.0651556212109949,0.07656600068451222
5,0.40441080110847233,0.010292308252610032,0.011715901173265717,0.01367890505613855,0.01591168560661913,0.019379822400730697,0.02452504408147338,0.031132754896380857,0.03898612478275765,0.04739552024884961,0.056658358185332075,0.06768534358649358,0.07654848813960514
6,0.690339780799017,0.012788252719875295,0.014951777688616072,0.018386315505328474,0.022769790952067444,0.028735267212897785,0.03570650848427083,0.04454974395122457,0.05514891254871804,0.06538344207603233,0.07889420445266404,0.09232904020772867,0.09894648779032
7,0.5327637930933518,0.00948884268164883,0.010324624949504485,0.011611881144911839,0.013559224190256694,0.017396749599241604,0.024232875195537212,0.0315355836163409,0.038318485149248,0.04792847304163009,0.056804766832057096,0.06312409590538956,0.07131542333525935
8,0.3115830332096979,0.00806792960699548,0.008789510535726946,0.00994375878005405,0.01149668414965738,0.014277451451040202,0.018776927663624418,0.023116678472611403,0.02580333810467617,0.029937657674924983,0.0387349599239149,0.05602321921333961,0.0734934228849729
9,0.8761956756081577,0.015164773328978889,0.017689670134231006,0.021743885395000405,0.027659851398669173,0.03473551353080047,0.04335510405061173,0.054661565667468014,0.06800013077357348,0.08345255721606842,0.09911140374366384,0.11614911289920007,0.1304559190412217
10,0.4186851852438854,0.011470799753850139,0.012833514447426819,0.01462060754988298,0.016570399501741648,0.01936437688189859,0.02537079148789688,0.03519460009987149,0.046875004111178564,0.05872011765688241,0.06553622013507719,0.0642341920271426,0.06318373532150964
11,0.6661706193385137,0.01371006506768854,0.01591333509077084,0.018914122593668564,0.02245398564254152,0.027474498259648452,0.034994213009724044,0.04562031962107194,0.05891867167814227,0.0700174530567369,0.07973185559717727,0.09100518440144037,0.09868219341728673
12,0.21873382916287087,0.010487426620995484,0.012354590911328121,0.014857711469237339,0.016985409336251242,0.019495318552192907,0.02267783816377572,0.026721568992526375,0.03275875396927248,0.04194347365015555,0.05515662986589344,0.06852384123774409,0.07290923210242212
13,0.27479302982802783,0.008032401302153939,0.009140003863750513,0.010646949502969348,0.013118828459529882,0.016711250909077213,0.019813267241244905,0.02363984300575385,0.02956093822853268,0.036462867912323046,0.042896984417845105,0.04770010831798442,0.05041758247986074
14,0.0219926101422966,0.007441037336256735,0.008166725426026901,0.009456785651531375,0.011383246335357382,0.013673094152786211,0.014201594460465313,0.01353536254981497,0.01575990120681755,0.02134507229835405,0.02705367494933626,0.03229683170106187,0.036135391880909334
15,0.4659181847424829,0.010006935084193147,0.012395850046699363,0.01562894921637323,0.01901228766196767,0.023218819852535537,0.028562157518218143,0.034728551204214364,0.04058798028597399,0.04692611253612079,0.057333376774896784,0.07210549903561836,0.08257040386011175
16,0.2913094281541977,0.009779559626414443,0.011710627950866057,0.014773340634595716,0.017150247606228866,0.019590545766489116,0.024005541749363875,0.029422365715552075,0.03492752550891587,0.04068938283744354,0.04956000981641426,0.06255127624806942,0.07333957653964679
17,0.3492108656071154,0.013771666708946938,0.014870930163326898,0.016972158083592342,0.019278717621225752,0.02210619409978522,0.026960411691249783,0.03439662545555208,0.043080133809568065,0.051548772819143295,0.06152382608896667,0.07172701694399275,0.07575072600182972
18,0.2755861331787556,0.007722764099030667,0.008374139453884115,0.009806913925530666,0.012195175321936666,0.015338249998753647,0.0189417102957347,0.02342468415676814,0.028549207753917734,0.03319638351800888,0.036434932576017154,0.04024995694584215,0.04480434349303703
19,0.27707265858849855,0.009348059413496024,0.011088663057991114,0.012971008346065245,0.01473996310084512,0.017447297134835046,0.021412872835511666,0.026678890314451368,0.03307134870348355,0.040443488496866214,0.05057254442509389,0.056803700280903244,0.054396522864816485
20,0.542150586675485,0.009664451515955779,0.010398679443102545,0.01209733040761786,0.01544154084818014,0.020445801667506952,0.02626901369857334,0.03209144806617643,0.036898211955357474,0.04348408807298623,0.053240556982419605,0.06236946032646705,0.06894557086181045
21,0.33406314237837914,0.011820409222869905,0.013809423250847564,0.016214706555373503,0.018141188083822025,0.020941149258979032,0.02560656627086722,0.03259815358382348,0.04183238348224892,0.052444269400055005,0.0607706691549103,0.06691635863822212,0.0721739538672117
22,0.29857647244543445,0.01159141000662639,0.013870480082064918,0.017606859219024523,0.02127819745073497,0.024338962957781034,0.028139934156444273,0.033542461161828276,0.0427417101282719,0.05472780989254064,0.06417928644740556,0.07185035526437089,0.07985048195085534
23,0.42098406738317845,0.012884891439398473,0.014226956980321854,0.016723590567278665,0.01982781577913576,0.02387603336015124,0.028696012087972757,0.03134228390571698,0.03527894586457611,0.04487626226343577,0.05581399850651579,0.06458807967904837,0.06846769366901237
24,0.5804509287115226,0.011284773132803311,0.013234613116908926,0.01689070028427419,0.02210441855304082,0.02801993532965496,0.03345937468474805,0.038199930365021124,0.042253749626883774,0.04663853428589128,0.05391896254530559,0.06605057142344889,0.07768802639560883
25,0.6390348909408973,0.012365346519758631,0.014600533718971149,0.018215699888880374,0.023033247558878724,0.028910032316103534,0.035213327696579866,0.04208661066159462,0.05071597989501505,0.060456024165261704,0.06940002333912151,0.08026044864845124,0.09096067430933233
26,0.41045882406165246,0.010751549512680049,0.012686884306834605,0.015936070868637013,0.019648575066420235,0.02375116782624919,0.028321314147719264,0.03423447138494055,0.042185601988805235,0.049701846779852295,0.057668946702331,0.06702927163948606,0.0763535305452753
27,0.4774525782205665,0.01094461443265841,0.01263975143044502,0.015838159319245794,0.019593526350208296,0.023855952463653293,0.029279065373937,0.03529523050316703,0.04184675053991064,0.05291595093537177,0.06907690328647799,0.08077823721203709,0.08312816584519536
28,0.5907685490655444,0.0120100084788101,0.013849741892249186,0.01662182686505342,0.019439330527504198,0.023730003237212055,0.030972884701368202,0.03806317827103031,0.04243633551767596,0.04702491994943541,0.05491164896132078,0.06537154407006254,0.07403011598981626
29,0.643855226646748,0.009455252684743683,0.01068698927924756,0.013261203355513534,0.017868348433172813,0.0241826112424575,0.030272682265281656,0.03488037902043739,0.03966353548311414,0.04685350550056437,0.054845570252978065,0.06338717974084451,0.07233505043395246
30,0.4066977183116582,0.012907952311129893,0.01546237796800789,0.018946392415898825,0.021959819135155205,0.025061603014588485,0.03049748371283924,0.038032961717014424,0.0455909563389479,0.05381598248272389,0.06563980715921712,0.07911171070932976,0.08803705559924993
31,0.7487917845891289,0.013905015585888572,0.015507885837867962,0.018744308223522667,0.02416289084315569,0.031306419222194314,0.03807183399512153,0.04306077423601668,0.04917220304057035,0.057561978639585884,0.06799404590150271,0.08249563636038182,0.09654264913983282
32,0.5132739141016093,0.011462206480292954,0.013275660540874356,0.015372007703786363,0.017533302077794514,0.021326528325978204,0.027834931884376666,0.034076926426599555,0.03881669345555315,0.04930427975254567,0.0639033349434579,0.07229356789004182,0.07448004769818603
33,0.5037797120943999,0.011281653018008013,0.01206685881378621,0.013491633635557214,0.01629972235929044,0.021002629303402402,0.026497574612318362,0.03161653393918729,0.03747359436362997,0.046174008073241,0.05611805901507333,0.06417987741396994,0.07020811186279224
34,0.43295199348472313,0.010658020902599688,0.01236155219507017,0.01477252327774053,0.017868592575811294,0.022404319469710048,0.026997112983782545,0.029989763698237547,0.033388402531881696,0.038976340659044616,0.04589621650111175,0.05287352316634658,0.057018760243791745
35,0.6233473735466007,0.01184430457165208,0.013766748274318487,0.016214140048386727,0.019383444873112582,0.024886531294594446,0.031398663800324425,0.03747797627286373,0.0453115704224044,0.05498574168761926,0.06273971681627702,0.06897945090368379,0.0756399161629682
36,0.16144414625811468,0.010040922232698733,0.01131314840588302,0.012968516417010103,0.015098426932401123,0.017426589681850686,0.01992340347234718,0.02509502910875878,0.03443596777541979,0.04359047671138784,0.050618550156223886,0.0581735616945666,0.06362309971914457
37,0.4564147971178223,0.010209079924337375,0.012148717136227834,0.014655407834190696,0.017853909218257864,0.02247097882720791,0.027322310721675486,0.03083875955046417,0.03327942608079922,0.03783579052311655,0.048892937092715694,0.06423319115146289,0.07250308168313409
38,0.4032986982621631,0.011969040406915106,0.01289749669008001,0.015052703212960065,0.018056417005860862,0.02142795606430835,0.026658844791668294,0.03312244030553263,0.038874839686899164,0.04487842230622105,0.05240598996650871,0.06191582765792966,0.06953489369998793
39,0.44926583110231727,0.01315283657339386,0.014585817058283533,0.016984100081723307,0.019714988108964195,0.023639971757036058,0.029003938296488948,0.034627492352981105,0.04149052779517152,0.04823971796237069,0.055650256450974614,0.06662837283419887,0.07480762175405434
40,0.5251932061681088,0.01363741674038062,0.01460646390462889,0.01695419523163046,0.020631275404600954,0.02547269578593144,0.031103028762649275,0.036989824601044094,0.04293937644209838,0.050277952352266134,0.05872749170942974,0.06734976207789041,0.0749002605771932
41,0.5944266122377996,0.010067856958827368,0.011983999976936823,0.014345857987093423,0.01695441656913576,0.02186945694766293,0.02862017679679547,0.034022310756829044,0.03674210374917532,0.03886587231210707,0.04492952658300252,0.057892545772076726,0.07024433712881908
42,0.4455563867781105,0.011188858291409401,0.012302929981670641,0.014232555370034067,0.017745847551015593,0.022287586203008525,0.02700392858674265,0.032773146550049675,0.04026943445630615,0.04820997133038772,0.05561109747256938,0.0638981960213852,0.07216875587772867
43,0.1341094587259625,0.009071005510001399,0.009925996935524106,0.011064933009996659,0.01320953830812582,0.015599786492327902,0.017686068679523104,0.021174636118843394,0.026552536054542726,0.03302762859037422,0.04026575059467834,0.048449860830293276,0.05493379733730752
44,0.34294774921874044,0.00987948888588306,0.011052068910396116,0.012788552783942995,0.015256071380345506,0.018721983868590752,0.022926992860876398,0.0279374432726393,0.033798994633852684,0.04254347358429299,0.05507865995489433,0.06692321433694476,0.07322126065554624
45,0.5292367437237021,0.009464527726560382,0.01062435468051693,0.012517502771628424,0.015397398746164647,0.01964566446092869,0.026004111373626376,0.03415829436754484,0.040945300727159586,0.045763482810472905,0.0516873591236809,0.06323328713492964,0.0755587160767867
46,0.26553859380048284,0.008587873023078063,0.009728528012030183,0.011510248077152986,0.013192337311278626,0.015230896808075704,0.019656366645620392,0.026662975128014542,0.03528394829001291,0.0440969748365814,0.053689744246637965,0.0648196110204717,0.07202767608822502
47,0.5464250378733224,0.012739218337571648,0.01554021907566595,0.02049146397145392,0.025154005393629643,0.02954817846689787,0.03581715309124382,0.04324848982673761,0.05295651031436377,0.06520859669457403,0.07687061816667021,0.08725540161239248,0.09440091427956832
48,0.3776098825670074,0.00932760666213829,0.010567618687027068,0.012952413356298688,0.01639553766153244,0.020567606195761187,0.024622375840692053,0.029502056764640128,0.03569621539311037,0.0425824087710796,0.05047989370358288,0.06111269955978921,0.07125766996845065
49,0.24727376107214674,0.007574097702715381,0.008062121465982983,0.00929524681642446,0.01151502103699258,0.0142812619335927,0.01778730833013866,0.02387009061111431,0.030917123796401075,0.034616653832098984,0.039535549499096156,0.04806573258660471,0.054992612901658515
50,0.4315569336742248,0.009371884751659204,0.010479695955803212,0.012467805129070156,0.01553465585088273,0.01959288661809458,0.024644649261762047,0.02996091850646053,0.03522653399471121,0.040923507390880284,0.04659090857295469,0.05487333374045773,0.0639870663811098
51,0.56442829181317,0.008970590969164204,0.010376713458750107,0.013702963576827019,0.018522384142124006,0.023470416240408933,0.02960794801905628,0.03658548759675698,0.043247183003353666,0.05441937476532585,0.06695874626652544,0.0747301364092568,0.07825420939860457
52,0.42151478716843976,0.009503546863418682,0.01144061459601305,0.014610137645955926,0.01739973480287677,0.020434218032817746,0.02630995284507853,0.03376209776660215,0.040151452006362234,0.046962059969014425,0.053916453184821134,0.05663506843461097,0.05464389462165915
53,0.31602796749751366,0.007675408359505981,0.008643416450227528,0.010362368695429898,0.01284918772836616,0.01603445202069729,0.02016057832274698,0.025630731594324448,0.03114438115389694,0.03737085944015185,0.04713322266991615,0.058497484163929574,0.06417739658029438
54,0.40302884883679907,0.012935417528612665,0.014841977677675203,0.017151536558065762,0.01973495533937122,0.02354655419401893,0.028307583840392045,0.03341728673539634,0.03851915580476093,0.04582176787741635,0.05520804228751034,0.06468806144605481,0.07044304532611004
55,0.6433464632507294,0.013417390294901868,0.01555121385172751,0.019543888849281474,0.025166683745368748,0.03186523934910793,0.037407819480281684,0.04212637824338543,0.04867741704995727,0.056773646484151355,0.06838862328158944,0.08145013334109896,0.09155464295222525
56,0.3485467447862839,0.01110464494509742,0.01253846320344492,0.015036963497044746,0.018241890809276212,0.022295224352771564,0.025979700108862032,0.029258725026527085,0.034877183762410946,0.04479028006565651,0.056638648755304846,0.06447080917995494,0.06688285090903343
57,0.33255524535599973,0.009267640792211169,0.010420788135507187,0.012371221102714521,0.015295324899636892,0.019111372236321464,0.022784726306461334,0.0277452845730427,0.037127990470531815,0.048462698425181555,0.05761574899212191,0.06647922548856278,0.07498464524437332
58,0.4451932331037163,0.011760099347485922,0.01334051807675115,0.014843751257954518,0.017192012887191577,0.02122588922206299,0.02642174090808414,0.03244937475592606,0.039852917683188493,0.04733681355837009,0.056387670726975876,0.07203578801536235,0.0879867568939802
59,0.2852582434765578,0.0060560738201270135,0.006436915184529195,0.007867920249738272,0.010842590354606024,0.014608584032226436,0.01771368922485661,0.021010015865604918,0.026548915144393156,0.034783552302441144,0.045608413432152495,0.054470336590928446,0.05802735277275526
60,0.4854621352626338,0.011189166982666789,0.012559180654331568,0.015262320295763306,0.018581769809104726,0.022756511368840385,0.028439758241988054,0.03494927348309135,0.04313623942210708,0.051858735192840746,0.0598776006991907,0.06859607583512349,0.07311388083546463
61,0.2617142585439197,0.009467708239545264,0.009990474904250098,0.010998629948279945,0.013090371995062642,0.0164419776575576,0.0195803841337448,0.02260051885113041,0.027748993585868346,0.034476395268130414,0.0404158066790952,0.04856037677442697,0.056371951706498065
62,0.46834044775034955,0.00858382734031422,0.009362869507666358,0.011079397539998825,0.013713665260766669,0.017444280404839387,0.02333813802550818,0.0315337854089422,0.04039091749070703,0.0496937649065925,0.0593873677191006,0.0711956433764099,0.08286608660889772
63,0.5563223012036057,0.014324308083590379,0.017442401567767635,0.02090240644196248,0.023882464543464398,0.028449485601158654,0.03477313080176384,0.04002173550654778,0.044089054081566485,0.05203717263840778,0.06647414428683067,0.08075551796061739,0.08614305028119429
64,0.3888036181270665,0.00918663578462461,0.01066416825376111,0.013301807871388904,0.016961565919403534,0.020888862993118006,0.025305421525009874,0.03052825303155083,0.03974941986978961,0.05176259268512719,0.06014059748622601,0.07011821716314803,0.08177707280146765
65,0.2954273560632316,0.00915403656930543,0.009794457078415522,0.010744536099155112,0.012154458606486439,0.01478085730820361,0.01912254946914222,0.025012998668525768,0.031758040250246866,0.03837030899269364,0.04683033669947248,0.06233316410288987,0.07814938436059127
66,0.4564581624392157,0.01070908805965865,0.011668876417478727,0.013752054014583497,0.017140237962252135,0.021604668176245113,0.026574856533183276,0.032169499208003056,0.03959500785874499,0.04763088120104622,0.05545308401379975,0.0650080251395984,0.07548859321027801
67,0.3123393737555612,0.01001551756301184,0.011156695863322453,0.012803013764129522,0.015158361248262878,0.018741995382351426,0.02241437638401525,0.025634516735640135,0.030159384625414405,0.03535659231523951,0.042006512283944836,0.05225073487011608,0.0619305040927568
68,0.48210973790158856,0.009989948896863634,0.010842078496757635,0.012717644469363232,0.01598349866870113,0.020428925610116833,0.02583623433993742,0.031207805264541304,0.03696601796809225,0.04534585931158913,0.05723696966762509,0.06823259772704887,0.07328934265628657
69,0.5400108415667935,0.009067639346614541,0.010854952917898512,0.014511497745904158,0.019528108490439764,0.024612282373985796,0.030261235928009604,0.03891416567635937,0.04604649670674088,0.04888584482852831,0.05355594006860975,0.06361362013436304,0.07335334398767447
70,0.7642387410021183,0.009764140601623303,0.011247518639681245,0.013760095470354238,0.017453945646791223,0.023712027361782267,0.03170383212875315,0.03903215470563945,0.045548388032606,0.05379116933853019,0.06352956270855281,0.07381185643501323,0.08292736021272419
71,0.4894372820216285,0.009906031948082598,0.011771547375789134,0.014576499257477341,0.01730353102708112,0.02087205183069751,0.027203443996172846,0.037576906275855526,0.0492029439196779,0.05670381812495172,0.0619711635850788,0.07044001230546143,0.07920281958444331
72,0.4324837163554085,0.012669323511537392,0.01478982564368936,0.018243492414004962,0.022188140436004734,0.027008012664005127,0.031173039051812432,0.03549996701915794,0.0426461186045093,0.05195544389504683,0.0605663615106546,0.06982312408586075,0.07850125372781913
73,0.5315411265478475,0.01058125113261876,0.012526426969421842,0.015663911373013116,0.019249038371347137,0.023508279775812834,0.029807062674040853,0.03816172497731287,0.04645609964693435,0.054387031578156844,0.06420082925053722,0.07173383979444958,0.07583988907173922
74,0.2973460563211087,0.008797674437423767,0.010170948373251474,0.012105029279963498,0.014141334617773678,0.016848469106073606,0.021116520269782682,0.027106581162396164,0.034827078533235495,0.043691227974746005,0.05196123052354806,0.06016586758712501,0.06695265351929593
75,0.5523345830065786,0.01085862293813466,0.012499053568977033,0.015448763512300123,0.019806564876562002,0.025074852399773,0.03071463430108732,0.03685123152901636,0.04382410553343154,0.05289658664865999,0.061845014033371934,0.0667312750778079,0.06909032122190378
76,0.40782318484151187,0.011206496643790231,0.011832369464073662,0.012951479562149995,0.014594714114144229,0.017733634384006984,0.023297541726988204,0.029890300988975948,0.03523687779763815,0.04135344134736435,0.052295153513283746,0.06545560441840229,0.07376777065456683
77,0.4250767887093761,0.008628144239411679,0.009889457479642916,0.0115938272601756,0.014183292457416943,0.01840990478912226,0.023198655258630525,0.026998955171927894,0.03223747715312328,0.041920718699873384,0.05234309056055017,0.05735501744038962,0.05817735692563318
78,0.7999082337238203,0.012613177633120438,0.014333377337552274,0.017225124497864,0.021429407317594282,0.028193105515073008,0.03624730000827939,0.042079434580988395,0.045639265767311886,0.04885996606773071,0.0538721849823932,0.06563078561743949,0.07778712708490934
79,0.29222972816812587,0.01092919297390452,0.0123587765016289,0.015346615813854363,0.01938486391511042,0.02319785857562147,0.026151610288426837,0.031324876123404385,0.04116144184974667,0.0539378066733925,0.06737363148932815,0.07776747709940529,0.08145046408079187
80,0.3254269272803547,0.007600928931474123,0.008605014171127707,0.00986050983172613,0.01174663038036847,0.014908882971701207,0.01925429558654677,0.02459129765478481,0.02938867495756793,0.032698969317019586,0.037814371500724975,0.049010576131059594,0.061827540873591005
81,0.34098131211827154,0.012461037001055216,0.014264652422120465,0.017076491363162565,0.020354884106863994,0.02425775166657996,0.02795530538987823,0.031519992422605475,0.03811139662335388,0.04625173844988385,0.053929370446753444,0.061579872312887154,0.06608366164100958
82,0.7276257701693267,0.012841805246917536,0.014086129198464116,0.015768342892219685,0.019130828172798625,0.024961833453449024,0.032731071437248176,0.04171303904864394,0.04977477365773336,0.05710560234537136,0.06812756326945821,0.08528302203414051,0.10033496360252983
83,0.29798134244798674,0.009118920752374825,0.01039559175783586,0.012286786278086076,0.014622725404550774,0.017393976311026783,0.021611180356243084,0.028346290268593304,0.03662051986398152,0.04638426512501939,0.05312864301382813,0.05443596153432781,0.05623206241105552
84,0.3661457249179436,0.012561078360503675,0.015115359868838553,0.018977827567029038,0.022263326573911883,0.024798518958614343,0.030102590426373234,0.039535607227415503,0.05015219080575829,0.06115106002840073,0.07488062534704208,0.08863540085135796,0.09785205501039572
85,0.18304417675045076,0.012056868487518156,0.013521672733059254,0.01616275182520841,0.018799288834060422,0.0210690154139287,0.023886310030142438,0.02824792310288505,0.035021712595548746,0.04455183340868832,0.05881112217546069,0.07311943680761442,0.0794315517653726
86,0.3604453605976945,0.011423940503619494,0.013065528144920874,0.0166468820074163,0.021828151675057382,0.026372617217569207,0.02963581266958705,0.03701239988527433,0.048970366035224255,0.059492708876566075,0.0675217175149937,0.07536078676877062,0.08048960152151358
87,0.8020130487979791,0.013098365127115354,0.014586810541166142,0.01722573470873002,0.02097813310012436,0.02665265909155117,0.03573166145445057,0.04491863597962438,0.05415352136580913,0.06500116548562848,0.07375825999686395,0.08085064885919349,0.08599312223846092
88,0.592746140293266,0.011731331193794582,0.012957120440101723,0.014990399065348853,0.01789649938839949,0.02245396277808008,0.02944288584125082,0.03824741770543755,0.04440848960638298,0.04967792169419814,0.0598699984944084,0.07228952768735591,0.07923957431036968
89,0.5151515211780537,0.01237402606935723,0.014485121225608046,0.018139525172618274,0.022333951394355307,0.027206390951980762,0.032519748229283815,0.03862167590203149,0.046442587839148286,0.057693057539617384,0.07594892907455295,0.09813407971623578,0.11071629150059528
90,0.7975008688777578,0.011406773740040612,0.012418931263263544,0.014542392668905451,0.018694102563372915,0.02578783886385463,0.03346093916776091,0.03884806167884285,0.0448384971851145,0.05438265086686029,0.06582079920463568,0.07383061177772968,0.07776327281449072
91,0.4513023695602478,0.010151591736802218,0.012436548177187562,0.016122099501126464,0.018871083345610787,0.021923143092139212,0.028120165159835106,0.03807035626030608,0.049563312391116617,0.06056699588511481,0.07099724633973942,0.07840383024526104,0.08432490991704272
92,0.392358924395535,0.008517887585311815,0.009657002545640565,0.011137988950368495,0.013787560868790405,0.017532064911590983,0.022243432004512634,0.030351066173935536,0.03936237975531961,0.045925923536527496,0.05443079996725855,0.0639990927886971,0.07087531373255962
93,0.7581408318826488,0.009068763509387463,0.01083041682312469,0.013489538700942478,0.017685381808521625,0.024259171071145127,0.031855483894818744,0.038628089864727766,0.043991879683667134,0.052094101792530434,0.06248630170859133,0.07032106002599539,0.07702058034731704
94,0.649724505778047,0.011845547385511447,0.01303895516937242,0.015438186664628888,0.01986735490706691,0.02602572048646299,0.03227471159847283,0.039269762913190794,0.04743918162749969,0.05622717482250154,0.06455373007790144,0.07425190458510048,0.08425494924947005
95,0.37984674020481957,0.010849624035785644,0.01172337607395799,0.013432630140802879,0.015894714763078736,0.019430589279993436,0.024075631377885303,0.030961012602015656,0.040702466744425556,0.052371822612276575,0.06576452660002172,0.07717012931973512,0.0833927072192522
96,0.34097545459616047,0.0089234005740328,0.009673592370691361,0.012176659301626265,0.016419099226897434,0.020385170337452047,0.024064679797702437,0.02859701628462387,0.03386410644954374,0.04021448476600288,0.05012087714916875,0.06547872492137166,0.07835141959011754
97,0.9676435762986382,0.00952524389234361,0.01069764118851811,0.013603736125295918,0.018061979285170594,0.02521898978166114,0.03547535248647017,0.045028882611420046,0.05268619963880673,0.06156274404815582,0.0714964170773369,0.08012622191442668,0.08843966887347118
98,0.28051988941824924,0.008410244271410603,0.009622052696240186,0.011198510351582276,0.013462710827904508,0.016552705092145698,0.02019184749030612,0.026436040647675307,0.03522478743984609,0.04170757119514026,0.04632599896100428,0.056288956816605853,0.06977088190244651
99,0.5532180207844142,0.01341805428225205,0.015570370927580814,0.019402990628094727,0.023673201124787095,0.02854242149086604,0.03446188609927603,0.04241179902653034,0.050983995139826994,0.05981154286931878,0.07403683121301802,0.08910802509442903,0.09845067697581494
100,0.6269901181313928,0.00957322959298385,0.010982080141747449,0.013948551775765927,0.017515609197214687,0.022334643278042667,0.029555550180563064,0.03906836876609967,0.050238168537731956,0.059588587065646306,0.06819295657403315,0.07969647670652193,0.08975449613236731
101,0.4256930037670217,0.009777351233299578,0.01078644930606294,0.012858515010822706,0.015901015842316672,0.019522090143049006,0.0248526304447691,0.031812208365572345,0.03792041293999851,0.043761281973615264,0.054206580971914636,0.07099215358833344,0.08536572043665605
102,0.5857298520410396,0.01068042634041301,0.01212969617696092,0.014701908946058037,0.018385122531706058,0.023189418615194968,0.0298096503428439,0.0367289614838196,0.04171149680870309,0.04849172453412545,0.060317504459354784,0.0775158268990978,0.09268441670787624
103,0.34672909503900234,0.00768481154064923,0.009035675781625048,0.011328341698820098,0.013594544133099207,0.016488022641384326,0.021357227569216965,0.027961417455268447,0.03543780120065602,0.04517963231245625,0.05442319077284888,0.0587396314591532,0.06037226753738645
104,0.603843781698231,0.013669974733325402,0.015527064438473692,0.018924180305187607,0.024036099178560207,0.02993538324970183,0.0356094238028217,0.042759148494084395,0.05144773709249588,0.06189078330929704,0.0772928798625847,0.09213269381150696,0.1001079650552939
105,0.4804738552411868,0.009887724852783596,0.010455912042376484,0.011600362936118706,0.014177646838624335,0.018559167036261003,0.023999960610216628,0.03147088930877797,0.041105026718318546,0.05007998351673541,0.0598030771625606,0.06752044979853222,0.07133979917869451
106,0.29738538141265236,0.010161884549153087,0.012538380999619231,0.015428520578564964,0.01819380846313636,0.021212937025114877,0.025079435299527907,0.03188936294847987,0.04215203950487295,0.05219730816158655,0.06003375948598074,0.06832810363706576,0.07509215165458999
107,0.41908666115005416,0.009194234472109425,0.010635721258206707,0.012778140047535745,0.015665487738030188,0.019423057080467952,0.02456106104898844,0.030773605494913495,0.037016851178498344,0.04440702206752253,0.05230182660437668,0.057117444074493706,0.05721529252460037
108,0.4251857719713459,0.010837233274935557,0.012669424925279487,0.015882707304291435,0.020397083114467446,0.02466308940105226,0.0292536101620925,0.03558918453076655,0.04293107659476843,0.05134589897636708,0.06239807894705878,0.07932866154016394,0.09579369481850016
109,0.19029296718634414,0.00896334168912898,0.009685699807173152,0.011579652496351114,0.014176053529908169,0.01682128327554251,0.01952745128778356,0.02239454198368509,0.02730635842324686,0.03390373604835345,0.041424184167596786,0.0503068192634932,0.05705190366876278
110,0.9342081703903669,0.016026152465275945,0.019074356660843683,0.021705720388599643,0.025436554306241546,0.03342360050948229,0.04223020358398294,0.048290785593998145,0.05351049968267528,0.06146025985525769,0.0736931103054391,0.08724559902500054,0.09553136275140833
111,0.06979215293459347,0.008931593237723636,0.010657020042868604,0.01331485294890906,0.015449582689586145,0.01673486907489337,0.018824899079142754,0.024894565280508853,0.03364146318272161,0.040613301206807575,0.04824163735095134,0.059898769903470456,0.0707846254895961
112,0.862423238941153,0.012761670882518561,0.014360681593333476,0.017532279784667322,0.023440564792460365,0.03149634585508068,0.03910096067489382,0.047308236661345704,0.05831647460781601,0.06950831322048864,0.07892614601321421,0.08604452062517395,0.09075508734028928
113,0.4951595732327787,0.010146584637385558,0.011153928544141505,0.013351911351602814,0.017049993649688445,0.021775411221137304,0.027004727933192314,0.033426241239794416,0.042091552290729556,0.05357798065306214,0.06931048596334864,0.0896019994753341,0.10516302919442935
114,0.5637885502403184,0.011596966204565268,0.012920425045960271,0.015558496141371007,0.01945338270074956,0.02407518283545245,0.030404932221909903,0.040037201576843776,0.051274948790819966,0.06548664889462266,0.08225515013768472,0.09643557902122449,0.10697544540315493
115,0.7255261455850317,0.01264293407834358,0.014237106895881403,0.01710930865791819,0.02124166878889868,0.027600661624626703,0.034794208099663576,0.041951834347847494,0.05039043962971755,0.061483976487976724,0.07250318873049515,0.08223048860424297,0.08983982508002904
116,0.577593453074708,0.010227156658102053,0.011844913631640603,0.014743728403697937,0.018358027230397228,0.02316823146050157,0.029600024023858133,0.036631926898328324,0.045737880763071226,0.058276399755599756,0.07252304937683768,0.08665838412602733,0.09466617510783557
117,0.5771124790217305,0.016208687467303785,0.01883475252064756,0.022114695747893,0.025251414940978677,0.029898417656589373,0.03639287308518084,0.04437088485224907,0.054580591810275955,0.06592367079469463,0.07709403712816554,0.0844867323904457,0.08881760057993487
118,0.5948416650902025,0.01044927022523249,0.01150292556178718,0.013136995103541788,0.015633080261751614,0.019940161883074015,0.02724580460773874,0.036331078856028515,0.04432888334880741,0.051821702852282166,0.05892345033852166,0.06594386513484157,0.0716017561853672
119,0.47945450835536374,0.013226007765636913,0.015101315245074954,0.018186792989205003,0.021999153937463017,0.02660981228212252,0.03166136142936868,0.03764831778766685,0.046983742216284846,0.058686157571981465,0.07014471890088206,0.08311240919900402,0.0957427747778738
120,0.5616997565099989,0.015069743916112894,0.016856784245766494,0.01916944936750764,0.022651736982759265,0.02758755440690264,0.033567834565362206,0.04250390202735643,0.05339447871885482,0.06441384172145578,0.07631851365288499,0.08729966241625348,0.09482034413262955
121,0.4258411223876271,0.01124516476822347,0.012671933196862932,0.015120384718966606,0.018409041691303956,0.022640289995685257,0.027348569749207144,0.0326856158828726,0.03880340814245008,0.0448669675687603,0.053898405505472945,0.06803081884807315,0.07927939993212157
122,0.7178487288192494,0.012286064678173947,0.013400638365083624,0.015854859704588366,0.020239939405579672,0.026599222976106396,0.03370019043988092,0.04082785968632707,0.050496660969054516,0.060374257400848355,0.06648311932522315,0.07643619401683248,0.08932663405794253
123,0.7267933808137202,0.01410527706794907,0.01615368596568024,0.019306366235056154,0.022834041458469182,0.02779808510174326,0.036308189452241554,0.04563542830544316,0.05537441254886509,0.07002692776881789,0.08719081964141262,0.09955239582003406,0.10545796037787748
124,0.5668954782325581,0.008671311096350949,0.009831621725297229,0.011292649698424927,0.01351049926628584,0.017877724254075023,0.024772873825587273,0.03198902196684198,0.03592807859497933,0.03840979544423453,0.04666268664004219,0.058098027148429626,0.06289160777534854
125,0.5318519755839032,0.00870055538136907,0.009719166274496042,0.012122584962176757,0.016171422433597055,0.021574827825864614,0.026862958459699084,0.03159601977650574,0.03761740191923015,0.043834011610345204,0.04718371241950113,0.052385991213002754,0.06082109131395601
126,0.5237355659559803,0.011832433925490618,0.01367734857761083,0.01581364488684261,0.0182561067704297,0.022719314462478657,0.028703109137168822,0.035589286266027795,0.043871954879520635,0.053228350952620566,0.06342010386934117,0.07139727628149628,0.07559363409353642
127,0.1435086985490442,0.00828634580048756,0.009149628603652099,0.010636893270749844,0.012508875687982115,0.014528581524967464,0.017134773481083537,0.022283814052476508,0.030760168106725702,0.03710913095094045,0.04002959501543529,0.04552461806145583,0.05006039595686411
128,0.5265326713545778,0.00837627970734705,0.008949194783595682,0.010298496823725346,0.012657120917108789,0.016902500325253617,0.02327585367051327,0.030944920580241703,0.039103754338433064,0.0466540031398546,0.05159552074935478,0.054263500192794065,0.05460705989998314
129,0.9467595132244104,0.013897768826786975,0.015928038545741412,0.020079248210016165,0.025997518281206118,0.033831569282104824,0.042907447748991856,0.05319002403812347,0.06360041894411594,0.07439829332058734,0.0858414329097294,0.09889658152548908,0.11021370964915873
130,0.7329322465924272,0.01290828388272091,0.0138857502258719,0.01563469448530037,0.019194691364115588,0.025599285802905644,0.03287530931881428,0.03993070487730809,0.04901273537700783,0.059827572711164415,0.07161035947363797,0.0851812588605669,0.0972239690052015
131,0.3248534243603942,0.008583148857697433,0.009388801174549138,0.01052551245171776,0.01314192256697817,0.017177420225217704,0.020619546669964465,0.024206978487866043,0.028989339181462685,0.03436495836171469,0.04145605986818465,0.05161460931288414,0.061341959252019546
132,0.5382722110087368,0.009602620056985409,0.010795516816321307,0.013104133666693512,0.016081423571794255,0.020423071829155807,0.026840184850520768,0.033658508576498165,0.03843845388495511,0.04488753744740345,0.054100466620901635,0.06118068400729271,0.0649258602099394
133,0.8696501335912546,0.01603669906579809,0.018828849967835935,0.02166477617325585,0.02497115783778426,0.03178210342078437,0.04068597600354164,0.05051819386406395,0.061028954258205474,0.07061900728500395,0.08282968881750966,0.09595925104107196,0.10154970123950385
134,0.29445500494318744,0.010914633294039819,0.012990120412821115,0.01669068270229588,0.020809476848305062,0.023987628380973812,0.02763968604315315,0.03506116700964096,0.04537651845279467,0.05243127751126852,0.05729036322208453,0.06387025486244344,0.06793819126017907
135,0.5867305982820975,0.012135100379383942,0.014464612654505795,0.01738298683954502,0.020638999966929222,0.02542000253803244,0.03206376091500699,0.03976404754640615,0.047264982907298435,0.05481317856936935,0.0615224212396953,0.0681782367279955,0.07487731074147291
136,0.793907068726885,0.016352466572583622,0.01905274372916866,0.02349550580597961,0.027884450718781855,0.03331453464020975,0.04240568470121732,0.052264798478476926,0.060246289408930474,0.06813539004325639,0.0782938460135956,0.08962552438190738,0.09815953473666164
137,0.6032361746287942,0.011710792427530287,0.014035144162902777,0.018114314207601616,0.023156473165104836,0.029083193623543502,0.03478808020117084,0.03932967379418349,0.04773874800430894,0.06012869791775651,0.07038681156158194,0.07790468161044664,0.08195672265720193
138,0.3927509935876804,0.00949501882471437,0.010686090624341726,0.013345163689996362,0.017449223149297914,0.02172389454761829,0.025825265341262137,0.03248323667559823,0.04186343798389422,0.05060359733567617,0.06278093260369136,0.07906778691071399,0.08897122410806707
139,0.6235998721719475,0.011489521381349621,0.012876763779051618,0.015578428376998639,0.02045368584935308,0.02692645142713858,0.032439489528445414,0.03732294022344027,0.04516366243640671,0.05605087247434423,0.0683001980902388,0.07829977029165792,0.08368795973131868
140,0.5265693390608814,0.01000238436819359,0.01125182620302237,0.013371637000581839,0.016829108695550432,0.0221876951339426,0.02742935112474572,0.03091420674487707,0.03590489720307703,0.04377985084790523,0.049839043544785355,0.05382506598436929,0.05684442032843665
141,0.3455061070500794,0.009953025089732566,0.011667737834592833,0.014397687530931243,0.018062274521735512,0.022039984467593768,0.0257021696436047,0.03078517092364199,0.03914203740205348,0.05118177163435223,0.06450582455798169,0.07440160239360268,0.0782248165642799
142,0.677156820501565,0.012471495870268186,0.015083576822634098,0.018463375846988015,0.021750807816030428,0.02641445893067672,0.03462726942298401,0.041373595597119756,0.04495244788090269,0.048579751681771796,0.05454034058887039,0.06474337555541593,0.07475591424274824
143,0.578435318387159,0.012069527708473811,0.01468341890024625,0.01868117974285543,0.023126141819638145,0.028670098340883167,0.034332658852753765,0.040341375580690786,0.049542631894220285,0.06178570564352585,0.07359805310448228,0.08408238115303465,0.09485605802842635
144,0.48461682400899664,0.011691351096425228,0.013619152662540775,0.017981079365931886,0.023164337581876852,0.027501412502114565,0.03291062659015476,0.03961744957519358,0.04745316951280199,0.059220925723300726,0.07141564525875496,0.08120728526693977,0.08652525717165721
145,0.6093709432979323,0.012705631986580965,0.014678371002965636,0.01867157750741963,0.02389759040125568,0.029572824484068,0.03560736350642741,0.04165585781703052,0.05025574444520961,0.06025623706890729,0.06854986195716006,0.07911608224288602,0.0911867037339353
146,0.9999991599563717,0.01507724070418554,0.016009823947036754,0.019212375818233332,0.02524707972289053,0.033018568208461586,0.0430014788881655,0.05481633246390737,0.06538357534489847,0.0748350716820614,0.0861491114852086,0.09857178272279109,0.10662627696087779
147,0.91076681210269,0.012815164070488841,0.015421471802594441,0.019871603193033553,0.026153885260592633,0.03385834878495546,0.04254536509866873,0.05184537355435682,0.060396697675993344,0.06774088851917452,0.07856947693275687,0.09059466423581279,0.09672552241003357
148,0.3030714897818055,0.00816320686428361,0.00952388055627586,0.01241888906050052,0.015117943092536359,0.01780638508900357,0.022208872328909758,0.027517558560454562,0.03336219137687246,0.04039755624267512,0.04795331502769429,0.05464919267442725,0.05703485528021282
149,0.565412840595478,0.00977720331053471,0.010848353948859623,0.013616594203329453,0.01781461179378912,0.022891659433739962,0.02896176905674247,0.03526133698524489,0.04272670042589502,0.04981861675824941,0.055368550024429176,0.0648302469264905,0.07558435713269568
150,0.9732934306680779,0.012203440105213785,0.014892952465855175,0.01862938362543031,0.023229526688676415,0.030417500786385228,0.04063251240006014,0.051514228859028094,0.06093552554437437,0.06847197949133474,0.07639659743697462,0.08875505910724063,0.09834437041250339
151,0.6960347200903152,0.010612907891202068,0.01352822187820882,0.018346908987461753,0.024142669376206793,0.030759889584383977,0.0372068282242793,0.043487257882387956,0.05108054402077233,0.062125260738188595,0.0735037816147989,0.08338741537129456,0.09066446827696881
152,0.8201294786960713,0.014397974364078574,0.017239896668557117,0.021309533831995263,0.026352998544659625,0.03286327685013665,0.041280003473677385,0.05174436385375541,0.06242533381511918,0.07226581057357508,0.08307565974808426,0.0933698859378217,0.09950859567187309
153,0.6331803879074357,0.012015682123601691,0.014063327213318162,0.018724166677339445,0.02488621369906321,0.030440530826063898,0.03697605617148654,0.04462252263276362,0.05254927297205582,0.06151681813050146,0.06889943206412744,0.0746076542000481,0.07896755405886141
154,0.7217889714615566,0.010854870594807733,0.012650342904635806,0.015084961304472268,0.018374948403328786,0.024094938173600013,0.03195860028751461,0.039948746091381285,0.046266829230512244,0.052908015204976955,0.06202840774822235,0.06998122263810852,0.07245068152100353
155,0.3760278058214006,0.009506535544841356,0.010809219430501185,0.013632671222041395,0.017205756761857934,0.020851037885345626,0.025351710658436763,0.03254363109584894,0.0425262279030835,0.051489153038146204,0.05876773941910807,0.06658282607995711,0.07432323455057552
156,0.7611565643831615,0.011009724162220503,0.011787724166368016,0.013584438942000844,0.017169483251125266,0.023776160177788795,0.03137400096975679,0.03775996789098493,0.04427778314798807,0.05146807969411712,0.06161706788878345,0.07543414980057266,0.08766449683137047
157,0.8993439802031817,0.00861021665802627,0.00989244657429757,0.012397305877077318,0.016740205612021934,0.02367649496830393,0.03313211594561375,0.042711958591874405,0.049974574541867114,0.05553276222193138,0.06229933556399718,0.0717454241410923,0.0782230567397943
158,0.5838320018899773,0.010899270226330006,0.013242704803373605,0.016897395439548928,0.021143400468698753,0.02633903953774607,0.03247653412831701,0.03896940421596965,0.04643867263955674,0.056305347383143176,0.06741793401941693,0.08246138151238623,0.09612686434346163
159,0.36720883650228786,0.012044549700702283,0.012864866150634193,0.014480692836807339,0.01667881349205822,0.019613962030801242,0.02476243861546583,0.031685671277298634,0.03749188197062653,0.04181296012086929,0.046277649910238694,0.05120893152053728,0.054795531091909204
160,0.17421662532408003,0.007995696150868332,0.00846263608637516,0.009737838616757062,0.01128792659458242,0.013202022427068432,0.016511113503997612,0.020586896412515564,0.022972585283430054,0.022701919643604716,0.0234540204617866,0.027318789592962398,0.03179419625169269
161,0.3226345512373636,0.010698490982140629,0.011459159673412588,0.013287421282976136,0.015418979432693915,0.018312713793563813,0.022775324167053183,0.027997988447110378,0.035796400239214377,0.04574641374840978,0.05437304774147217,0.060846375908457234,0.06405691535272658
162,0.19656895758598716,0.008326894106704036,0.008825921728888428,0.009612466565417345,0.01099563891566067,0.013398978193529212,0.016520077136306377,0.019689088394919126,0.023241847345241477,0.027642667649551464,0.03313361118712624,0.04080745113048251,0.047036126876942336
163,0.2962000192666731,0.009399856698020608,0.010276598607899118,0.0119826798896428,0.014043874271346055,0.016927759806467987,0.021053804937137075,0.025231698564091687,0.030444850232032077,0.03705772223340211,0.043944237962355324,0.05105596310665797,0.05652967163966516
164,0.13146298480514718,0.00978789712245176,0.011096404343869017,0.012721806512331381,0.013995490884460057,0.015798121025264074,0.01842032594214337,0.02154322441282553,0.02621870740450625,0.03392832404795,0.042819419801203726,0.048430313905117414,0.05100919536710822
165,0.1475886192296454,0.011591979261112193,0.012973441925268715,0.01479088428352373,0.017170181736810328,0.019493337450590925,0.021800021735568647,0.026499144851521418,0.03303614477186138,0.03809436270025871,0.042324172313238345,0.04857858360843341,0.05704518125924811
166,0.393789452339884,0.009022590147528077,0.010257172503270361,0.01132750703705377,0.012238966669725458,0.015175328044401871,0.020808122186599692,0.026721719926834385,0.03260494650866591,0.03860733591770928,0.04210955288007774,0.04685149413541467,0.05395475122220597
167,0.32445005111815783,0.009205952436352572,0.010391526275899239,0.012477157864747198,0.014933545142447777,0.01791707269909509,0.022357067882621436,0.02911215714627286,0.03652558506163803,0.0422475754002634,0.04711288317683113,0.05230156498925832,0.056058937565598585
168,0.15862325221631932,0.00888213920835313,0.009647946089112932,0.01107341358136173,0.013393668455775918,0.01598148426197245,0.01830448269540272,0.02140361508982254,0.02585193457105158,0.030398214428875543,0.034225661320306806,0.03654596239533415,0.03557352918468179
169,0.513385631920301,0.007701227836974231,0.008750724859525385,0.010894855273374093,0.0140048012714073,0.018734156481228722,0.02449031286897526,0.029413794089446818,0.031832652244825704,0.03226217997092988,0.035286224822404025,0.04226889825155655,0.04884735151653154
170,0.2894755553194145,0.012351617988841154,0.01476017117763365,0.01848441531894155,0.02141544758830896,0.02411227408442665,0.02818994636943584,0.03410873013416112,0.041916097858263154,0.04849167147522103,0.05360476596913606,0.058338698067481674,0.06108513832712355
171,0.2882931300455256,0.00986332361819208,0.011014690411436233,0.012906654576342814,0.01532918470978906,0.018537996214846447,0.022214095427557402,0.026151586576948757,0.03080225628177046,0.03639802135200332,0.04196155183002419,0.04773499872273144,0.053367691560409075
172,0.17619739449623645,0.009128816078792566,0.009924010334662397,0.01135918681412239,0.013390892443013383,0.015802504878872338,0.01852189842686349,0.021452550850573616,0.02657723403449076,0.03560015156679404,0.04513804715693411,0.0503294604908182,0.050531657180472964
173,0.16633876899572955,0.010077576202260418,0.010547436439492783,0.01165990724492142,0.013787870787379421,0.01645793753006776,0.01880189897899321,0.021847234600240593,0.02674240478475349,0.03097737812598657,0.03383586789521344,0.03930696954268731,0.0455729024833882
174,0.14893756889952714,0.009663060415839322,0.010959275520761626,0.012683437094908115,0.014534702602029737,0.016836625025227193,0.019265475478437193,0.021303898982789744,0.024398607162458653,0.029472008039761213,0.03511345218148669,0.042201896851334256,0.04972140679881243
175,0.004984228953839334,0.0070819240442111225,0.007273489593494923,0.007708077402941123,0.008370481002782882,0.00945265333049954,0.010949341848029658,0.013002005838548027,0.01625419385331773,0.02061827187442217,0.025159215343685308,0.029553392155007185,0.033230799866906496
176,0.37290229845721057,0.01010420366585826,0.011326453660763609,0.01351486792335102,0.016132753546581127,0.01926485462207214,0.024322876834818215,0.030079209055797196,0.03440873721072812,0.03808786451261997,0.043601343292969746,0.053639052266661755,0.06038957827957371
177,0.21218060905416294,0.0075724581084574945,0.008018275783128994,0.008748258702800205,0.010012448272946159,0.012350087962235454,0.015794980083256027,0.019600250718654337,0.023976640820977894,0.029619409255500873,0.034726800837293695,0.03789978414041611,0.04039855403228148
178,0.26002695982681995,0.0108822908477575,0.012111557150524132,0.013770898758358865,0.015629098881411063,0.018109524806814457,0.022064249484315006,0.02829679533951575,0.03410169468128782,0.038133245549367506,0.04162254464567951,0.04401902098486355,0.04420779681882281
179,0.2956663691289773,0.010931563833029175,0.011877974735222781,0.01413035975039837,0.017468134554364342,0.020978319708947493,0.024441571416866877,0.027575630434692872,0.030914868424922075,0.03587095602546134,0.04392327883719961,0.052563782792615664,0.05663125179397172
180,0.3020148164224879,0.011547317680725408,0.012637527881942756,0.01485895922177112,0.017790979902244403,0.02092279934740348,0.02484044751329365,0.029171338343426046,0.032491745547873395,0.038069723950728857,0.04833167108755704,0.056052103653719154,0.05790077048469932
181,0.3498884375537691,0.00967391728708985,0.010828844489272179,0.012713618415298177,0.015218630532625938,0.018810767482737287,0.023030754471354713,0.02780321594251015,0.034850983491562196,0.04360302644044356,0.05071954664363663,0.05606596320284535,0.059116629036521415
182,0.0,0.009593947041155904,0.010882891229816602,0.012394224766410236,0.014141187734076134,0.015680539757609944,0.01650702911652756,0.01912726183614371,0.025266463628798204,0.032820148417237974,0.038950914617892365,0.043494850349366385,0.046076438940862434
183,0.4538832212179306,0.010906217191925194,0.011939779149338714,0.01366786289795548,0.01645375395622034,0.020878189845729894,0.025892258284756053,0.030502626696807464,0.03608777329920305,0.04333566688296441,0.05013490787965136,0.057349290656532624,0.06477475018199234
184,0.34395722972306664,0.010510756799151939,0.012592838967672793,0.01519740998206787,0.0171429531332056,0.02001377933096008,0.02484178963053274,0.03082399899782741,0.036690538707902856,0.04226941215066692,0.04915006763176048,0.05660554893983389,0.060250649318161015
185,0.282163592326073,0.009706989149601733,0.011036630231344803,0.012777358794989077,0.01459365387836297,0.017418211920379928,0.021394840284337156,0.02555917594685253,0.030274388299781768,0.03609569757171245,0.042005648693531426,0.0457393949945826,0.047885189721703046
186,0.2263176312459511,0.01119126493144741,0.011881945865501535,0.012934696992862663,0.01468851230940722,0.017638499059101642,0.020596582281353033,0.02413696723607982,0.02942013219739666,0.035056884033101185,0.041593301312099165,0.048992354529242166,0.055202192585740835
187,0.4418343885932648,0.013077078614204887,0.014799998291307095,0.017292581499105293,0.020633500609203426,0.02511216390618782,0.029792189684635293,0.03423974733152013,0.040735081788011024,0.050117679252730515,0.05958096146974315,0.06762560752255617,0.07244212797951312
188,0.11128813102058385,0.010501012863370005,0.011956319852228722,0.013399781102165742,0.014908571901265332,0.01671673751665692,0.018995215128987872,0.02239287742600268,0.028112712929119085,0.035946509281115216,0.04256215430280333,0.04914978773614215,0.05574293534475836
189,0.12650728278225049,0.009610718585692561,0.010642375468368881,0.012641089579679913,0.014688335651537796,0.016516166453143966,0.019033480038865035,0.022317072700749306,0.027380224631085227,0.03394446116265768,0.04114535888652797,0.04758162267342511,0.050717042886215286
190,0.2829862317525766,0.011424576254371746,0.013649374701848679,0.017174804877013106,0.02113734350663508,0.02514644448757187,0.02787254756052749,0.028762743233139362,0.030204421408411772,0.036398882145297906,0.04570146931607385,0.05486582731189391,0.0627256677613178
191,0.20075192332958314,0.010365059364782304,0.01154806505649696,0.01375076965498394,0.01679176855309543,0.019435937982392702,0.022233579674015513,0.027387183782687695,0.033557609284117294,0.0405214434723309,0.04990974871023196,0.058819777245428806,0.06202521106559035
192,0.3713729419236446,0.009404745790879904,0.010622394681441636,0.012458831323463319,0.014433300034868538,0.017687230065237244,0.022595279471294506,0.027668504721617942,0.03408032010309644,0.04233349478902072,0.05034596608745319,0.05599143931188947,0.05853233977358325
193,0.4138403690834018,0.009622625101911478,0.010933820496621345,0.012737441327704092,0.01478346933716005,0.01844177375234364,0.023623956143078544,0.028853102926324422,0.035288194303943754,0.043004161508502156,0.04755814386262396,0.051005857030815845,0.05639104395256046
194,0.11218183976472168,0.009665774672908488,0.011131395024832257,0.012920385088467698,0.014941484221533664,0.017161277875097185,0.01907307961903565,0.021085938556422355,0.025860976949348802,0.03267319130245311,0.038771305292142275,0.04410133955359709,0.048703595433905025
