node,gnn_score
0,0.276377409696579
1,0.7359087467193604
2,0.3543568253517151
3,0.45364072918891907
4,0.3084123730659485
5,0.5335133075714111
6,0.292493999004364
7,0.4346885681152344
8,0.5106390118598938
9,0.4006364941596985
10,0.7485599517822266
11,0.23727279901504517
12,0.7530789971351624
13,0.7356846928596497
14,0.3537113666534424
15,0.35631442070007324
16,0.8382480144500732
17,0.4911113977432251
18,0.6427351832389832
19,0.6063675284385681
20,0.42170238494873047
21,0.3859027624130249
22,0.5392548441886902
23,0.4357195794582367
24,0.4923737645149231
25,0.73385089635849
26,0.5009148716926575
27,0.818282961845398
28,0.7063025832176208
29,0.7923245429992676
30,0.799902081489563
31,0.8118823766708374
32,0.5579911470413208
33,0.6246841549873352
34,0.3977578580379486
35,0.27968114614486694
36,0.32915669679641724
37,0.32868823409080505
38,0.5175786018371582
39,0.57647305727005
40,0.7363171577453613
41,0.3301326632499695
42,0.6849079728126526
43,0.8172653913497925
44,0.5129507780075073
45,0.33484187722206116
46,0.3677087128162384
47,0.3255521059036255
48,0.6839075684547424
49,0.5952646136283875
50,0.4157630503177643
51,0.8033294081687927
52,0.7435911297798157
53,0.5176828503608704
54,0.5453387498855591
55,0.7464828491210938
56,0.5541152954101562
57,0.42655038833618164
58,0.4768798351287842
59,0.8268688917160034
60,0.4470842182636261
61,0.6780938506126404
62,0.6142071485519409
63,0.24091342091560364
64,0.41091489791870117
65,0.520868718624115
66,0.5428224205970764
67,0.3483235836029053
68,0.37243643403053284
69,0.4937591254711151
70,0.6807990670204163
71,0.40578874945640564
72,0.5971645712852478
73,0.4838067591190338
74,0.34005624055862427
75,0.5801254510879517
76,0.5349826812744141
77,0.5351588129997253
78,0.6045803427696228
79,0.7182635068893433
80,0.5240017771720886
81,0.5758888721466064
82,0.41996246576309204
83,0.7247582077980042
84,0.655137836933136
85,0.24224570393562317
86,0.3175260126590729
87,0.45010924339294434
88,0.4899861514568329
89,0.24163010716438293
90,0.42682433128356934
91,0.5006380081176758
92,0.6973950862884521
93,0.3810306787490845
94,0.38545525074005127
95,0.7643866539001465
96,0.5606045126914978
97,0.5261357426643372
98,0.6858052015304565
99,0.639792799949646
100,0.49621161818504333
101,0.5660157799720764
102,0.44854819774627686
103,0.40178510546684265
104,0.5824418067932129
105,0.42271292209625244
106,0.6282311081886292
107,0.5352977514266968
108,0.544221043586731
109,0.369104266166687
110,0.6911567449569702
111,0.2754656970500946
112,0.24067972600460052
113,0.7572486400604248
114,0.4963948130607605
115,0.5673162341117859
116,0.2868979573249817
117,0.23990508913993835
118,0.5063512921333313
119,0.5426680445671082
120,0.4543718993663788
121,0.35886499285697937
122,0.6613042950630188
123,0.49918311834335327
124,0.49924302101135254
125,0.3245772421360016
126,0.4566679000854492
127,0.2975597083568573
128,0.4612291157245636
129,0.28978559374809265
130,0.6743630170822144
131,0.7567024230957031
132,0.5274075865745544
133,0.1964745968580246
134,0.5178436636924744
135,0.5810080766677856
136,0.8080517053604126
137,0.8102413415908813
138,0.8002063035964966
139,0.4887745678424835
140,0.25721248984336853
141,0.4677099287509918
142,0.6988722681999207
143,0.31715714931488037
144,0.8098124265670776
145,0.26524806022644043
146,0.3533439636230469
147,0.7934620380401611
148,0.5911555290222168
149,0.447218656539917
150,0.7587029337882996
151,0.794787585735321
152,0.7828752994537354
153,0.78969806432724
154,0.818443238735199
155,0.6205575466156006
156,0.5200566053390503
157,0.6560343503952026
158,0.7779213786125183
159,0.48888716101646423
160,0.4442813992500305
161,0.33625659346580505
162,0.6021348237991333
163,0.3125609755516052
164,0.31575751304626465
165,0.30196094512939453
166,0.46708422899246216
167,0.6940648555755615
168,0.5389835834503174
169,0.5914803147315979
170,0.5659052729606628
171,0.29226037859916687
172,0.560124933719635
173,0.442826509475708
174,0.30774742364883423
175,0.2904806137084961
176,0.40770551562309265
177,0.5617840886116028
178,0.5136062502861023
179,0.5132741332054138
180,0.7320281267166138
181,0.7994130253791809
182,0.3481653928756714
183,0.29074662923812866
184,0.6889727711677551
185,0.3122648298740387
186,0.7197778224945068
187,0.3149060010910034
188,0.5547698736190796
189,0.6413319110870361
190,0.5287486910820007
191,0.5288808345794678
192,0.377900093793869
193,0.6086646318435669
194,0.45948970317840576
195,0.28101521730422974
196,0.7657526731491089
197,0.5259395837783813
198,0.2787269055843353
199,0.5824903845787048
200,0.5182643532752991
201,0.2567406892776489
202,0.6459688544273376
203,0.5419420599937439
204,0.651016116142273
205,0.34427374601364136
206,0.2897237241268158
207,0.7237834334373474
208,0.3464745879173279
209,0.3603644371032715
210,0.6436235904693604
211,0.6135226488113403
212,0.8115895986557007
213,0.6140129566192627
214,0.7017268538475037
215,0.6380746364593506
216,0.5024579763412476
217,0.7118613719940186
218,0.751084566116333
219,0.8345242142677307
220,0.7592982649803162
221,0.5572413206100464
222,0.5285126566886902
223,0.4919441044330597
224,0.4703051447868347
225,0.6154772043228149
226,0.5903361439704895
227,0.8009230494499207
228,0.43732818961143494
229,0.6505446434020996
230,0.43409091234207153
231,0.3317124843597412
232,0.6250230669975281
233,0.33227109909057617
234,0.7316159605979919
235,0.8084956407546997
236,0.20288841426372528
237,0.5164341330528259
238,0.5084266066551208
239,0.6919069886207581
240,0.8005883693695068
241,0.691861093044281
242,0.4620831310749054
243,0.521561324596405
244,0.7937626838684082
245,0.6630771160125732
246,0.44041064381599426
247,0.44860631227493286
248,0.472637414932251
249,0.2808435261249542
250,0.373276948928833
251,0.5442692041397095
252,0.6667835712432861
253,0.6262161135673523
254,0.3810766935348511
255,0.36219465732574463
256,0.7772827744483948
257,0.4544471800327301
258,0.35844680666923523
259,0.296594500541687
260,0.29633983969688416
261,0.7478218674659729
262,0.3397037982940674
263,0.5869252681732178
264,0.685896635055542
265,0.5300687551498413
266,0.7147608995437622
267,0.6205012798309326
268,0.29406243562698364
269,0.267965167760849
270,0.705100953578949
271,0.7402142882347107
272,0.5554416179656982
273,0.3140280842781067
274,0.3565536439418793
275,0.5166306495666504
276,0.4521007835865021
277,0.453133761882782
278,0.3507195711135864
279,0.49542465806007385
280,0.5096356272697449
281,0.4354234039783478
282,0.5826134085655212
283,0.5739044547080994
284,0.4491721987724304
285,0.3383648693561554
286,0.8126387000083923
287,0.277021199464798
288,0.35295766592025757
289,0.4912835657596588
290,0.6053809523582458
291,0.6930890083312988
292,0.29519009590148926
293,0.42159271240234375
294,0.43736106157302856
295,0.7596887946128845
296,0.3647518455982208
297,0.6360783576965332
298,0.28498584032058716
299,0.8203065991401672
300,0.8090404868125916
301,0.6805917620658875
302,0.3427504897117615
303,0.3269544839859009
304,0.8274695873260498
305,0.5043662786483765
306,0.29522550106048584
307,0.45222532749176025
308,0.6667501926422119
309,0.4657936692237854
310,0.5436533689498901
311,0.8432051539421082
312,0.35404032468795776
313,0.5598410964012146
314,0.5186291933059692
315,0.5486176609992981
316,0.6459935903549194
317,0.2674182057380676
318,0.4009447395801544
319,0.5870168209075928
320,0.37072014808654785
321,0.3459092974662781
322,0.4807676374912262
323,0.35501208901405334
324,0.3570944666862488
325,0.40297064185142517
326,0.4617917537689209
327,0.5039527416229248
328,0.4964618980884552
329,0.5816404223442078
330,0.4936600923538208
331,0.3187623918056488
332,0.5039681196212769
333,0.6194475293159485
334,0.4469180703163147
335,0.5161886215209961
336,0.603833019733429
337,0.7521255016326904
338,0.3207526206970215
339,0.4979400038719177
340,0.3024601638317108
341,0.30213993787765503
342,0.2953771948814392
343,0.7653562426567078
344,0.7742220163345337
345,0.47206932306289673
346,0.25556010007858276
347,0.6397372484207153
348,0.775371789932251
349,0.43703579902648926
350,0.6005539894104004
351,0.5457233786582947
352,0.3385252356529236
353,0.4728267192840576
354,0.5104319453239441
355,0.48850706219673157
356,0.31942734122276306
357,0.811613142490387
358,0.5648485422134399
359,0.43037933111190796
360,0.4810359477996826
361,0.4504575729370117
362,0.3472031354904175
363,0.18438485264778137
364,0.30242571234703064
365,0.3114447593688965
366,0.4116021990776062
367,0.5982126593589783
368,0.5315032005310059
369,0.8220821619033813
370,0.5634511709213257
371,0.2979774475097656
372,0.304841548204422
373,0.7237400412559509
374,0.5629333853721619
375,0.6808095574378967
376,0.4659663736820221
377,0.5070770978927612
378,0.4542662501335144
379,0.5380250811576843
380,0.34077978134155273
381,0.29921284317970276
382,0.5371954441070557
383,0.31842073798179626
384,0.7572431564331055
385,0.29246222972869873
386,0.4912468492984772
387,0.31272217631340027
388,0.5440570712089539
389,0.4579266905784607
390,0.7714613080024719
391,0.7889884114265442
392,0.7912080883979797
393,0.5667232871055603
394,0.6657138466835022
395,0.4730868339538574
396,0.2679303288459778
397,0.4266277849674225
398,0.7219867706298828
399,0.40102094411849976
400,0.7317522764205933
401,0.702019453048706
402,0.3980315327644348
403,0.29068994522094727
404,0.5560341477394104
405,0.5157768726348877
406,0.5380712151527405
407,0.5963265299797058
408,0.5593883991241455
409,0.8117942810058594
410,0.7808573246002197
411,0.24120092391967773
412,0.6474161744117737
413,0.5667548775672913
414,0.4134396016597748
415,0.6637771725654602
416,0.38561877608299255
417,0.556797981262207
418,0.49579572677612305
419,0.29622775316238403
420,0.35479632019996643
421,0.3312378525733948
422,0.2354373186826706
423,0.5489637851715088
424,0.7883462309837341
425,0.673067569732666
426,0.5775219798088074
427,0.4787602424621582
428,0.3613188862800598
429,0.8001008629798889
430,0.7857728600502014
431,0.7294188141822815
432,0.29047656059265137
433,0.2967904806137085
434,0.7263398766517639
435,0.5496408343315125
436,0.4390614628791809
437,0.5031555891036987
438,0.6545965671539307
439,0.44760796427726746
440,0.7581526637077332
441,0.6066077351570129
442,0.4096194803714752
443,0.5357281565666199
444,0.3079620599746704
445,0.5443307757377625
446,0.8187722563743591
447,0.6552876234054565
448,0.30561453104019165
449,0.8313855528831482
450,0.7312613129615784
451,0.6644454002380371
452,0.3144087493419647
453,0.33290615677833557
454,0.5589497685432434
455,0.34036266803741455
456,0.6389341950416565
457,0.29656457901000977
458,0.5690168738365173
459,0.34484997391700745
460,0.7654341459274292
461,0.5701723694801331
462,0.6005896925926208
463,0.34427762031555176
464,0.7997732162475586
465,0.409353643655777
466,0.31907162070274353
467,0.6077938079833984
468,0.7095727920532227
469,0.5777504444122314
470,0.36983275413513184
471,0.397583931684494
472,0.6655365824699402
473,0.3394377827644348
474,0.6652348637580872
475,0.3449523448944092
476,0.325215220451355
477,0.34799036383628845
478,0.524068295955658
479,0.6138501763343811
480,0.5230591893196106
481,0.5534327626228333
482,0.7733026742935181
483,0.484394907951355
484,0.421308696269989
485,0.682964563369751
486,0.3040332794189453
487,0.5790688991546631
488,0.8163232803344727
489,0.7863578200340271
490,0.6740530133247375
491,0.7964873909950256
492,0.3319516181945801
493,0.5109221935272217
494,0.32785564661026
495,0.7524390816688538
496,0.5699085593223572
497,0.5500577688217163
498,0.5540322065353394
499,0.37434908747673035
500,0.5865174531936646
501,0.4448792636394501
502,0.6210060119628906
503,0.34612709283828735
504,0.5726914405822754
505,0.7414268255233765
506,0.6139141321182251
507,0.34728729724884033
508,0.5204864740371704
509,0.41837531328201294
510,0.34643885493278503
511,0.5948319435119629
512,0.5794505476951599
513,0.6407192349433899
514,0.5866622924804688
515,0.5250885486602783
516,0.5103815793991089
517,0.3400002419948578
518,0.2431001216173172
519,0.4881567060947418
520,0.4678548574447632
521,0.6000301837921143
522,0.5482931733131409
523,0.8100627064704895
524,0.8352435231208801
525,0.757127046585083
526,0.5228638052940369
527,0.39203566312789917
528,0.7512878775596619
529,0.6647027730941772
530,0.4054851531982422
531,0.6078132390975952
532,0.4584663510322571
533,0.5197843909263611
534,0.44911453127861023
535,0.2970608174800873
536,0.7077910900115967
537,0.7503284811973572
538,0.7441319227218628
539,0.29562604427337646
540,0.6935699582099915
541,0.5387084484100342
542,0.7159630060195923
543,0.6643826961517334
544,0.8167487978935242
545,0.6096447706222534
546,0.550269603729248
547,0.5034381747245789
548,0.4272919297218323
549,0.6738495826721191
550,0.518367350101471
551,0.3943655490875244
552,0.6125086545944214
553,0.5852655172348022
554,0.8084803819656372
555,0.34268271923065186
556,0.5989100337028503
557,0.43382272124290466
558,0.6097899675369263
559,0.6038387417793274
560,0.6059392094612122
561,0.5631222128868103
562,0.6058918833732605
563,0.367948442697525
564,0.506508469581604
565,0.38364335894584656
566,0.2643188238143921
567,0.33667492866516113
568,0.5681617259979248
569,0.49608054757118225
570,0.531469464302063
571,0.4649888575077057
572,0.6278029084205627
573,0.4910257160663605
574,0.6487913131713867
575,0.2822824716567993
576,0.3282598853111267
577,0.7075613141059875
578,0.2821739912033081
579,0.6391135454177856
580,0.828069806098938
581,0.8008215427398682
582,0.6888532638549805
583,0.704541802406311
584,0.24611704051494598
585,0.7548326253890991
586,0.593608021736145
587,0.3454683721065521
588,0.39433032274246216
589,0.6342518329620361
590,0.2922358810901642
591,0.4204481840133667
592,0.4698980450630188
593,0.4737513065338135
594,0.5134320259094238
595,0.3061579167842865
596,0.5006146430969238
597,0.6641246676445007
598,0.4244418442249298
599,0.38861536979675293
600,0.3685842752456665
601,0.7393704652786255
602,0.30672794580459595
603,0.5161576867103577
604,0.6480852365493774
605,0.5573570132255554
606,0.3367064297199249
607,0.4686659276485443
608,0.2677355408668518
609,0.5769751667976379
610,0.8328352570533752
611,0.3576573431491852
612,0.5672059059143066
613,0.3289742171764374
614,0.6186789870262146
615,0.2410968542098999
616,0.826312780380249
617,0.4486318528652191
618,0.6073055267333984
619,0.31416019797325134
620,0.3585737347602844
621,0.7801705598831177
622,0.30226272344589233
623,0.5238543748855591
624,0.5457682609558105
625,0.5299704074859619
626,0.4729588031768799
627,0.798290491104126
628,0.5689842700958252
629,0.33537760376930237
630,0.26366540789604187
631,0.6904831528663635
632,0.5470777750015259
633,0.3125160336494446
634,0.3506416380405426
635,0.6166471242904663
636,0.5556958317756653
637,0.23837611079216003
638,0.7363107800483704
639,0.36126336455345154
640,0.30197378993034363
641,0.6957324743270874
642,0.5994426012039185
643,0.7729532718658447
644,0.5688198208808899
645,0.5206814408302307
646,0.3179846704006195
647,0.6625841856002808
648,0.657846987247467
649,0.4309929609298706
650,0.3701680302619934
651,0.30770984292030334
652,0.27526432275772095
653,0.31935739517211914
654,0.4063282608985901
655,0.7995040416717529
656,0.3442496657371521
657,0.2697368860244751
658,0.5112009048461914
659,0.35018742084503174
660,0.41050806641578674
661,0.5168039798736572
662,0.5189245343208313
663,0.48259955644607544
664,0.6762461066246033
665,0.39429253339767456
666,0.5732411742210388
667,0.5024625062942505
668,0.5113543272018433
669,0.6445018649101257
670,0.6068553924560547
671,0.7755128145217896
672,0.4221516251564026
673,0.3122705817222595
674,0.7950074076652527
675,0.4568171501159668
676,0.6695388555526733
677,0.5355443954467773
678,0.46080273389816284
679,0.2897096276283264
680,0.7788495421409607
681,0.4503823518753052
682,0.4164749085903168
683,0.5126034021377563
684,0.5175349712371826
685,0.8247250914573669
686,0.3988654613494873
687,0.792579710483551
688,0.34718844294548035
689,0.6933530569076538
690,0.47775545716285706
691,0.2970063388347626
692,0.5850338339805603
693,0.2613947093486786
694,0.43234238028526306
695,0.32391589879989624
696,0.4506136178970337
697,0.6454610824584961
698,0.3637502193450928
699,0.6872601509094238
700,0.641969621181488
701,0.5464103817939758
702,0.476514995098114
703,0.6636454463005066
704,0.3233048617839813
705,0.5064818859100342
706,0.3226413130760193
707,0.6001749038696289
708,0.3913109600543976
709,0.7969202995300293
710,0.597160816192627
711,0.5999370813369751
712,0.31331026554107666
713,0.7618997097015381
714,0.3076448440551758
715,0.5999283194541931
716,0.5344432592391968
717,0.5517029166221619
718,0.5345441699028015
719,0.5584756135940552
720,0.45042097568511963
721,0.4172731041908264
722,0.4263211488723755
723,0.5859314799308777
724,0.41500186920166016
725,0.3047090172767639
726,0.2792911231517792
727,0.3995093107223511
728,0.4802832007408142
729,0.24282798171043396
730,0.520461916923523
731,0.5792416334152222
732,0.48060232400894165
733,0.374422550201416
734,0.4774591326713562
735,0.4686531722545624
736,0.47754502296447754
737,0.4798614978790283
738,0.7511594891548157
739,0.5759446024894714
740,0.7189366817474365
741,0.4723711609840393
742,0.6134766340255737
743,0.5163622498512268
744,0.28200623393058777
745,0.5975853204727173
746,0.29661279916763306
747,0.3046719431877136
748,0.4016197919845581
749,0.8182920217514038
750,0.2548478841781616
751,0.34893330931663513
752,0.3481507897377014
753,0.3182816803455353
754,0.4746009111404419
755,0.5040807127952576
756,0.24552442133426666
757,0.3040725886821747
758,0.516719400882721
759,0.4239441752433777
760,0.2815553545951843
761,0.5255200266838074
762,0.7525718808174133
763,0.5556542277336121
764,0.7660747170448303
765,0.6820391416549683
766,0.3947323262691498
767,0.7836396098136902
768,0.5233524441719055
769,0.7787066698074341
770,0.5892459750175476
771,0.5646873712539673
772,0.5776774883270264
773,0.4422679543495178
774,0.6199077367782593
775,0.5669435262680054
776,0.35191333293914795
777,0.6665672659873962
778,0.5504043698310852
779,0.35194411873817444
780,0.29843375086784363
781,0.33574292063713074
782,0.3316173255443573
783,0.26496437191963196
784,0.7053189873695374
785,0.36266446113586426
786,0.5486710071563721
787,0.37106770277023315
788,0.5966622233390808
789,0.3881646394729614
790,0.8109484910964966
791,0.44135141372680664
792,0.5143874883651733
793,0.7836010456085205
794,0.5175197124481201
795,0.2871856093406677
796,0.35857853293418884
797,0.4305270314216614
798,0.34036019444465637
799,0.7164043188095093
800,0.3711361587047577
801,0.8306872844696045
802,0.7317816019058228
803,0.6047942042350769
804,0.31841152906417847
805,0.4594687819480896
806,0.6032992601394653
807,0.5925316214561462
808,0.47456178069114685
809,0.557185709476471
810,0.7097965478897095
811,0.2751721441745758
812,0.6610428690910339
813,0.6765819787979126
814,0.37172311544418335
815,0.3308168649673462
816,0.6995142698287964
817,0.25750866532325745
818,0.5269657969474792
819,0.5242939591407776
820,0.40121155977249146
821,0.6622622013092041
822,0.5383474230766296
823,0.4571082890033722
824,0.47012609243392944
825,0.38389816880226135
826,0.46848392486572266
827,0.49519044160842896
828,0.8233455419540405
829,0.3781372904777527
830,0.3875473737716675
831,0.7208982706069946
832,0.5496387481689453
833,0.27063632011413574
834,0.2911538779735565
835,0.5711824893951416
836,0.33736076951026917
837,0.5648565292358398
838,0.7990337610244751
839,0.2371920943260193
840,0.808560848236084
841,0.6792254447937012
842,0.29907190799713135
843,0.443573534488678
844,0.5029939413070679
845,0.31543928384780884
846,0.5227856636047363
847,0.44467461109161377
848,0.3238125145435333
849,0.48889288306236267
850,0.6182392239570618
851,0.31988707184791565
852,0.19936874508857727
853,0.49003058671951294
854,0.6134316325187683
855,0.649080216884613
856,0.2896462082862854
857,0.2789725959300995
858,0.2916039526462555
859,0.539863646030426
860,0.3367941081523895
861,0.4350959062576294
862,0.7091190814971924
863,0.37373843789100647
864,0.5501568913459778
865,0.778160810470581
866,0.6159946918487549
867,0.5945567488670349
868,0.6276237964630127
869,0.6262719035148621
870,0.5779436230659485
871,0.5476341247558594
872,0.7682265639305115
873,0.3285132944583893
874,0.48095712065696716
875,0.49340400099754333
876,0.8085838556289673
877,0.8324816823005676
878,0.34274911880493164
879,0.5484428405761719
880,0.34059756994247437
881,0.31217247247695923
882,0.2635101079940796
883,0.7262863516807556
884,0.7936036586761475
885,0.32290205359458923
886,0.2979234755039215
887,0.30953317880630493
888,0.30934563279151917
889,0.3816479444503784
890,0.4305918216705322
891,0.4923802614212036
892,0.3992615044116974
893,0.603706419467926
894,0.6860858201980591
895,0.4958783984184265
896,0.2966434955596924
897,0.5642907619476318
898,0.3081304430961609
899,0.5989493131637573
900,0.8144333958625793
901,0.43444496393203735
902,0.493906170129776
903,0.4043135643005371
904,0.5144581198692322
905,0.5635778903961182
906,0.2650333642959595
907,0.5579909682273865
908,0.6668616533279419
909,0.5530330538749695
910,0.7170174717903137
911,0.605796217918396
912,0.32193440198898315
913,0.450145423412323
914,0.5724698901176453
915,0.7190447449684143
916,0.5951672196388245
917,0.8161191940307617
918,0.8151298761367798
919,0.3055291771888733
920,0.3454568684101105
921,0.47295790910720825
922,0.6173858046531677
923,0.6610745191574097
924,0.7614924907684326
925,0.5017949938774109
926,0.353626549243927
927,0.5598645210266113
928,0.8277347087860107
929,0.5405332446098328
930,0.4279229938983917
931,0.27036425471305847
932,0.36238348484039307
933,0.5518947243690491
934,0.28001439571380615
935,0.29717326164245605
936,0.5243062973022461
937,0.5338162183761597
938,0.32900550961494446
939,0.33790498971939087
940,0.5306978225708008
941,0.5372118949890137
942,0.3973422944545746
943,0.5270327925682068
944,0.34682169556617737
945,0.49111977219581604
946,0.4534459710121155
947,0.47542357444763184
948,0.3505008816719055
949,0.8255898356437683
950,0.35974082350730896
951,0.40365636348724365
952,0.8308552503585815
953,0.6585214138031006
954,0.2871566414833069
955,0.8359479904174805
956,0.4744339883327484
957,0.3784838318824768
958,0.35709649324417114
959,0.6857032775878906
960,0.29482302069664
961,0.6765691041946411
962,0.497735857963562
963,0.4489758312702179
964,0.33439722657203674
965,0.7922269701957703
966,0.417850524187088
967,0.3303680419921875
968,0.6028879880905151
969,0.7829047441482544
970,0.32509133219718933
971,0.3988065719604492
972,0.7817901968955994
973,0.5081933736801147
974,0.2873667776584625
975,0.41130855679512024
976,0.5011423826217651
977,0.41134771704673767
978,0.6389344334602356
979,0.5132632851600647
980,0.8215802907943726
981,0.5967382788658142
982,0.29320964217185974
983,0.3975118398666382
984,0.6589962840080261
985,0.5034899711608887
986,0.5044803023338318
987,0.6879642605781555
988,0.5008870959281921
989,0.7162140607833862
990,0.32040882110595703
991,0.6681363582611084
992,0.2939611077308655
993,0.45437222719192505
994,0.4046822190284729
995,0.6039398312568665
996,0.8161027431488037
997,0.7797827124595642
998,0.41928350925445557
999,0.8136715292930603
1000,0.8487944602966309
1001,0.789527952671051
1002,0.5262722373008728
1003,0.4625616669654846
1004,0.5328774452209473
1005,0.7611086368560791
1006,0.7545768618583679
1007,0.4967103898525238
1008,0.5183098912239075
1009,0.5869244337081909
1010,0.34440523386001587
1011,0.7801238894462585
1012,0.5118523240089417
1013,0.5962908267974854
1014,0.5766885280609131
1015,0.3035401999950409
1016,0.600450336933136
1017,0.5588021278381348
1018,0.5401363968849182
1019,0.565735936164856
1020,0.8163878321647644
1021,0.6942428350448608
1022,0.5238618850708008
1023,0.3291124999523163
1024,0.4484608471393585
1025,0.6810455918312073
1026,0.39308255910873413
1027,0.6626861095428467
1028,0.39413273334503174
1029,0.6815030574798584
1030,0.6529761552810669
1031,0.5868300199508667
1032,0.562500536441803
1033,0.2913244068622589
1034,0.5243101119995117
1035,0.5740407705307007
1036,0.5969728827476501
1037,0.5858108401298523
1038,0.5608146786689758
1039,0.25724631547927856
1040,0.814801037311554
1041,0.34857818484306335
1042,0.36918702721595764
1043,0.3495810031890869
1044,0.5724028944969177
1045,0.30491045117378235
1046,0.30373895168304443
1047,0.549993097782135
1048,0.5073418617248535
1049,0.7904376983642578
1050,0.34855255484580994
1051,0.5181449055671692
1052,0.36920496821403503
1053,0.6029797792434692
1054,0.29133570194244385
1055,0.7365928292274475
1056,0.8111319541931152
1057,0.41521382331848145
1058,0.3598814606666565
1059,0.3310365676879883
1060,0.41453370451927185
1061,0.5325170159339905
1062,0.624854564666748
1063,0.6488622426986694
1064,0.5174779891967773
1065,0.5763274431228638
1066,0.34894490242004395
1067,0.48630109429359436
1068,0.4971666932106018
1069,0.4943937659263611
1070,0.48099595308303833
1071,0.29127660393714905
1072,0.6780145764350891
1073,0.5148233771324158
1074,0.3272136449813843
1075,0.3732758164405823
1076,0.6414578557014465
1077,0.4355674386024475
1078,0.5632215738296509
1079,0.6094377636909485
1080,0.34947505593299866
1081,0.7756972312927246
1082,0.8069753646850586
1083,0.3490622639656067
1084,0.4918419122695923
1085,0.29550981521606445
1086,0.39679840207099915
1087,0.46870511770248413
1088,0.6994784474372864
1089,0.31993207335472107
1090,0.6407832503318787
1091,0.31527596712112427
1092,0.5004382729530334
1093,0.3930763602256775
1094,0.4778684675693512
1095,0.29218873381614685
1096,0.5371931791305542
1097,0.8108498454093933
1098,0.3342123031616211
1099,0.2884053885936737
1100,0.659199059009552
1101,0.5974509119987488
1102,0.8244426250457764
1103,0.3179597854614258
1104,0.5520329475402832
1105,0.4375675916671753
1106,0.29617124795913696
1107,0.7862265706062317
1108,0.49879711866378784
1109,0.2903037965297699
1110,0.5873605608940125
1111,0.2873985469341278
1112,0.28022274374961853
1113,0.7499249577522278
1114,0.519219696521759
1115,0.8071339726448059
1116,0.8286725878715515
1117,0.43221426010131836
1118,0.3270167410373688
1119,0.276438444852829
1120,0.5535074472427368
1121,0.7172181010246277
1122,0.3523325026035309
1123,0.5600232481956482
1124,0.312053382396698
1125,0.43746793270111084
1126,0.47316867113113403
1127,0.4220646023750305
1128,0.5807190537452698
1129,0.5326400995254517
1130,0.6025038957595825
1131,0.5718463659286499
1132,0.4998587965965271
1133,0.3371880054473877
1134,0.40917348861694336
1135,0.4542118310928345
1136,0.6913744211196899
1137,0.7337560653686523
1138,0.37241652607917786
1139,0.6008893847465515
1140,0.5715543031692505
1141,0.8320798873901367
1142,0.32755357027053833
1143,0.3184531033039093
1144,0.3609389066696167
1145,0.37610533833503723
1146,0.575555145740509
1147,0.48475414514541626
1148,0.26919788122177124
1149,0.5078031420707703
1150,0.6765784025192261
1151,0.40940946340560913
1152,0.30079764127731323
1153,0.6815401315689087
1154,0.27277714014053345
1155,0.5129016041755676
1156,0.2948755919933319
1157,0.4600059986114502
1158,0.3682160973548889
1159,0.7843551635742188
1160,0.306738942861557
1161,0.4483034610748291
1162,0.47617021203041077
1163,0.6166356205940247
1164,0.28561583161354065
1165,0.3874621093273163
1166,0.6068058013916016
1167,0.42007145285606384
1168,0.45056211948394775
1169,0.504466712474823
1170,0.4665742814540863
1171,0.4541175663471222
1172,0.5353885889053345
1173,0.7413192987442017
1174,0.39329081773757935
1175,0.38536831736564636
1176,0.534625768661499
1177,0.3403523564338684
1178,0.4895251393318176
1179,0.47099825739860535
1180,0.5883784890174866
1181,0.7684949040412903
1182,0.3314463198184967
1183,0.7377431392669678
1184,0.48691827058792114
1185,0.7730110883712769
1186,0.47622156143188477
1187,0.35205376148223877
1188,0.6796717643737793
1189,0.579785943031311
1190,0.4047928750514984
1191,0.5275676846504211
1192,0.2991584241390228
1193,0.5181844234466553
1194,0.5462969541549683
1195,0.671980619430542
1196,0.35428884625434875
1197,0.8263978958129883
1198,0.46987059712409973
1199,0.30060458183288574
1200,0.5181243419647217
1201,0.4504258334636688
1202,0.8247576951980591
1203,0.6404436826705933
1204,0.5327340364456177
1205,0.504703164100647
1206,0.35405677556991577
1207,0.4416559338569641
1208,0.7238305807113647
1209,0.45071476697921753
1210,0.5354146957397461
1211,0.3173069357872009
1212,0.2141074240207672
1213,0.8126388192176819
1214,0.40149328112602234
1215,0.7627504467964172
1216,0.5183852910995483
1217,0.49886995553970337
1218,0.6112746000289917
1219,0.419612318277359
1220,0.4593798518180847
1221,0.8206405639648438
1222,0.6212427020072937
1223,0.3533112704753876
1224,0.5130089521408081
1225,0.6146718263626099
1226,0.4718279242515564
1227,0.5032065510749817
1228,0.30838319659233093
1229,0.5712312459945679
1230,0.6454198360443115
1231,0.35533642768859863
1232,0.269957959651947
1233,0.27803272008895874
1234,0.8323277831077576
1235,0.481835275888443
1236,0.7224277853965759
1237,0.36022570729255676
1238,0.5490264296531677
1239,0.7131267786026001
1240,0.7011494040489197
1241,0.2931828796863556
1242,0.553897500038147
1243,0.5861184000968933
1244,0.7168564200401306
1245,0.7171685695648193
1246,0.3786051273345947
1247,0.6962777972221375
1248,0.6149868369102478
1249,0.39113736152648926
1250,0.365229994058609
1251,0.5107004642486572
1252,0.5545497536659241
1253,0.5311580300331116
1254,0.8017102479934692
1255,0.36692601442337036
1256,0.7950449585914612
1257,0.2776429057121277
1258,0.30734455585479736
1259,0.45209482312202454
1260,0.47934961318969727
1261,0.5331695675849915
1262,0.8028902411460876
1263,0.57145094871521
1264,0.2438860684633255
1265,0.27645623683929443
1266,0.36559247970581055
1267,0.5959058403968811
1268,0.4485403299331665
1269,0.3288787305355072
1270,0.2821119427680969
1271,0.7970429062843323
1272,0.2767179310321808
1273,0.5144355893135071
1274,0.47021710872650146
1275,0.4778048098087311
1276,0.35084861516952515
1277,0.4191064238548279
1278,0.35927650332450867
1279,0.43865224719047546
1280,0.3112100064754486
1281,0.5320473313331604
1282,0.8272885680198669
1283,0.5415059924125671
1284,0.42692652344703674
1285,0.28846630454063416
1286,0.39184102416038513
1287,0.3291863799095154
1288,0.5736595988273621
1289,0.6393972635269165
1290,0.39882892370224
1291,0.5467082262039185
1292,0.6358579397201538
1293,0.25620973110198975
1294,0.4692590534687042
1295,0.2629062533378601
1296,0.3850834369659424
1297,0.3218601942062378
1298,0.3525218963623047
1299,0.5062219500541687
1300,0.5282522439956665
1301,0.38430261611938477
1302,0.4870723485946655
1303,0.5168119668960571
1304,0.6097100973129272
1305,0.480069100856781
1306,0.6845420002937317
1307,0.2836257219314575
1308,0.4766393005847931
1309,0.46536409854888916
1310,0.601713240146637
1311,0.38828757405281067
1312,0.3000345826148987
1313,0.7486475110054016
1314,0.5477254986763
1315,0.5940283536911011
1316,0.31273823976516724
1317,0.27094632387161255
1318,0.5047960877418518
1319,0.31597766280174255
1320,0.528378963470459
1321,0.5028417110443115
1322,0.7675727605819702
1323,0.8235687017440796
1324,0.23317258059978485
1325,0.34675687551498413
1326,0.6466964483261108
1327,0.23484516143798828
1328,0.5556954145431519
1329,0.44672662019729614
1330,0.7681161761283875
1331,0.7869987487792969
1332,0.5065646171569824
1333,0.5118678212165833
1334,0.41819849610328674
1335,0.6335133910179138
1336,0.3980357348918915
1337,0.6632075309753418
1338,0.6452929377555847
1339,0.5826661586761475
1340,0.30727171897888184
1341,0.7711705565452576
1342,0.5279043316841125
1343,0.38199949264526367
1344,0.4447129964828491
1345,0.6630775928497314
1346,0.21348702907562256
1347,0.3051147162914276
1348,0.5721155405044556
1349,0.25778570771217346
1350,0.3549887537956238
1351,0.4042069911956787
1352,0.38215363025665283
1353,0.29644182324409485
1354,0.7124491930007935
1355,0.3615109920501709
1356,0.3433487117290497
1357,0.5730111598968506
1358,0.49332234263420105
1359,0.5382987856864929
1360,0.41176021099090576
1361,0.6368870735168457
1362,0.5809071063995361
1363,0.5255424976348877
1364,0.648512601852417
1365,0.6480062007904053
1366,0.36858993768692017
1367,0.3217424750328064
1368,0.35908615589141846
1369,0.3013453483581543
1370,0.5366560816764832
1371,0.5576879382133484
1372,0.2921753525733948
1373,0.6760753989219666
1374,0.5439001321792603
1375,0.30916160345077515
1376,0.8145395517349243
1377,0.7957550287246704
1378,0.4584772288799286
1379,0.5486901998519897
1380,0.2950900197029114
1381,0.3225570321083069
1382,0.3312227129936218
1383,0.33161187171936035
1384,0.4926409125328064
1385,0.40746617317199707
1386,0.626947283744812
1387,0.402884840965271
1388,0.7107595801353455
1389,0.5686675310134888
1390,0.5619617700576782
1391,0.3433420956134796
1392,0.7863062620162964
1393,0.6549705266952515
1394,0.4735073447227478
1395,0.6464492678642273
1396,0.46951621770858765
1397,0.6091309785842896
1398,0.3199770450592041
1399,0.4341604709625244
1400,0.8202117681503296
1401,0.6057530045509338
1402,0.6029726266860962
1403,0.30371391773223877
1404,0.5409955978393555
1405,0.7965739965438843
1406,0.37052568793296814
1407,0.8069345355033875
1408,0.5691155195236206
1409,0.46924352645874023
1410,0.3445627689361572
1411,0.32842597365379333
1412,0.5309569835662842
1413,0.5784639120101929
1414,0.4577751159667969
1415,0.6030416488647461
1416,0.34901589155197144
1417,0.7719549536705017
1418,0.5344114303588867
1419,0.4922967553138733
1420,0.3197202682495117
1421,0.6099499464035034
1422,0.6094454526901245
1423,0.5942069292068481
1424,0.5609899759292603
1425,0.5963221788406372
1426,0.5703260898590088
1427,0.5068142414093018
1428,0.46599939465522766
1429,0.5837565660476685
1430,0.3413006067276001
1431,0.7469255328178406
1432,0.3367515206336975
1433,0.639465868473053
1434,0.27596515417099
1435,0.5109644532203674
1436,0.3268418312072754
1437,0.2761659324169159
1438,0.5269758701324463
1439,0.5288283824920654
1440,0.44689828157424927
1441,0.4929995536804199
1442,0.6605163216590881
1443,0.32715702056884766
1444,0.5268179178237915
1445,0.7339134812355042
1446,0.5109394788742065
1447,0.5231086611747742
1448,0.7998752593994141
1449,0.7231364846229553
1450,0.6918469667434692
1451,0.749662458896637
1452,0.6384546756744385
1453,0.3398096561431885
1454,0.6788914203643799
1455,0.654052197933197
1456,0.4901076555252075
1457,0.8138521909713745
1458,0.3086562156677246
1459,0.5838704109191895
1460,0.7234770059585571
1461,0.7469282746315002
1462,0.5576410889625549
1463,0.5373056530952454
1464,0.41364938020706177
1465,0.2943578064441681
1466,0.31865695118904114
1467,0.44135144352912903
1468,0.5448019504547119
1469,0.7784837484359741
1470,0.6257939338684082
1471,0.6539648175239563
1472,0.34266406297683716
1473,0.3671856224536896
1474,0.32075151801109314
1475,0.4544135332107544
1476,0.2882269322872162
1477,0.28922238945961
1478,0.3286230266094208
1479,0.2906968593597412
1480,0.44632479548454285
1481,0.48359113931655884
1482,0.453856885433197
1483,0.28282710909843445
1484,0.29911136627197266
1485,0.34713757038116455
1486,0.5761605501174927
1487,0.3638573884963989
1488,0.2873964309692383
1489,0.34156176447868347
1490,0.5357227325439453
1491,0.5077149868011475
1492,0.6690798401832581
1493,0.7842597365379333
1494,0.5075506567955017
1495,0.17424172163009644
1496,0.43913352489471436
1497,0.6072949171066284
1498,0.4129383862018585
1499,0.3258371353149414
1500,0.6619588136672974
1501,0.2709960341453552
1502,0.48940759897232056
1503,0.46156764030456543
1504,0.5262503027915955
1505,0.47150641679763794
1506,0.6229572296142578
1507,0.778110682964325
1508,0.7200189232826233
1509,0.7121509909629822
1510,0.3054965138435364
1511,0.5937651991844177
1512,0.4050372242927551
1513,0.47094985842704773
1514,0.3474956452846527
1515,0.4947904944419861
1516,0.3054794371128082
1517,0.6532024145126343
1518,0.6577013731002808
1519,0.3538040816783905
1520,0.6418936848640442
1521,0.3086957037448883
1522,0.2636987566947937
1523,0.47081243991851807
1524,0.40875858068466187
1525,0.7081277966499329
1526,0.4513556659221649
1527,0.44182270765304565
1528,0.5078331828117371
1529,0.4933220148086548
1530,0.6200443506240845
1531,0.742810845375061
1532,0.3508113622665405
1533,0.5500355958938599
1534,0.8031696677207947
1535,0.5399653911590576
1536,0.37003740668296814
1537,0.31589773297309875
1538,0.5519771575927734
1539,0.5275150537490845
1540,0.8437390923500061
1541,0.6938821077346802
1542,0.5474861264228821
1543,0.7316699624061584
1544,0.4950789511203766
1545,0.4740464687347412
1546,0.2531660497188568
1547,0.5467893481254578
1548,0.6182006597518921
1549,0.558297872543335
1550,0.5449702739715576
1551,0.5891920328140259
1552,0.3677403926849365
1553,0.7462582588195801
1554,0.42594653367996216
1555,0.7869583368301392
1556,0.5829051733016968
1557,0.5459622740745544
1558,0.5974916219711304
1559,0.44395920634269714
1560,0.8049643635749817
1561,0.32661280035972595
1562,0.5163443088531494
1563,0.8147792220115662
1564,0.8012365698814392
1565,0.2959842383861542
1566,0.3469671905040741
1567,0.3245784044265747
1568,0.30571800470352173
1569,0.6150845289230347
1570,0.26445716619491577
1571,0.3628540635108948
1572,0.7998135089874268
1573,0.6378743648529053
1574,0.2547205686569214
1575,0.5145387053489685
1576,0.3278561234474182
1577,0.8351911306381226
1578,0.3805041015148163
1579,0.7967807054519653
1580,0.35602664947509766
1581,0.766146719455719
1582,0.4438142478466034
1583,0.2924667000770569
1584,0.29113319516181946
1585,0.4738977551460266
1586,0.23267865180969238
1587,0.5982074737548828
1588,0.4764714539051056
1589,0.8022332191467285
1590,0.494656503200531
1591,0.5854743719100952
1592,0.7045544981956482
1593,0.5261278748512268
1594,0.7220553755760193
1595,0.39938458800315857
1596,0.4787400960922241
1597,0.8184928297996521
1598,0.25294098258018494
1599,0.42701348662376404
1600,0.41913169622421265
1601,0.6304346919059753
1602,0.8032850027084351
1603,0.2783927619457245
1604,0.7671195268630981
1605,0.654175877571106
1606,0.7249075770378113
1607,0.3832128643989563
1608,0.39721429347991943
1609,0.33138927817344666
1610,0.42495888471603394
1611,0.7140394449234009
1612,0.4484783113002777
1613,0.5795190334320068
1614,0.2587883472442627
1615,0.834452211856842
1616,0.33308935165405273
1617,0.3563421368598938
1618,0.7909589409828186
1619,0.41351985931396484
1620,0.4119893014431
1621,0.4602048695087433
1622,0.4795759916305542
1623,0.5451906323432922
1624,0.2969144880771637
1625,0.5335959196090698
1626,0.7598926424980164
1627,0.5695822238922119
1628,0.6468104720115662
1629,0.7982130646705627
1630,0.4209943115711212
1631,0.6818711757659912
1632,0.31391283869743347
1633,0.48115500807762146
1634,0.8146421313285828
1635,0.3088551163673401
1636,0.7882596254348755
1637,0.8063204884529114
1638,0.5622770190238953
1639,0.7521001696586609
1640,0.496942400932312
1641,0.7159157395362854
1642,0.6265967488288879
1643,0.5829659104347229
1644,0.2968868911266327
1645,0.29205521941185
1646,0.49332183599472046
1647,0.6042240262031555
1648,0.5659277439117432
1649,0.6939476132392883
1650,0.3431225121021271
1651,0.30389827489852905
1652,0.28679361939430237
1653,0.4924241602420807
1654,0.6910611987113953
1655,0.5943175554275513
1656,0.44371485710144043
1657,0.47010529041290283
1658,0.5961041450500488
1659,0.3470606505870819
1660,0.27256476879119873
1661,0.32451722025871277
1662,0.5277794003486633
1663,0.3256862759590149
1664,0.6587076783180237
1665,0.5602832436561584
1666,0.4485556185245514
1667,0.511635422706604
1668,0.5142043232917786
1669,0.5962389707565308
1670,0.6413719654083252
1671,0.2713254988193512
1672,0.6134040355682373
1673,0.755098819732666
1674,0.7570165991783142
1675,0.6933078169822693
1676,0.5575154423713684
1677,0.3083665370941162
1678,0.4977891445159912
1679,0.8248981833457947
1680,0.4642810821533203
1681,0.48826301097869873
1682,0.6706241369247437
1683,0.34129199385643005
1684,0.24914148449897766
1685,0.3676995635032654
1686,0.44084569811820984
1687,0.30720725655555725
1688,0.4563000798225403
1689,0.7509027123451233
1690,0.47283414006233215
1691,0.29470834136009216
1692,0.6606699824333191
1693,0.32855916023254395
1694,0.43781670928001404
1695,0.7954757213592529
1696,0.7997694611549377
1697,0.5815582275390625
1698,0.5514855980873108
1699,0.4947783350944519
1700,0.5178216695785522
1701,0.42533573508262634
1702,0.8066737651824951
1703,0.4537180960178375
1704,0.44715097546577454
1705,0.6040308475494385
1706,0.31806913018226624
1707,0.8131692409515381
1708,0.43411487340927124
1709,0.5773231387138367
1710,0.31806623935699463
1711,0.7153514623641968
1712,0.29241010546684265
1713,0.4186437129974365
1714,0.4470212161540985
1715,0.4041467308998108
1716,0.32144826650619507
1717,0.5696595907211304
1718,0.4446088373661041
1719,0.41781383752822876
1720,0.41114211082458496
1721,0.2735438346862793
1722,0.5732709169387817
1723,0.3433288335800171
1724,0.6945469975471497
1725,0.5090972185134888
1726,0.5290037989616394
1727,0.31556129455566406
1728,0.587035596370697
1729,0.736387312412262
1730,0.820589542388916
1731,0.6849784851074219
1732,0.6953050494194031
1733,0.4257245659828186
1734,0.3179217278957367
1735,0.7257822155952454
1736,0.416623055934906
1737,0.5340416431427002
1738,0.6862779855728149
1739,0.5959807634353638
1740,0.5487751364707947
1741,0.5937067270278931
1742,0.6849959492683411
1743,0.3119152784347534
1744,0.6523605585098267
1745,0.28400352597236633
1746,0.36905795335769653
1747,0.6210547685623169
1748,0.5087363719940186
1749,0.49904078245162964
1750,0.45511093735694885
1751,0.329575777053833
1752,0.5409043431282043
1753,0.3837168514728546
1754,0.4284898638725281
1755,0.47942978143692017
1756,0.27186694741249084
1757,0.49377134442329407
1758,0.3612091839313507
1759,0.4905852675437927
1760,0.2791922986507416
1761,0.5619218945503235
1762,0.5147663950920105
1763,0.2844404876232147
1764,0.40747708082199097
1765,0.649150550365448
1766,0.7636353969573975
1767,0.5824259519577026
1768,0.31252095103263855
1769,0.5435793995857239
1770,0.3204115927219391
1771,0.34762030839920044
1772,0.627281665802002
1773,0.3301316499710083
1774,0.39339500665664673
1775,0.40081629157066345
1776,0.2972145080566406
1777,0.3195596933364868
1778,0.6030449867248535
1779,0.6174536347389221
1780,0.4309207797050476
1781,0.52973473072052
1782,0.7222208380699158
1783,0.5969966053962708
1784,0.32074326276779175
1785,0.27064377069473267
1786,0.2665897309780121
1787,0.7577394247055054
1788,0.5188038945198059
1789,0.3679298162460327
1790,0.29049572348594666
1791,0.7911035418510437
1792,0.6907243728637695
1793,0.511505126953125
1794,0.41071492433547974
1795,0.773789644241333
1796,0.6074778437614441
1797,0.462585985660553
1798,0.47138673067092896
1799,0.5649815797805786
1800,0.2697262167930603
1801,0.7574220895767212
1802,0.5191280841827393
1803,0.571911633014679
1804,0.8174643516540527
1805,0.7165564298629761
1806,0.6586087346076965
1807,0.47610142827033997
1808,0.3895091414451599
1809,0.3327634036540985
1810,0.49376553297042847
1811,0.4779822826385498
1812,0.6656562685966492
1813,0.7371985912322998
1814,0.4141426682472229
1815,0.5031919479370117
1816,0.4326123595237732
1817,0.4846789836883545
1818,0.4968903362751007
1819,0.5871812701225281
1820,0.40620332956314087
1821,0.510486364364624
1822,0.2910745143890381
1823,0.8321473598480225
1824,0.4655876159667969
1825,0.5158141255378723
1826,0.4098801016807556
1827,0.28472626209259033
1828,0.5072027444839478
1829,0.27677926421165466
1830,0.45743614435195923
1831,0.48953184485435486
1832,0.19478274881839752
1833,0.5627483129501343
1834,0.6192913055419922
1835,0.6231086254119873
1836,0.5287559032440186
1837,0.4981280565261841
1838,0.5195063352584839
1839,0.330539345741272
1840,0.3127920925617218
1841,0.6261277794837952
1842,0.6860162615776062
1843,0.271509051322937
1844,0.5829295516014099
1845,0.7778477072715759
1846,0.34371840953826904
1847,0.6950263977050781
1848,0.45535987615585327
1849,0.7542399168014526
1850,0.4484991729259491
1851,0.45882540941238403
1852,0.5175771713256836
1853,0.3012399673461914
1854,0.3471240997314453
1855,0.5327927470207214
1856,0.33525264263153076
1857,0.502922534942627
1858,0.5846333503723145
1859,0.6880981922149658
1860,0.3377140164375305
1861,0.30351248383522034
1862,0.7327647805213928
1863,0.5445532202720642
1864,0.7242534160614014
1865,0.2686987519264221
1866,0.37285834550857544
1867,0.2973174750804901
1868,0.3236696720123291
1869,0.7175451517105103
1870,0.6575528979301453
1871,0.6870703101158142
1872,0.7061106562614441
1873,0.28527021408081055
1874,0.33499470353126526
1875,0.5452127456665039
1876,0.44586291909217834
1877,0.26271966099739075
1878,0.785553514957428
1879,0.3142073452472687
1880,0.6119100451469421
1881,0.34617850184440613
1882,0.3911206126213074
1883,0.7658542394638062
1884,0.5319423675537109
1885,0.5466476082801819
1886,0.8143424987792969
1887,0.5627047419548035
1888,0.6351202726364136
1889,0.675253689289093
1890,0.5646767616271973
1891,0.6440802812576294
1892,0.4408956468105316
1893,0.48767584562301636
1894,0.34321194887161255
1895,0.5360324382781982
1896,0.44754958152770996
1897,0.31656813621520996
1898,0.30142247676849365
1899,0.2736676335334778
1900,0.7078394293785095
1901,0.4485042691230774
1902,0.25794750452041626
1903,0.31504082679748535
1904,0.43599581718444824
1905,0.2750670909881592
1906,0.43529975414276123
1907,0.5427613854408264
1908,0.8062622547149658
1909,0.3527548611164093
1910,0.5394982099533081
1911,0.8358376622200012
1912,0.6471037268638611
1913,0.5228210091590881
1914,0.5772530436515808
1915,0.3340572118759155
1916,0.5335904955863953
1917,0.43347907066345215
1918,0.444852739572525
1919,0.3269505798816681
1920,0.3476247489452362
1921,0.583173394203186
1922,0.3293761610984802
1923,0.3147253394126892
1924,0.7811007499694824
1925,0.3043384552001953
1926,0.7734390497207642
1927,0.5465776324272156
1928,0.34683555364608765
1929,0.7241659164428711
1930,0.3622143864631653
1931,0.3177819848060608
1932,0.5586488842964172
1933,0.8450854420661926
1934,0.48073235154151917
1935,0.7288473844528198
1936,0.3946961760520935
1937,0.33762168884277344
1938,0.5646771788597107
1939,0.6508670449256897
1940,0.22462795674800873
1941,0.6415302753448486
1942,0.3631899356842041
1943,0.21071532368659973
1944,0.6206192374229431
1945,0.34222185611724854
1946,0.3175030052661896
1947,0.28411930799484253
1948,0.710039496421814
1949,0.6022143363952637
1950,0.30400142073631287
1951,0.536168098449707
1952,0.30526578426361084
1953,0.49118468165397644
1954,0.7458136677742004
1955,0.6251344084739685
1956,0.31561896204948425
1957,0.7729741334915161
1958,0.5776464939117432
1959,0.5047716498374939
1960,0.539678692817688
1961,0.3063187599182129
1962,0.2969478368759155
1963,0.7563165426254272
1964,0.6383370161056519
1965,0.7588706016540527
1966,0.3586506247520447
1967,0.6091510653495789
1968,0.5960309505462646
1969,0.47382181882858276
1970,0.7711895704269409
1971,0.21202796697616577
1972,0.36791080236434937
1973,0.6203755140304565
1974,0.2894980311393738
1975,0.3573227822780609
1976,0.32482051849365234
1977,0.4354234039783478
1978,0.4136691391468048
1979,0.5076877474784851
1980,0.37746331095695496
1981,0.5881826281547546
1982,0.3807711601257324
1983,0.5163081884384155
1984,0.34952861070632935
1985,0.4891401529312134
1986,0.2777768671512604
1987,0.3331235349178314
1988,0.6744524240493774
1989,0.8247271180152893
1990,0.5724973678588867
1991,0.812900722026825
1992,0.7601047158241272
1993,0.6529607772827148
1994,0.35778480768203735
1995,0.41119879484176636
1996,0.6364301443099976
1997,0.3685751259326935
1998,0.4580375552177429
1999,0.5109350681304932
2000,0.7960399389266968
2001,0.5534485578536987
2002,0.2635610103607178
2003,0.48204290866851807
2004,0.34646183252334595
2005,0.4351575970649719
2006,0.3442990183830261
2007,0.33384767174720764
2008,0.429287850856781
2009,0.5404386520385742
2010,0.31251204013824463
2011,0.5691152811050415
2012,0.3092229664325714
2013,0.7565279006958008
2014,0.3277081549167633
2015,0.8124527931213379
2016,0.6115725636482239
2017,0.4009254276752472
2018,0.5080435276031494
2019,0.2870156764984131
2020,0.6244902610778809
2021,0.7985801100730896
2022,0.5609807372093201
2023,0.5583875179290771
2024,0.29530900716781616
2025,0.7641240954399109
2026,0.4964470863342285
2027,0.6115121245384216
2028,0.5374895334243774
2029,0.3574855923652649
2030,0.542533814907074
2031,0.7532731890678406
2032,0.8047453165054321
2033,0.48219501972198486
2034,0.7314667701721191
2035,0.6761692762374878
2036,0.5200925469398499
2037,0.29544463753700256
2038,0.422615647315979
2039,0.30817073583602905
2040,0.4314171075820923
2041,0.766097903251648
2042,0.49284228682518005
2043,0.2909185290336609
2044,0.5437484383583069
2045,0.45477384328842163
2046,0.3335134983062744
2047,0.27726027369499207
2048,0.6292034387588501
2049,0.5424261093139648
2050,0.43308335542678833
2051,0.4100129008293152
2052,0.3654257357120514
2053,0.5951727032661438
2054,0.32443323731422424
2055,0.3480791449546814
2056,0.6040370464324951
2057,0.7648377418518066
2058,0.4216977059841156
2059,0.4940573275089264
2060,0.5009613633155823
2061,0.33636724948883057
2062,0.4980166554450989
2063,0.6204378604888916
2064,0.33001166582107544
2065,0.8246797919273376
2066,0.33441266417503357
2067,0.3161875307559967
2068,0.6283765435218811
2069,0.3199117183685303
2070,0.49693381786346436
2071,0.42736202478408813
2072,0.4777738153934479
2073,0.46195733547210693
2074,0.3658446669578552
2075,0.724922776222229
2076,0.5277206897735596
2077,0.4444904923439026
2078,0.810414731502533
2079,0.2849384844303131
2080,0.508169412612915
2081,0.714271605014801
2082,0.5457790493965149
2083,0.8128437399864197
2084,0.8290157318115234
2085,0.30006715655326843
2086,0.26856276392936707
2087,0.7424710988998413
2088,0.5812884569168091
2089,0.6424232125282288
2090,0.652651846408844
2091,0.31303340196609497
2092,0.4405226707458496
2093,0.7476398944854736
2094,0.32653993368148804
2095,0.2986893355846405
2096,0.7380649447441101
2097,0.28162434697151184
2098,0.48199906945228577
2099,0.5610491633415222
2100,0.4797307550907135
2101,0.7228239178657532
2102,0.3420829772949219
2103,0.3876831531524658
2104,0.5717859268188477
2105,0.3711608350276947
2106,0.8067333698272705
2107,0.5368658304214478
2108,0.47331446409225464
2109,0.3936796188354492
2110,0.352946013212204
2111,0.49381378293037415
2112,0.3365341126918793
2113,0.3306936025619507
2114,0.7781212329864502
2115,0.48055535554885864
2116,0.44937384128570557
2117,0.3794991374015808
2118,0.6356616020202637
2119,0.5279527902603149
2120,0.5186683535575867
2121,0.6145946383476257
2122,0.4635111689567566
2123,0.46251794695854187
2124,0.3417638838291168
2125,0.4930899739265442
2126,0.37778186798095703
2127,0.4442998170852661
2128,0.5412003397941589
2129,0.7661463618278503
2130,0.5562469363212585
2131,0.3040838837623596
2132,0.304006963968277
2133,0.8461020588874817
2134,0.29590192437171936
2135,0.458396852016449
2136,0.5565870404243469
2137,0.6178496479988098
2138,0.3437572717666626
2139,0.4121550917625427
2140,0.34155869483947754
2141,0.6980780363082886
2142,0.32971423864364624
2143,0.49088233709335327
2144,0.5065672993659973
2145,0.3204149007797241
2146,0.6948130130767822
2147,0.5741426348686218
2148,0.8090949058532715
2149,0.8084443211555481
2150,0.7131091356277466
2151,0.41114097833633423
2152,0.7210608124732971
2153,0.36670175194740295
2154,0.41928744316101074
2155,0.30324316024780273
2156,0.6882948279380798
2157,0.3458569049835205
2158,0.31392455101013184
2159,0.31081390380859375
2160,0.2766077518463135
2161,0.313734233379364
2162,0.8239855766296387
2163,0.34383344650268555
2164,0.40206408500671387
2165,0.6520137190818787
2166,0.77480548620224
2167,0.31003615260124207
2168,0.5471214056015015
2169,0.5262559056282043
2170,0.8002015948295593
2171,0.7548198699951172
2172,0.7499323487281799
2173,0.33239108324050903
2174,0.612363338470459
2175,0.5573261380195618
2176,0.6126264929771423
2177,0.7668224573135376
2178,0.5958325862884521
2179,0.35312098264694214
2180,0.32065248489379883
2181,0.4891098737716675
2182,0.3035227060317993
2183,0.7894611358642578
2184,0.5970976948738098
2185,0.5667018890380859
2186,0.6288871169090271
2187,0.3483344316482544
2188,0.6935545802116394
2189,0.28642892837524414
2190,0.7456887364387512
2191,0.3821592330932617
2192,0.8252991437911987
2193,0.445923775434494
2194,0.6043877005577087
2195,0.3330838084220886
2196,0.828529953956604
2197,0.419676274061203
2198,0.5784100294113159
2199,0.55078125
2200,0.8320798277854919
2201,0.663569450378418
2202,0.31889963150024414
2203,0.5077053904533386
2204,0.3057999610900879
2205,0.7937228083610535
2206,0.3215036988258362
2207,0.3274720311164856
2208,0.3798312246799469
2209,0.4127711355686188
2210,0.8186002373695374
2211,0.6581854820251465
2212,0.3432811498641968
2213,0.7930305004119873
2214,0.3670969605445862
2215,0.6715209484100342
2216,0.6008610725402832
2217,0.3852737843990326
2218,0.5373087525367737
2219,0.7534122467041016
2220,0.8107019662857056
2221,0.54783034324646
2222,0.31173694133758545
2223,0.816848635673523
2224,0.6856301426887512
2225,0.6588762402534485
2226,0.30479469895362854
2227,0.5364959836006165
2228,0.34754765033721924
2229,0.3630673885345459
2230,0.771498441696167
2231,0.27964121103286743
2232,0.5004336833953857
2233,0.4742823541164398
2234,0.3173782229423523
2235,0.6982022523880005
2236,0.26000046730041504
2237,0.4782640039920807
2238,0.27814656496047974
2239,0.501096785068512
2240,0.6814239025115967
2241,0.5709230303764343
2242,0.4723733961582184
2243,0.7480661869049072
2244,0.666391134262085
2245,0.2660674750804901
2246,0.7094290852546692
2247,0.8048789501190186
2248,0.5410085916519165
2249,0.5464521050453186
2250,0.3672153949737549
2251,0.30110642313957214
2252,0.3537694215774536
2253,0.5355857014656067
2254,0.35697412490844727
2255,0.3060257136821747
2256,0.7430078983306885
2257,0.5705057382583618
2258,0.608368456363678
2259,0.7670081257820129
2260,0.6451749205589294
2261,0.5749850869178772
2262,0.42647093534469604
2263,0.8143141269683838
2264,0.3132426142692566
2265,0.42529886960983276
2266,0.6712253093719482
2267,0.24752993881702423
2268,0.4370326101779938
2269,0.45949500799179077
2270,0.5255977511405945
2271,0.3275846242904663
2272,0.42648637294769287
2273,0.3614695966243744
2274,0.29986539483070374
2275,0.7224753499031067
2276,0.6292952299118042
2277,0.6232056021690369
2278,0.6033511161804199
2279,0.766247034072876
2280,0.6915554404258728
2281,0.32548391819000244
2282,0.28589928150177
2283,0.5835115909576416
2284,0.6065043807029724
2285,0.6052570343017578
2286,0.591386079788208
2287,0.6594982743263245
2288,0.7546459436416626
2289,0.3237704038619995
2290,0.4252564311027527
2291,0.4190206825733185
2292,0.5547080039978027
2293,0.5695317983627319
2294,0.43131229281425476
2295,0.8020918965339661
2296,0.6621564626693726
2297,0.3547198474407196
2298,0.37173956632614136
2299,0.6795393228530884
2300,0.27453702688217163
2301,0.28093528747558594
2302,0.5604189038276672
2303,0.6041095852851868
2304,0.5701322555541992
2305,0.5573273301124573
2306,0.5399079322814941
2307,0.49264103174209595
2308,0.25383928418159485
2309,0.5743460059165955
2310,0.5963181257247925
2311,0.5672685503959656
2312,0.48261693120002747
2313,0.4943183660507202
2314,0.5278028249740601
2315,0.5410732626914978
2316,0.5058873891830444
2317,0.589199423789978
2318,0.6193613409996033
2319,0.6187243461608887
2320,0.7374608516693115
2321,0.480646014213562
2322,0.4902309775352478
2323,0.7874417901039124
2324,0.7827209830284119
2325,0.7300549745559692
2326,0.6520017981529236
2327,0.559852659702301
2328,0.38965904712677
2329,0.598444402217865
2330,0.5518621802330017
2331,0.6063751578330994
2332,0.640848696231842
2333,0.5724474787712097
2334,0.6161239743232727
2335,0.5639976859092712
2336,0.5739757418632507
2337,0.48048049211502075
2338,0.601800799369812
2339,0.3255416750907898
2340,0.7512308955192566
2341,0.49680766463279724
2342,0.5342997908592224
2343,0.5730738043785095
2344,0.5211892127990723
2345,0.5588392019271851
2346,0.6128436326980591
2347,0.25740498304367065
2348,0.35378971695899963
2349,0.3097495138645172
2350,0.615629255771637
2351,0.5321229696273804
2352,0.5290887951850891
2353,0.4445568025112152
2354,0.6065109968185425
2355,0.2974748909473419
2356,0.33382025361061096
2357,0.4323117733001709
2358,0.5085347890853882
2359,0.8295071721076965
2360,0.7883967757225037
2361,0.8302958607673645
2362,0.7250559329986572
2363,0.6754589080810547
2364,0.6990513801574707
2365,0.4926658868789673
2366,0.29360806941986084
2367,0.8038289546966553
2368,0.7916814684867859
2369,0.4205268323421478
2370,0.4544667601585388
2371,0.33998963236808777
2372,0.3484634757041931
2373,0.4110015034675598
2374,0.4541686475276947
2375,0.4943191409111023
2376,0.5964149236679077
2377,0.636225700378418
2378,0.8056628108024597
2379,0.8415944576263428
2380,0.821709156036377
2381,0.8516792058944702
2382,0.41838139295578003
2383,0.760794460773468
2384,0.7771596908569336
2385,0.8048850297927856
2386,0.5248739719390869
2387,0.566874086856842
2388,0.5414348840713501
2389,0.7408099174499512
2390,0.8055176138877869
2391,0.6761469841003418
2392,0.7651220560073853
2393,0.2668426036834717
2394,0.4852302372455597
2395,0.28908324241638184
2396,0.6512938141822815
2397,0.6455074548721313
2398,0.8248843550682068
2399,0.45192089676856995
2400,0.3226841688156128
2401,0.49972259998321533
2402,0.59856778383255
2403,0.6024534702301025
2404,0.480668306350708
2405,0.6081115007400513
2406,0.7834615111351013
2407,0.8169134855270386
2408,0.5116034746170044
2409,0.40318721532821655
2410,0.6883361339569092
2411,0.6047704815864563
2412,0.6323697566986084
2413,0.68204265832901
2414,0.6206549406051636
2415,0.5955321788787842
2416,0.5559701323509216
2417,0.34271806478500366
2418,0.6830511689186096
2419,0.2758711278438568
2420,0.3334507942199707
2421,0.4769340753555298
2422,0.40807896852493286
2423,0.3967416286468506
2424,0.43452712893486023
2425,0.5432884693145752
2426,0.5582844614982605
2427,0.648567259311676
2428,0.24816599488258362
2429,0.6381627917289734
2430,0.5744752883911133
2431,0.32467004656791687
2432,0.5029716491699219
2433,0.4447574317455292
2434,0.36971786618232727
2435,0.6172967553138733
2436,0.6125661730766296
2437,0.6805063486099243
2438,0.8104844093322754
2439,0.463695228099823
2440,0.5456051230430603
2441,0.6496433019638062
2442,0.5675109028816223
2443,0.7171372175216675
2444,0.7730917930603027
2445,0.3692564368247986
2446,0.7087955474853516
2447,0.5257071256637573
2448,0.6649559140205383
2449,0.5610394477844238
2450,0.7757282257080078
2451,0.8273698091506958
2452,0.6598914861679077
2453,0.8238667249679565
2454,0.513541579246521
2455,0.5756253004074097
2456,0.6302534341812134
2457,0.6951988935470581
2458,0.7499344348907471
2459,0.4435252547264099
2460,0.5772464275360107
2461,0.6884400248527527
2462,0.5584616661071777
2463,0.33572325110435486
2464,0.4984005093574524
2465,0.33343765139579773
2466,0.282219797372818
2467,0.28102919459342957
2468,0.459852933883667
2469,0.8115412592887878
2470,0.8020188808441162
2471,0.27246809005737305
2472,0.7019849419593811
2473,0.6399267315864563
2474,0.650530219078064
2475,0.5309318900108337
2476,0.5004416108131409
2477,0.5605233907699585
2478,0.681147038936615
2479,0.49271389842033386
2480,0.4980090260505676
2481,0.3897438645362854
2482,0.801884114742279
2483,0.8253385424613953
2484,0.35868027806282043
2485,0.723334789276123
2486,0.5545889139175415
2487,0.5619869232177734
2488,0.7370321750640869
2489,0.2873761057853699
2490,0.785548985004425
2491,0.41712021827697754
2492,0.3939790427684784
2493,0.47951826453208923
2494,0.6777620911598206
2495,0.4165700674057007
2496,0.25555160641670227
2497,0.5978407859802246
2498,0.5132221579551697
2499,0.6389977931976318
2500,0.5634527206420898
2501,0.4277297258377075
2502,0.35212311148643494
2503,0.3254624009132385
2504,0.5275245308876038
2505,0.7644080519676208
2506,0.4977797567844391
2507,0.3164162039756775
2508,0.5349642634391785
2509,0.6289427280426025
2510,0.5802245140075684
2511,0.5461031794548035
2512,0.5022048354148865
2513,0.5053728818893433
2514,0.5503439903259277
2515,0.49073830246925354
2516,0.4474402964115143
2517,0.6112439036369324
2518,0.5701526999473572
2519,0.7728922963142395
2520,0.6463468670845032
2521,0.6750630140304565
2522,0.535495400428772
2523,0.6045107245445251
2524,0.32801294326782227
2525,0.7284753918647766
2526,0.8246927261352539
2527,0.7640560865402222
2528,0.3120800852775574
2529,0.454594224691391
2530,0.44629913568496704
2531,0.38892829418182373
2532,0.33509504795074463
2533,0.5933120250701904
2534,0.4832253158092499
2535,0.5917828679084778
2536,0.5787215828895569
2537,0.5753357410430908
2538,0.5630209445953369
2539,0.6581011414527893
2540,0.5111045241355896
2541,0.5972745418548584
2542,0.6085581183433533
2543,0.25024789571762085
2544,0.5688167810440063
2545,0.6911525130271912
2546,0.7973877191543579
2547,0.6316068172454834
2548,0.45150402188301086
2549,0.6020054817199707
2550,0.4948507249355316
2551,0.46749815344810486
2552,0.3508129417896271
2553,0.7781698703765869
2554,0.3242846727371216
2555,0.7557499408721924
2556,0.5601673126220703
2557,0.8253389000892639
2558,0.8514512777328491
2559,0.7850464582443237
2560,0.7664013504981995
2561,0.5470786094665527
2562,0.36820366978645325
2563,0.5256068110466003
2564,0.5927931666374207
2565,0.5744901895523071
2566,0.5585864782333374
2567,0.5892090797424316
2568,0.554115355014801
2569,0.5246708989143372
2570,0.46345311403274536
2571,0.4148648977279663
2572,0.5229597687721252
2573,0.5423159003257751
2574,0.5264542102813721
2575,0.5645261406898499
2576,0.23861822485923767
2577,0.2971707284450531
2578,0.36795297265052795
2579,0.6633177995681763
2580,0.4405862092971802
2581,0.8157808780670166
2582,0.8233408331871033
2583,0.43065783381462097
2584,0.49658235907554626
2585,0.840996503829956
2586,0.7793987989425659
2587,0.48899784684181213
2588,0.502133846282959
2589,0.38777974247932434
2590,0.47603875398635864
2591,0.641257107257843
2592,0.8153550624847412
2593,0.8107567429542542
2594,0.5405415892601013
2595,0.47735634446144104
2596,0.7190650701522827
2597,0.8324973583221436
2598,0.8058674335479736
2599,0.746638298034668
2600,0.7278900742530823
2601,0.7245146632194519
2602,0.5523476004600525
2603,0.5961611270904541
2604,0.5275124311447144
2605,0.6935076713562012
2606,0.7965270280838013
2607,0.637102484703064
2608,0.7476321458816528
2609,0.8184840679168701
2610,0.8142562508583069
2611,0.8067389130592346
2612,0.4312334656715393
2613,0.3700345754623413
2614,0.49026599526405334
2615,0.7754042744636536
2616,0.30325037240982056
2617,0.60201495885849
2618,0.3709494471549988
2619,0.3386947214603424
2620,0.48930326104164124
2621,0.5104406476020813
2622,0.522707462310791
2623,0.8100868463516235
2624,0.8059495091438293
2625,0.8065230846405029
2626,0.7767673134803772
2627,0.7815244793891907
2628,0.7437155246734619
2629,0.5042704343795776
2630,0.650058925151825
2631,0.5573714971542358
2632,0.6663241982460022
2633,0.6606146693229675
2634,0.5300306081771851
2635,0.7328385710716248
2636,0.7276526093482971
2637,0.4364018142223358
2638,0.4691019356250763
2639,0.44007450342178345
2640,0.7706539034843445
2641,0.8354238271713257
2642,0.4867124855518341
2643,0.5776320099830627
2644,0.5265528559684753
2645,0.41012048721313477
2646,0.5231705904006958
2647,0.5100024342536926
2648,0.281616747379303
2649,0.3141525089740753
2650,0.39168259501457214
2651,0.4347580671310425
2652,0.5187755823135376
2653,0.3688255846500397
2654,0.35046184062957764
2655,0.3671116232872009
2656,0.4044288992881775
2657,0.3854341506958008
2658,0.29476913809776306
2659,0.35420387983322144
2660,0.24199369549751282
2661,0.33059537410736084
2662,0.6257078051567078
2663,0.7366769909858704
2664,0.6181949377059937
2665,0.7362543344497681
2666,0.7200234532356262
2667,0.6063283085823059
2668,0.6225935220718384
2669,0.5861178636550903
2670,0.6768985390663147
2671,0.7426108717918396
2672,0.532568097114563
2673,0.5287604928016663
2674,0.49977201223373413
2675,0.7501617670059204
2676,0.3831636905670166
2677,0.5541318655014038
2678,0.8106570243835449
2679,0.8298686742782593
2680,0.7865450382232666
2681,0.6880003213882446
2682,0.40391746163368225
2683,0.32682907581329346
2684,0.3105525076389313
2685,0.5753980875015259
2686,0.5022938847541809
2687,0.7399904131889343
2688,0.5078411102294922
2689,0.6154851913452148
2690,0.5456599593162537
2691,0.5930851101875305
2692,0.6451382637023926
2693,0.7143356204032898
2694,0.2801987826824188
2695,0.5574376583099365
2696,0.38332563638687134
2697,0.49220532178878784
2698,0.5817485451698303
2699,0.6329026222229004
2700,0.4305132031440735
2701,0.26725584268569946
2702,0.2962643802165985
2703,0.31167346239089966
2704,0.6896504163742065
2705,0.3676927983760834
2706,0.40276670455932617
2707,0.4127722382545471
2708,0.4265444576740265
2709,0.41933685541152954
2710,0.466293603181839
2711,0.5420485734939575
2712,0.3067551851272583
2713,0.34461545944213867
2714,0.3262222707271576
2715,0.28669124841690063
2716,0.24139276146888733
2717,0.2869606018066406
2718,0.6528759598731995
2719,0.30113109946250916
2720,0.48864614963531494
2721,0.49108120799064636
2722,0.5788437128067017
2723,0.36863255500793457
2724,0.453887015581131
2725,0.5816830992698669
2726,0.6620129942893982
2727,0.7635261416435242
2728,0.7475994229316711
2729,0.5649539232254028
2730,0.6145934462547302
2731,0.5517711639404297
2732,0.5481926798820496
2733,0.8224115967750549
2734,0.8232548236846924
2735,0.6021793484687805
2736,0.358773797750473
2737,0.31231796741485596
2738,0.5733608603477478
2739,0.4989374876022339
2740,0.4231767952442169
2741,0.8125263452529907
2742,0.7981147766113281
2743,0.8179832696914673
2744,0.8007981777191162
2745,0.7999185919761658
2746,0.4690031409263611
2747,0.4721910059452057
2748,0.524074375629425
2749,0.571132481098175
2750,0.5399993658065796
2751,0.5615190267562866
2752,0.4064825475215912
2753,0.30651766061782837
2754,0.3714342415332794
2755,0.30870625376701355
2756,0.7817049622535706
2757,0.24694743752479553
2758,0.6064208149909973
2759,0.2626703679561615
2760,0.36983582377433777
2761,0.3551427125930786
2762,0.620934009552002
2763,0.32721400260925293
2764,0.3440476357936859
2765,0.30403169989585876
2766,0.27624642848968506
2767,0.3112196922302246
2768,0.31415870785713196
2769,0.33713629841804504
2770,0.5135171413421631
2771,0.5157183408737183
2772,0.32369667291641235
2773,0.5641420483589172
2774,0.6369194984436035
2775,0.6045879125595093
2776,0.4855465888977051
2777,0.32097747921943665
2778,0.6348006725311279
2779,0.8205989003181458
2780,0.7894411683082581
2781,0.8120591044425964
2782,0.8181571960449219
2783,0.8135964274406433
2784,0.7941349744796753
2785,0.8108028769493103
2786,0.7283527851104736
2787,0.8169072866439819
2788,0.8158845901489258
2789,0.810982882976532
2790,0.36885523796081543
2791,0.2871863543987274
2792,0.311967670917511
2793,0.32964107394218445
2794,0.6443254351615906
2795,0.5581969022750854
2796,0.6485499739646912
2797,0.771589457988739
2798,0.7911500930786133
2799,0.6782675385475159
2800,0.34183990955352783
2801,0.728084921836853
2802,0.6218699216842651
2803,0.585634171962738
2804,0.6447376012802124
2805,0.7040839195251465
2806,0.337350994348526
2807,0.6574508547782898
2808,0.2613058090209961
2809,0.2831212878227234
2810,0.341680109500885
2811,0.3136458396911621
2812,0.5115782618522644
2813,0.4859866201877594
2814,0.5431187152862549
2815,0.2539891302585602
2816,0.5300461053848267
2817,0.3104180693626404
2818,0.7831140756607056
2819,0.8124893307685852
2820,0.7059680819511414
2821,0.7878930568695068
2822,0.6193097829818726
2823,0.5279003381729126
2824,0.2781420946121216
2825,0.644176721572876
2826,0.5052977204322815
2827,0.7916187047958374
2828,0.6442307233810425
2829,0.6442307233810425
2830,0.3564469814300537
2831,0.2626049816608429
2832,0.2784312069416046
2833,0.6157152652740479
2834,0.5708678364753723
2835,0.40719345211982727
2836,0.47321632504463196
2837,0.38843709230422974
2838,0.7220811247825623
2839,0.8013373017311096
2840,0.7288251519203186
2841,0.5843130350112915
2842,0.2745099663734436
2843,0.823893666267395
2844,0.7330178022384644
2845,0.40141570568084717
2846,0.2735685408115387
2847,0.308662474155426
2848,0.6465176939964294
2849,0.3212229013442993
2850,0.3334239423274994
2851,0.36689692735671997
2852,0.38095521926879883
2853,0.37565430998802185
2854,0.4778467118740082
2855,0.6131690740585327
2856,0.6299768090248108
2857,0.6140164732933044
2858,0.578750491142273
2859,0.5410976409912109
2860,0.5182321071624756
2861,0.2927776277065277
2862,0.28734254837036133
2863,0.4740784764289856
2864,0.35148245096206665
2865,0.29626601934432983
2866,0.5339688062667847
2867,0.6140632629394531
2868,0.7114476561546326
2869,0.7420024275779724
2870,0.5119487643241882
2871,0.35169076919555664
2872,0.3303898274898529
2873,0.36366891860961914
2874,0.29191210865974426
2875,0.5277195572853088
2876,0.7786550521850586
2877,0.6504217386245728
2878,0.7037100791931152
2879,0.33186209201812744
2880,0.4018746614456177
2881,0.46818625926971436
2882,0.8365443348884583
2883,0.7513596415519714
2884,0.7581477761268616
2885,0.541973352432251
2886,0.3333602249622345
2887,0.42596927285194397
2888,0.6035801768302917
2889,0.4753178060054779
2890,0.7517598271369934
2891,0.2750733196735382
2892,0.28739434480667114
2893,0.44115129113197327
2894,0.4626445472240448
2895,0.46300461888313293
2896,0.4437306821346283
2897,0.42990484833717346
2898,0.3166579306125641
2899,0.6576916575431824
2900,0.4964589774608612
2901,0.4532559812068939
2902,0.38875216245651245
2903,0.2962977886199951
2904,0.2935637831687927
2905,0.5180606245994568
2906,0.4918976128101349
2907,0.6273195147514343
2908,0.5051615834236145
2909,0.5881433486938477
2910,0.45183876156806946
2911,0.6069655418395996
2912,0.5113661885261536
2913,0.5022000670433044
2914,0.5122109651565552
2915,0.3261994421482086
2916,0.6027436256408691
2917,0.3435768783092499
2918,0.2753458321094513
2919,0.2577471137046814
2920,0.4905852675437927
2921,0.7863274216651917
2922,0.3220193386077881
2923,0.7065643072128296
2924,0.813693106174469
2925,0.8189398050308228
2926,0.3389137387275696
2927,0.32639747858047485
2928,0.3573925495147705
2929,0.3568224012851715
2930,0.6945838332176208
2931,0.44385626912117004
2932,0.49985724687576294
2933,0.6624679565429688
2934,0.6688759326934814
2935,0.489989697933197
2936,0.3666551113128662
2937,0.4433337450027466
2938,0.4609684646129608
2939,0.3388141393661499
2940,0.30311933159828186
2941,0.6347029805183411
2942,0.4440011978149414
2943,0.4159696698188782
2944,0.3835824728012085
2945,0.2848885655403137
2946,0.32360774278640747
2947,0.31885388493537903
2948,0.7814011573791504
2949,0.4568474292755127
2950,0.6458386778831482
2951,0.6361361742019653
2952,0.3008919060230255
2953,0.3264405131340027
2954,0.33076199889183044
2955,0.33444058895111084
2956,0.474919855594635
2957,0.7299990653991699
2958,0.33281779289245605
2959,0.5568570494651794
2960,0.34355631470680237
2961,0.29802265763282776
2962,0.3096980154514313
2963,0.6176988482475281
2964,0.5188024640083313
2965,0.38902175426483154
2966,0.6337779760360718
2967,0.5479978322982788
2968,0.5433814525604248
2969,0.5021084547042847
2970,0.8011404871940613
2971,0.7954272031784058
2972,0.32965463399887085
2973,0.3884376287460327
2974,0.7679518461227417
2975,0.667466938495636
2976,0.40285345911979675
2977,0.5306134223937988
2978,0.4159453809261322
2979,0.398875892162323
2980,0.33577555418014526
2981,0.3901967406272888
2982,0.6496209502220154
2983,0.6686205267906189
2984,0.66633540391922
2985,0.7458599805831909
2986,0.4946832060813904
2987,0.7399641871452332
2988,0.3925934433937073
2989,0.27722984552383423
2990,0.3007654845714569
2991,0.562163233757019
2992,0.48315176367759705
2993,0.4715796113014221
2994,0.44715380668640137
2995,0.4838116765022278
2996,0.5896509289741516
2997,0.45392853021621704
2998,0.4278133809566498
2999,0.5362178087234497
3000,0.28876975178718567
3001,0.43748944997787476
3002,0.4659590721130371
3003,0.751219630241394
3004,0.5315190553665161
3005,0.6523153781890869
3006,0.5640013813972473
3007,0.5524846911430359
3008,0.5656165480613708
3009,0.5919231176376343
3010,0.46259719133377075
3011,0.6438664197921753
3012,0.41765880584716797
3013,0.3681218922138214
3014,0.4013926684856415
3015,0.3679448366165161
3016,0.3774295747280121
3017,0.5088605284690857
3018,0.30015113949775696
3019,0.3811072111129761
3020,0.33190852403640747
3021,0.3251989483833313
3022,0.3234463036060333
3023,0.4887685477733612
3024,0.44938212633132935
3025,0.48487746715545654
3026,0.4312238395214081
3027,0.22989508509635925
3028,0.6257272362709045
3029,0.5524402260780334
3030,0.798733115196228
3031,0.7870073318481445
3032,0.436438649892807
3033,0.6591538786888123
3034,0.3119926452636719
3035,0.6551341414451599
3036,0.7142500281333923
3037,0.6512163877487183
3038,0.4765235483646393
3039,0.3699801564216614
3040,0.5022709965705872
3041,0.37629806995391846
3042,0.7923686504364014
3043,0.5300922393798828
3044,0.3912281095981598
3045,0.5877605080604553
3046,0.4207887053489685
3047,0.373546838760376
3048,0.3277762830257416
3049,0.7588210105895996
3050,0.28033918142318726
3051,0.24358373880386353
3052,0.25573834776878357
3053,0.3614923357963562
3054,0.3595621585845947
3055,0.7167469263076782
3056,0.30593621730804443
3057,0.4399847984313965
3058,0.5108456611633301
3059,0.5060661435127258
3060,0.34620094299316406
3061,0.3220592439174652
3062,0.5552515983581543
3063,0.5896676778793335
3064,0.47435951232910156
3065,0.4508131146430969
3066,0.4684005081653595
3067,0.3069598972797394
3068,0.29286089539527893
3069,0.3771846294403076
3070,0.5409872531890869
3071,0.46026426553726196
3072,0.3016521632671356
3073,0.504488468170166
3074,0.5140955448150635
3075,0.5336217284202576
3076,0.5712727904319763
3077,0.2575750946998596
3078,0.4340459704399109
3079,0.5530931949615479
3080,0.19321464002132416
3081,0.2239525318145752
3082,0.652854859828949
3083,0.7670251131057739
3084,0.3857700228691101
3085,0.3365913927555084
3086,0.5280393958091736
3087,0.5691392421722412
3088,0.577174186706543
3089,0.3580842614173889
3090,0.243814155459404
3091,0.3384687900543213
3092,0.6269727349281311
3093,0.5084007978439331
3094,0.3650669753551483
3095,0.35646718740463257
3096,0.41500407457351685
3097,0.3743104338645935
3098,0.45298904180526733
3099,0.3973422944545746
3100,0.5302727222442627
3101,0.5138418078422546
3102,0.683838963508606
3103,0.7079123854637146
3104,0.6354315280914307
3105,0.4424991011619568
3106,0.5360371470451355
3107,0.57160884141922
3108,0.3669898808002472
3109,0.3368133306503296
3110,0.5219883322715759
3111,0.456027090549469
3112,0.33929020166397095
3113,0.33392196893692017
3114,0.4797762632369995
3115,0.4520283639431
3116,0.40088993310928345
3117,0.34280097484588623
3118,0.7678694128990173
3119,0.35759902000427246
3120,0.3880300521850586
3121,0.3270163834095001
3122,0.3668375313282013
3123,0.40058261156082153
3124,0.35782384872436523
3125,0.41319453716278076
3126,0.41218698024749756
3127,0.3800712525844574
3128,0.49491679668426514
3129,0.2769893705844879
3130,0.27645963430404663
3131,0.26547324657440186
3132,0.30715861916542053
3133,0.29326131939888
3134,0.30814632773399353
3135,0.35043156147003174
3136,0.2973088324069977
3137,0.3817548155784607
3138,0.4956818222999573
3139,0.440927654504776
3140,0.6995104551315308
3141,0.4080156981945038
3142,0.46226978302001953
3143,0.44891756772994995
3144,0.29585978388786316
3145,0.3669177293777466
3146,0.5974408388137817
3147,0.6647605299949646
3148,0.5699771046638489
3149,0.5578864216804504
3150,0.5862659215927124
3151,0.4752346873283386
3152,0.4091920852661133
3153,0.4590858817100525
3154,0.4221845269203186
3155,0.46535101532936096
3156,0.5031360983848572
3157,0.5289535522460938
3158,0.43027544021606445
3159,0.5077154040336609
3160,0.5717297792434692
3161,0.38069459795951843
3162,0.5842375755310059
3163,0.5467849373817444
3164,0.3489956855773926
3165,0.5253483653068542
3166,0.5297597050666809
3167,0.3151315450668335
3168,0.6491819620132446
3169,0.7074298858642578
3170,0.653197169303894
3171,0.6685760617256165
3172,0.48318642377853394
3173,0.5886555910110474
3174,0.5375235080718994
3175,0.36881372332572937
3176,0.5280036330223083
3177,0.512018084526062
3178,0.3882780373096466
3179,0.24743695557117462
3180,0.5847219228744507
3181,0.6739298105239868
3182,0.41046810150146484
3183,0.5185263156890869
3184,0.4491484761238098
3185,0.5218485593795776
3186,0.4039970934391022
3187,0.5364633202552795
3188,0.5378291010856628
3189,0.5968213081359863
3190,0.31980714201927185
3191,0.3200906217098236
3192,0.334078311920166
3193,0.314437597990036
3194,0.5263746976852417
3195,0.5131336450576782
3196,0.30416011810302734
3197,0.4703886806964874
3198,0.24680134654045105
3199,0.460223913192749
3200,0.3094913959503174
3201,0.4809056520462036
3202,0.5877968072891235
3203,0.34820809960365295
3204,0.5177830457687378
3205,0.5704224705696106
3206,0.5697875022888184
3207,0.5519635081291199
3208,0.4565192759037018
3209,0.623763918876648
3210,0.5340452194213867
3211,0.2905946969985962
3212,0.29324814677238464
3213,0.46498924493789673
3214,0.34653347730636597
3215,0.6260442137718201
3216,0.33230334520339966
3217,0.5997310280799866
3218,0.7349202036857605
3219,0.4765353202819824
3220,0.48738235235214233
3221,0.43282413482666016
3222,0.3119487166404724
3223,0.5195469260215759
3224,0.5883859992027283
3225,0.44165700674057007
3226,0.7039292454719543
3227,0.6417829394340515
3228,0.4647570252418518
3229,0.368129700422287
3230,0.3236852288246155
3231,0.39506813883781433
3232,0.27302801609039307
3233,0.4344930946826935
3234,0.5578277707099915
3235,0.3602144718170166
3236,0.5619139671325684
3237,0.3160589337348938
3238,0.5640643239021301
3239,0.4944196045398712
3240,0.5740101933479309
3241,0.324600487947464
3242,0.33653441071510315
3243,0.39002302289009094
3244,0.49256449937820435
3245,0.3872200846672058
3246,0.6150078773498535
3247,0.3812601566314697
3248,0.6180540323257446
3249,0.3160485625267029
3250,0.5832672715187073
3251,0.6368871331214905
3252,0.7440683245658875
3253,0.45748549699783325
3254,0.441902220249176
3255,0.3588210940361023
3256,0.5129185914993286
3257,0.4117206633090973
3258,0.4117206633090973
3259,0.3448348641395569
3260,0.7571377158164978
3261,0.333920955657959
3262,0.29413551092147827
3263,0.5589938759803772
3264,0.5449011325836182
3265,0.3427460491657257
3266,0.395285964012146
3267,0.3014393746852875
3268,0.3264712989330292
3269,0.6199299693107605
3270,0.5893096327781677
3271,0.2561461627483368
3272,0.29191404581069946
3273,0.25907281041145325
3274,0.3227689862251282
3275,0.33596542477607727
3276,0.7311932444572449
3277,0.28824976086616516
3278,0.5148746967315674
