epoch,loss,g_reg,g_rank,topk,b_reg,b_rank,mono,spearman,kendall
1,6.619654178619385,0.670994222164154,0.6699516177177429,0.5658637881278992,0.05966075137257576,0.6148985028266907,0.4093477725982666,0.059109311740890694,0.03643724696356276
2,4.311371803283691,0.3149821162223816,0.5473873615264893,0.3234393000602722,0.057878658175468445,0.5750572681427002,0.41974422335624695,0.0402834008097166,0.02564102564102564
3,3.877138376235962,0.16443605720996857,0.507543683052063,0.3416982591152191,0.07142359018325806,0.589758574962616,0.41661521792411804,0.1939271255060729,0.14709851551956815
4,3.3564882278442383,0.1310083270072937,0.4056100845336914,0.3260044455528259,0.07905370742082596,0.5516068935394287,0.43210819363594055,0.24919028340080973,0.1659919028340081
5,3.0791285037994385,0.11751186847686768,0.40651780366897583,0.26297974586486816,0.08090643584728241,0.5608381628990173,0.44215184450149536,0.3246963562753037,0.21457489878542513
6,2.392104387283325,0.11601065844297409,0.33447152376174927,0.1606203317642212,0.08387483656406403,0.5133410096168518,0.4777553081512451,0.308502024291498,0.20377867746288802
7,2.2586312294006348,0.10103058815002441,0.3330194056034088,0.13744951784610748,0.09277789294719696,0.5108717083930969,0.5195003747940063,0.35202429149797576,0.2388663967611336
8,1.5467379093170166,0.07132390141487122,0.24533221125602722,0.05856242775917053,0.10307531803846359,0.47462978959083557,0.5578632950782776,0.3977732793522267,0.2658569500674764
9,1.2749942541122437,0.05781391263008118,0.20742174983024597,0.03544916957616806,0.11697858572006226,0.44439685344696045,0.5758071541786194,0.4334008097165992,0.2928475033738192
10,1.111771583557129,0.05338837578892708,0.16145850718021393,0.045425254851579666,0.12008761614561081,0.37821683287620544,0.6075526475906372,0.4846153846153847,0.3387314439946019
11,1.043182134628296,0.06999167054891586,0.14153245091438293,0.03830616921186447,0.12009953707456589,0.3553534746170044,0.5985594987869263,0.5224696356275305,0.38461538461538464
12,1.0563362836837769,0.07437557727098465,0.1306598037481308,0.050019826740026474,0.11461899429559708,0.3459196984767914,0.5717406868934631,0.5238866396761134,0.3603238866396761
13,0.964648425579071,0.07851610332727432,0.12488909810781479,0.031727198511362076,0.11279737949371338,0.33214300870895386,0.5397261381149292,0.5101214574898786,0.349527665317139
14,0.8325737118721008,0.058572206646203995,0.09416723996400833,0.041666414588689804,0.10173237323760986,0.3103832006454468,0.4905461072921753,0.5064777327935223,0.3387314439946019
15,0.7509438395500183,0.049136191606521606,0.09377212077379227,0.02532162517309189,0.09565578401088715,0.3314911723136902,0.4660641551017761,0.5174089068825911,0.35222672064777333
16,0.5440958738327026,0.030513696372509003,0.06450436264276505,0.01238612737506628,0.09298201650381088,0.3233496844768524,0.43057501316070557,0.5323886639676113,0.37381916329284753
17,0.6935020685195923,0.022724933922290802,0.062284890562295914,0.05757354199886322,0.09296347200870514,0.3178558647632599,0.403484582901001,0.49149797570850207,0.35492577597840763
18,0.6157497763633728,0.01880856603384018,0.05901036411523819,0.04259390011429787,0.09099165350198746,0.3266179859638214,0.3881674110889435,0.3791497975708502,0.26045883940620784
19,0.6340597867965698,0.01796126365661621,0.06670326739549637,0.040079373866319656,0.09431561827659607,0.331468403339386,0.40423816442489624,0.27408906882591094,0.19568151147098517
20,0.6856256127357483,0.018387626856565475,0.06696601212024689,0.05049663409590721,0.09483399987220764,0.34740373492240906,0.4020739495754242,0.2993927125506073,0.20647773279352227
21,0.5813450217247009,0.016217472031712532,0.04585472494363785,0.044801414012908936,0.09400578588247299,0.3431244194507599,0.4028277099132538,0.3334008097165992,0.22267206477732795
22,0.4658414423465729,0.01729407347738743,0.041288215667009354,0.023283332586288452,0.09558422118425369,0.310509592294693,0.40301987528800964,0.41639676113360324,0.2793522267206478
23,0.4191904067993164,0.016683559864759445,0.0328185074031353,0.02123425342142582,0.09658918529748917,0.2965667247772217,0.39474815130233765,0.4313765182186235,0.28205128205128205
24,0.468051016330719,0.021028907969594002,0.041214317083358765,0.024980949237942696,0.09888608008623123,0.2837000787258148,0.3913237154483795,0.42429149797570853,0.27125506072874495
25,0.4389348328113556,0.02417936362326145,0.03536982089281082,0.021826084703207016,0.09835969656705856,0.276915580034256,0.38187894225120544,0.39230769230769236,0.24426450742240216
26,0.43217208981513977,0.02028011344373226,0.03435453027486801,0.02402784675359726,0.09742578119039536,0.2742674648761749,0.36486467719078064,0.34554655870445344,0.22267206477732795
27,0.3626077473163605,0.018952809274196625,0.022581055760383606,0.017530495300889015,0.09632105380296707,0.277160108089447,0.357157826423645,0.3360323886639676,0.21457489878542513
28,0.3818330466747284,0.017162036150693893,0.024507706984877586,0.025309955701231956,0.09188477694988251,0.25101155042648315,0.3443377912044525,0.3412955465587045,0.2253711201079622
29,0.34730204939842224,0.01358320377767086,0.022950882092118263,0.019122391939163208,0.0880679115653038,0.26216474175453186,0.3327449858188629,0.33805668016194335,0.2280701754385965
30,0.3733057677745819,0.013208837248384953,0.023640038445591927,0.0262724831700325,0.08412764966487885,0.2553163468837738,0.32765331864356995,0.3526315789473684,0.23346828609986506
31,0.33791443705558777,0.0134946433827281,0.023944368585944176,0.0178834181278944,0.08001077175140381,0.25042107701301575,0.31254473328590393,0.3548582995951417,0.23616734143049933
32,0.34583088755607605,0.010998314246535301,0.02184910885989666,0.023134548217058182,0.07800953090190887,0.25304993987083435,0.29998233914375305,0.35141700404858306,0.23076923076923075
33,0.3190321922302246,0.009650075808167458,0.02550012245774269,0.015503380447626114,0.07825961709022522,0.24300223588943481,0.2863194942474365,0.3651821862348178,0.24966261808367074
34,0.38071873784065247,0.008375376462936401,0.02722894214093685,0.030363701283931732,0.07492215931415558,0.24433119595050812,0.26732754707336426,0.38967611336032393,0.25775978407557354
35,0.314650297164917,0.007477537263184786,0.021586261689662933,0.01860194094479084,0.07374503463506699,0.2512866258621216,0.2595793604850769,0.3815789473684211,0.252361673414305
36,0.30066850781440735,0.007315505295991898,0.019162151962518692,0.02024005725979805,0.06877247989177704,0.23036818206310272,0.24581335484981537,0.397165991902834,0.26855600539811064
37,0.25375398993492126,0.005757484119385481,0.01647311821579933,0.013925982639193535,0.0652017742395401,0.21582581102848053,0.23134709894657135,0.40728744939271255,0.2766531713900135
38,0.2885643541812897,0.0074926684610545635,0.020009350031614304,0.017978308722376823,0.06280152499675751,0.2218209058046341,0.21392205357551575,0.4261133603238867,0.2901484480431849
39,0.3058953285217285,0.0072620222344994545,0.01700368896126747,0.025547722354531288,0.05995868518948555,0.2196059226989746,0.20475253462791443,0.4248987854251013,0.2874493927125506
40,0.2516429126262665,0.0066222939640283585,0.019129304215312004,0.011183952912688255,0.058276187628507614,0.21543057262897491,0.19711796939373016,0.4143724696356275,0.2793522267206478
41,0.2627899646759033,0.008240988478064537,0.021114328876137733,0.011945776641368866,0.05796290934085846,0.21100623905658722,0.18409639596939087,0.4046558704453442,0.27125506072874495
42,0.2319709062576294,0.007202616427093744,0.015174848027527332,0.011454110965132713,0.05831585451960564,0.20106826722621918,0.1734047830104828,0.3941295546558705,0.2631578947368421
43,0.2596128284931183,0.008625677786767483,0.022118695080280304,0.012057841755449772,0.05769077315926552,0.19692105054855347,0.16344495117664337,0.3722672064777328,0.24966261808367074
44,0.20715531706809998,0.007851414382457733,0.014276329427957535,0.007556050084531307,0.05679503455758095,0.18795041739940643,0.153614342212677,0.348582995951417,0.2280701754385965
45,0.22570845484733582,0.007266911678016186,0.01530548743903637,0.010874425992369652,0.054826416075229645,0.1948958784341812,0.15087354183197021,0.31599190283400813,0.21997300944669368
46,0.22857600450515747,0.008478817529976368,0.01758137159049511,0.008754688315093517,0.053824249655008316,0.19658683240413666,0.14299115538597107,0.29473684210526313,0.20377867746288802
47,0.21235020458698273,0.006408484652638435,0.015922753140330315,0.00887689646333456,0.05249059945344925,0.18629397451877594,0.1339142769575119,0.28906882591093114,0.19838056680161945
48,0.21861675381660461,0.007250634953379631,0.013671798631548882,0.012484926730394363,0.05101662501692772,0.182325541973114,0.128694549202919,0.29473684210526313,0.20107962213225372
49,0.2046632319688797,0.006385084241628647,0.013762537389993668,0.01019346248358488,0.05163349211215973,0.1766701489686966,0.1251872479915619,0.2941295546558705,0.19568151147098517
50,0.21311062574386597,0.00597689813002944,0.011649081483483315,0.014530588872730732,0.05161242559552193,0.17591924965381622,0.12306749075651169,0.31639676113360327,0.20917678812415658
51,0.1790277063846588,0.005368111655116081,0.011174838058650494,0.00745763024315238,0.05207637697458267,0.1707306057214737,0.12184072285890579,0.31518218623481786,0.21187584345479082
52,0.1904449462890625,0.0049750907346606255,0.014442997053265572,0.007131783291697502,0.05220490321516991,0.1753167062997818,0.12101486325263977,0.3157894736842105,0.20647773279352227
53,0.20992030203342438,0.004459212068468332,0.011287649162113667,0.016762178391218185,0.05051589012145996,0.1624334156513214,0.11897001415491104,0.3174089068825911,0.20107962213225372
54,0.17757590115070343,0.004169931635260582,0.01040632463991642,0.008313193917274475,0.04954629763960838,0.17335842549800873,0.11684619635343552,0.3307692307692308,0.21187584345479082
55,0.17055606842041016,0.003112823236733675,0.010082286782562733,0.007841989398002625,0.05060186609625816,0.17015987634658813,0.11955868452787399,0.33238866396761135,0.21457489878542513
56,0.19022086262702942,0.003465864807367325,0.011838053353130817,0.012986179441213608,0.05028165876865387,0.1546957790851593,0.11604481190443039,0.32753036437246963,0.21187584345479082
57,0.18457406759262085,0.003983786795288324,0.00684872642159462,0.01450891513377428,0.05035676807165146,0.16319464147090912,0.11950787901878357,0.321255060728745,0.20917678812415658
58,0.18127351999282837,0.00433746725320816,0.0123096639290452,0.009018032811582088,0.04830346256494522,0.16130416095256805,0.11582930386066437,0.3317813765182186,0.21727395411605938
59,0.19989484548568726,0.004097608849406242,0.011234210804104805,0.014859560877084732,0.049668144434690475,0.1603575050830841,0.11494532227516174,0.3350202429149797,0.21727395411605938
60,0.1799522042274475,0.0036969471257179976,0.011383670382201672,0.009612247347831726,0.04881133884191513,0.1637549251317978,0.11318805813789368,0.31821862348178137,0.20377867746288802
61,0.17825505137443542,0.004303302615880966,0.010330645367503166,0.010196946561336517,0.04857184365391731,0.1599089652299881,0.11480153352022171,0.3111336032388664,0.20107962213225372
62,0.17244361340999603,0.0035142139531672,0.009965091943740845,0.009747982025146484,0.04882124066352844,0.1583462953567505,0.11466119438409805,0.3107287449392713,0.20107962213225372
63,0.15848740935325623,0.003151525743305683,0.009173785336315632,0.007083650678396225,0.04831898584961891,0.1596577912569046,0.11009940505027771,0.3107287449392713,0.19838056680161945
64,0.17684200406074524,0.00454886956140399,0.010550069622695446,0.01055126916617155,0.048636458814144135,0.1519448161125183,0.11006896197795868,0.307085020242915,0.19568151147098517
65,0.14777904748916626,0.0035965435672551394,0.00869342777878046,0.004455107264220715,0.04770887270569801,0.16073398292064667,0.10804786533117294,0.3010121457489879,0.18758434547908234
66,0.1526828110218048,0.0031218640506267548,0.008777269162237644,0.006072647869586945,0.04841799661517143,0.15932530164718628,0.1072530448436737,0.2995951417004049,0.1821862348178138
67,0.16067302227020264,0.003593192668631673,0.009448439814150333,0.006953103002160788,0.0482536256313324,0.16155698895454407,0.10408475250005722,0.3101214574898785,0.18488529014844804
68,0.14774461090564728,0.0038489741273224354,0.010161736980080605,0.0039131660014390945,0.04881460219621658,0.15378481149673462,0.10259117931127548,0.3157894736842105,0.18758434547908234
69,0.16815589368343353,0.0038905213586986065,0.010164638981223106,0.009634657762944698,0.04776572808623314,0.1488589346408844,0.10217352956533432,0.31781376518218624,0.19838056680161945
70,0.16928604245185852,0.003830558620393276,0.010165139101445675,0.009310819208621979,0.04768360033631325,0.1542866975069046,0.09953340142965317,0.30303643724696355,0.1902834008097166
71,0.14425528049468994,0.0038503457326442003,0.009895836003124714,0.0040211426094174385,0.048094190657138824,0.14852802455425262,0.09671971946954727,0.2979757085020243,0.18488529014844804
72,0.16423514485359192,0.0036681233905255795,0.008433875627815723,0.010211884044110775,0.047430407255887985,0.15079866349697113,0.09112729877233505,0.2941295546558705,0.1794871794871795
73,0.15474256873130798,0.004166183993220329,0.008882918395102024,0.006504390388727188,0.04657552018761635,0.1562843918800354,0.08839168399572372,0.2975708502024291,0.1821862348178138
74,0.15922172367572784,0.004340105690062046,0.008767792023718357,0.00774787925183773,0.045985911041498184,0.15537644922733307,0.08811725676059723,0.3004048582995951,0.18488529014844804
75,0.14907300472259521,0.003741669934242964,0.009265942499041557,0.005947081372141838,0.046157106757164,0.14893050491809845,0.08837506175041199,0.30202429149797577,0.18758434547908234
76,0.16152261197566986,0.0034875913988798857,0.008085371926426888,0.010000529699027538,0.046124670654535294,0.1511983722448349,0.08582118153572083,0.2882591093117409,0.1794871794871795
77,0.14837725460529327,0.0037898782175034285,0.008532695472240448,0.006019880063831806,0.04606145620346069,0.15208588540554047,0.08619049936532974,0.2882591093117409,0.1794871794871795
78,0.1511867791414261,0.0037203652318567038,0.009166941046714783,0.006917973048985004,0.045143142342567444,0.14666195213794708,0.08568784594535828,0.2868421052631579,0.1794871794871795
79,0.13101640343666077,0.003839647164568305,0.007623789831995964,0.003634830005466938,0.04576655477285385,0.14268235862255096,0.08553753048181534,0.2868421052631579,0.1794871794871795
80,0.15743106603622437,0.004142050165683031,0.007875162176787853,0.009111989289522171,0.04559982940554619,0.14879830181598663,0.082115538418293,0.2850202429149798,0.1794871794871795
81,0.15550878643989563,0.0034848160576075315,0.007635741960257292,0.008430404588580132,0.045399218797683716,0.1554761379957199,0.081440769135952,0.28927125506072876,0.18488529014844804
82,0.15593303740024567,0.00438371067866683,0.00848099309951067,0.008597888052463531,0.045176297426223755,0.144546777009964,0.08215425163507462,0.28927125506072876,0.18488529014844804
83,0.13753372430801392,0.0031366681214421988,0.007561085280030966,0.00481788907200098,0.044651079922914505,0.15113985538482666,0.07843317836523056,0.28582995951417,0.1821862348178138
84,0.15262284874916077,0.0039802310056984425,0.009263481013476849,0.008416122756898403,0.04489406198263168,0.13642196357250214,0.07770431041717529,0.28360323886639677,0.1794871794871795
85,0.13310056924819946,0.002495025983080268,0.008001348003745079,0.004714955575764179,0.045373354107141495,0.14319993555545807,0.07722315937280655,0.2793522267206478,0.17408906882591094
86,0.1429985612630844,0.003490632865577936,0.007323737721890211,0.007438830565661192,0.045007042586803436,0.14095063507556915,0.07815099507570267,0.2793522267206478,0.17408906882591094
87,0.15811026096343994,0.0031434595584869385,0.008610274642705917,0.009887779131531715,0.044574443250894547,0.14457391202449799,0.07640277594327927,0.2787449392712551,0.17139001349527666
88,0.1365136057138443,0.0027218901086598635,0.005880799610167742,0.006399850826710463,0.04472263902425766,0.1504373401403427,0.07671518623828888,0.2730769230769231,0.16329284750337383
89,0.13156867027282715,0.0031262056436389685,0.007025476079434156,0.005406710784882307,0.044109538197517395,0.13910049200057983,0.07151903212070465,0.2732793522267207,0.1659919028340081
90,0.145803302526474,0.0033199081663042307,0.009107452817261219,0.00715510081499815,0.044005632400512695,0.1381722241640091,0.07040742039680481,0.2787449392712551,0.17408906882591094
91,0.14884743094444275,0.003166742855682969,0.00956543255597353,0.007082469295710325,0.04285985231399536,0.14263702929019928,0.07034360617399216,0.28360323886639677,0.1821862348178138
92,0.12972316145896912,0.0029527635779231787,0.00776349101215601,0.004366065375506878,0.0435185506939888,0.1396021544933319,0.07103678584098816,0.28016194331983807,0.17678812415654524
93,0.14295965433120728,0.002399410353973508,0.006148744840174913,0.008456191048026085,0.044144708663225174,0.14727911353111267,0.07123474031686783,0.2795546558704453,0.17408906882591094
94,0.12830251455307007,0.002912122057750821,0.005031134467571974,0.005766760557889938,0.04451188072562218,0.1447777897119522,0.07012203335762024,0.28299595141700407,0.17678812415654524
95,0.13781683146953583,0.0026932298205792904,0.007236651610583067,0.006444436497986317,0.04474354535341263,0.1439705342054367,0.07036244124174118,0.291497975708502,0.18488529014844804
96,0.15639662742614746,0.0029293198604136705,0.007547633722424507,0.010643753223121166,0.04463872313499451,0.1445811539888382,0.06654305756092072,0.2917004048582996,0.18758434547908234
97,0.14360105991363525,0.003086295211687684,0.007531355135142803,0.007910127751529217,0.044433627277612686,0.13996775448322296,0.0691566914319992,0.2917004048582996,0.18758434547908234
98,0.14470075070858002,0.00303427642211318,0.006989540997892618,0.009255451150238514,0.04422232508659363,0.13570556044578552,0.06709685176610947,0.2842105263157895,0.1821862348178138
99,0.13247305154800415,0.0027492400258779526,0.007330804597586393,0.005479660350829363,0.04413383826613426,0.14088857173919678,0.06331641972064972,0.28886639676113357,0.18488529014844804
100,0.14756496250629425,0.0031627947464585304,0.008065903559327126,0.008706576190888882,0.04383506998419762,0.1378144472837448,0.06620568782091141,0.28279352226720655,0.1794871794871795
101,0.13180401921272278,0.002867084229364991,0.006933003198355436,0.006041350308805704,0.04322322458028793,0.13721732795238495,0.065488301217556,0.28157894736842104,0.17408906882591094
102,0.1227525919675827,0.0027196966111660004,0.005913805682212114,0.00448813708499074,0.04268457368016243,0.13958920538425446,0.06478851288557053,0.2819838056680162,0.17678812415654524
103,0.13388028740882874,0.0033036216627806425,0.006790035404264927,0.006957427132874727,0.04391029477119446,0.13259734213352203,0.0667339488863945,0.2819838056680162,0.17678812415654524
104,0.12755078077316284,0.002457947703078389,0.006096718832850456,0.005258677061647177,0.04330221563577652,0.14262063801288605,0.06784296780824661,0.2908906882591093,0.1821862348178138
105,0.13349397480487823,0.002513215644285083,0.006638405844569206,0.007079712115228176,0.04379552602767944,0.1364399641752243,0.06116275116801262,0.2908906882591093,0.1821862348178138
106,0.12585504353046417,0.002676432952284813,0.007343948353081942,0.004350606352090836,0.043552882969379425,0.1371973603963852,0.0620749294757843,0.2908906882591093,0.1821862348178138
107,0.12936516106128693,0.002889609197154641,0.007035601884126663,0.005152086727321148,0.04381377249956131,0.13886938989162445,0.061842069029808044,0.2908906882591093,0.1821862348178138
108,0.12974309921264648,0.002214976819232106,0.007488704752177,0.005677244160324335,0.04391102120280266,0.13546696305274963,0.06323277950286865,0.2866396761133604,0.17408906882591094
109,0.1353929042816162,0.0023276146966964006,0.007322990335524082,0.007071237079799175,0.04356655105948448,0.13656513392925262,0.060384612530469894,0.28441295546558704,0.17408906882591094
110,0.1254165768623352,0.0031548042315989733,0.007912957109510899,0.003808335168287158,0.043179962784051895,0.13436396420001984,0.06201803311705589,0.28441295546558704,0.17408906882591094
111,0.12354699522256851,0.0019087002146989107,0.005787866190075874,0.005802607629448175,0.043721750378608704,0.13594992458820343,0.059202779084444046,0.2742914979757085,0.1659919028340081
112,0.12288080155849457,0.0023753808345645666,0.0058326199650764465,0.005210201255977154,0.04335341230034828,0.1366286426782608,0.060754239559173584,0.27408906882591094,0.1659919028340081
113,0.12109172344207764,0.002508534351363778,0.00664915144443512,0.004123714752495289,0.043185967952013016,0.13563789427280426,0.058319091796875,0.27408906882591094,0.1659919028340081
114,0.12099941074848175,0.002437193412333727,0.005650776904076338,0.004659600090235472,0.0426657572388649,0.13857817649841309,0.05869283899664879,0.2716599190283401,0.16329284750337383
115,0.12874680757522583,0.002456634072586894,0.007828678004443645,0.005217699334025383,0.042816340923309326,0.13416160643100739,0.059432320296764374,0.2716599190283401,0.16329284750337383
116,0.1354723423719406,0.0024915167596191168,0.007490594871342182,0.007165474817156792,0.04327820986509323,0.13423235714435577,0.05841134488582611,0.27408906882591094,0.1659919028340081
117,0.12412557005882263,0.0028788549825549126,0.005786117631942034,0.005797205958515406,0.04262851923704147,0.13253037631511688,0.05920324847102165,0.2704453441295547,0.16329284750337383
118,0.13675546646118164,0.002269316464662552,0.006270498502999544,0.008428135886788368,0.04374847933650017,0.1364346593618393,0.0566142275929451,0.2704453441295547,0.16329284750337383
119,0.13175618648529053,0.002545237075537443,0.006078757345676422,0.006523977965116501,0.04327978938817978,0.14116279780864716,0.062242958694696426,0.2704453441295547,0.16329284750337383
120,0.1258959323167801,0.002232202561572194,0.0071107205003499985,0.005287121050059795,0.04273102432489395,0.13430564105510712,0.057070083916187286,0.267004048582996,0.16059379217273956
121,0.12660133838653564,0.003310141386464238,0.006725470535457134,0.0039259325712919235,0.043436113744974136,0.14319176971912384,0.0628722757101059,0.2726720647773279,0.16329284750337383
122,0.11857888847589493,0.0025074409786611795,0.0060788486152887344,0.004809673875570297,0.04319804161787033,0.12905873358249664,0.05892889201641083,0.2742914979757085,0.1659919028340081
123,0.1484733670949936,0.0023565853480249643,0.005498338025063276,0.011846723966300488,0.0427282340824604,0.13778193295001984,0.05574087053537369,0.27753036437246964,0.16869095816464239
124,0.1330179125070572,0.002270675962790847,0.006502589676529169,0.007671586703509092,0.04323480278253555,0.1331181526184082,0.06026510149240494,0.27753036437246964,0.16869095816464239
125,0.13574860990047455,0.0026864861138164997,0.0066664135083556175,0.007588466629385948,0.04249432310461998,0.13657476007938385,0.05618539825081825,0.27611336032388667,0.1659919028340081
126,0.13098923861980438,0.00256688566878438,0.007094590924680233,0.005927069578319788,0.0432271733880043,0.1378195583820343,0.05600375309586525,0.27611336032388667,0.1659919028340081
127,0.12941086292266846,0.0022070349659770727,0.005838434677571058,0.006851781625300646,0.04251951724290848,0.13783690333366394,0.05762453377246857,0.2757085020242915,0.16329284750337383
128,0.11590777337551117,0.002704874612390995,0.005525135900825262,0.0043369559571146965,0.04352446645498276,0.130293607711792,0.05921071767807007,0.2757085020242915,0.16329284750337383
129,0.12724409997463226,0.002547204028815031,0.006241879425942898,0.0061575379222631454,0.04301464185118675,0.13457365334033966,0.056221190840005875,0.27672064777327937,0.1659919028340081
130,0.12890686094760895,0.002643877873197198,0.007612245623022318,0.005159410648047924,0.04304061084985733,0.1358713060617447,0.055539004504680634,0.27105263157894743,0.16329284750337383
131,0.12051554769277573,0.002175903180614114,0.006117020267993212,0.004054059274494648,0.04325651004910469,0.14073200523853302,0.055166590958833694,0.27105263157894743,0.16329284750337383
132,0.11860253661870956,0.00258628954179585,0.0063630626536905766,0.004389611072838306,0.042867597192525864,0.13062338531017303,0.05418398231267929,0.2668016194331984,0.16059379217273956
133,0.12357558310031891,0.002444463549181819,0.006502837408334017,0.005497543141245842,0.04265205189585686,0.13120771944522858,0.05690517649054527,0.2668016194331984,0.16059379217273956
134,0.11241936683654785,0.0023001590743660927,0.006251913961023092,0.0031272706110030413,0.04285653308033943,0.13070447742938995,0.05280585587024689,0.26943319838056684,0.1659919028340081
135,0.11647568643093109,0.003450201591476798,0.006487727630883455,0.003613560227677226,0.042676929384469986,0.1272284984588623,0.05613896995782852,0.27408906882591094,0.16869095816464239
136,0.12862899899482727,0.002839613240212202,0.007868197746574879,0.004534905310720205,0.04245547577738762,0.13797377049922943,0.05238420516252518,0.2692307692307693,0.1659919028340081
137,0.11952833086252213,0.0023044913541525602,0.006649935618042946,0.004101109225302935,0.04288436099886894,0.1344185322523117,0.05180366709828377,0.2682186234817814,0.1659919028340081
138,0.1097588911652565,0.0022273582872003317,0.006552739068865776,0.002761190989986062,0.0427267961204052,0.1268528401851654,0.05024097487330437,0.2647773279352227,0.16329284750337383
139,0.11466653645038605,0.0023486092686653137,0.006149781867861748,0.0036561230663210154,0.04282484948635101,0.13155494630336761,0.051726534962654114,0.2647773279352227,0.16329284750337383
140,0.1250184178352356,0.0023002969101071358,0.0067522875033319,0.005210239905864,0.04305113106966019,0.1360512524843216,0.04925936833024025,0.2647773279352227,0.16329284750337383
141,0.1217721551656723,0.0022769379429519176,0.006079203449189663,0.0054496899247169495,0.0430058129131794,0.13233330845832825,0.050732046365737915,0.265587044534413,0.1659919028340081
142,0.1153636947274208,0.002301142318174243,0.00618174159899354,0.003577427938580513,0.04273656755685806,0.13345837593078613,0.05324376001954079,0.265587044534413,0.1659919028340081
143,0.12802532315254211,0.002152096014469862,0.006487371399998665,0.0071740602143108845,0.042356424033641815,0.12887021899223328,0.05144568905234337,0.265587044534413,0.1659919028340081
144,0.1171475499868393,0.0026897143106907606,0.005957181099802256,0.004982973914593458,0.04326338320970535,0.12565332651138306,0.049764566123485565,0.265587044534413,0.1659919028340081
145,0.11237886548042297,0.002735183807089925,0.005584282800555229,0.002601027023047209,0.04291804879903793,0.1370960921049118,0.05503922328352928,0.265587044534413,0.1659919028340081
146,0.12789294123649597,0.002526220865547657,0.00513723399490118,0.008059903047978878,0.04286743327975273,0.12855328619480133,0.055881425738334656,0.2647773279352227,0.16329284750337383
147,0.1264026015996933,0.0028963980730623007,0.006961804814636707,0.004814725834876299,0.043233126401901245,0.13716866075992584,0.052574802190065384,0.2647773279352227,0.16329284750337383
148,0.11996755003929138,0.0020708178635686636,0.005969147197902203,0.005240876227617264,0.043249763548374176,0.13214178383350372,0.0507822148501873,0.2682186234817814,0.1659919028340081
149,0.12466807663440704,0.0027074364479631186,0.006637253798544407,0.005812154151499271,0.043500036001205444,0.129098042845726,0.05042905732989311,0.2682186234817814,0.1659919028340081
150,0.11249610036611557,0.0023238714784383774,0.0044550965540111065,0.0045324042439460754,0.04366231709718704,0.1318814903497696,0.05313975736498833,0.26619433198380565,0.16329284750337383
151,0.13118138909339905,0.0021449076011776924,0.005924693774431944,0.007939843460917473,0.042957551777362823,0.13284189999103546,0.05213222652673721,0.26619433198380565,0.16329284750337383
152,0.12629325687885284,0.002561727073043585,0.006660065613687038,0.00599625613540411,0.04293249547481537,0.1310318112373352,0.055690567940473557,0.2692307692307693,0.1659919028340081
153,0.11631735414266586,0.002522192196920514,0.006117100827395916,0.0036090107169002295,0.04263541102409363,0.13483674824237823,0.04968121647834778,0.26842105263157895,0.16329284750337383
154,0.117882639169693,0.0023039388470351696,0.0064791059121489525,0.004574078135192394,0.04223363474011421,0.1283164769411087,0.055360130965709686,0.26842105263157895,0.16329284750337383
155,0.1187523603439331,0.0025841996539384127,0.005079666618257761,0.005637201480567455,0.04296626150608063,0.13012561202049255,0.05209583044052124,0.2682186234817814,0.16059379217273956
156,0.12447882443666458,0.0023213105741888285,0.005512719042599201,0.006584923714399338,0.04253644868731499,0.13254962861537933,0.05025762692093849,0.2657894736842105,0.15789473684210525
157,0.12625578045845032,0.0025971182622015476,0.006882644724100828,0.005852242466062307,0.04244932532310486,0.13062253594398499,0.0541713684797287,0.27004048582995954,0.16059379217273956
158,0.12967298924922943,0.0026746965013444424,0.005520012695342302,0.009031259454786777,0.04291156306862831,0.12128562480211258,0.05214407667517662,0.27489878542510127,0.16329284750337383
159,0.12131116539239883,0.002595594385638833,0.005762833636254072,0.0059159863740205765,0.0425291508436203,0.1283261477947235,0.051446542143821716,0.27489878542510127,0.16329284750337383
160,0.12780825793743134,0.0022316966205835342,0.005861686542630196,0.007385067641735077,0.0418427400290966,0.13090717792510986,0.05069935321807861,0.2753036437246964,0.1659919028340081
161,0.11310482025146484,0.0026116957888007164,0.0060209790244698524,0.0037935804575681686,0.04266664385795593,0.12708202004432678,0.050403136759996414,0.27672064777327937,0.16869095816464239
162,0.12218357622623444,0.0025395918637514114,0.005796394310891628,0.00586735038086772,0.041613318026065826,0.13087736070156097,0.049556247889995575,0.28238866396761136,0.17139001349527666
163,0.12179920077323914,0.002484446158632636,0.0067999642342329025,0.005515523720532656,0.042010653764009476,0.1260240226984024,0.05026070773601532,0.28238866396761136,0.17139001349527666
164,0.1314743459224701,0.002812343882396817,0.006335261277854443,0.007750664837658405,0.04244626313447952,0.12895266711711884,0.05092918872833252,0.28238866396761136,0.17139001349527666
165,0.12527869641780853,0.003086566925048828,0.007217924110591412,0.006146333180367947,0.04176229611039162,0.12216419726610184,0.04911766201257706,0.28238866396761136,0.17139001349527666
166,0.1377420425415039,0.0020430523436516523,0.005748948082327843,0.010172641836106777,0.04259849339723587,0.13012991845607758,0.04995426535606384,0.28238866396761136,0.17139001349527666
167,0.11167359352111816,0.002053013537079096,0.00470155943185091,0.005338856019079685,0.041855648159980774,0.12414421886205673,0.04945014789700508,0.28238866396761136,0.17139001349527666
168,0.10737473517656326,0.002272438257932663,0.004068621434271336,0.004234032705426216,0.04212981462478638,0.12765923142433167,0.0494946613907814,0.28238866396761136,0.17139001349527666
169,0.10786840319633484,0.0023491568863391876,0.005151478108018637,0.0029989879112690687,0.041773490607738495,0.1306130290031433,0.04971040040254593,0.2799595141700405,0.16869095816464239
170,0.11645156890153885,0.0025494268629699945,0.005456665065139532,0.0048126638866961,0.042551808059215546,0.1298740804195404,0.05073593184351921,0.2799595141700405,0.16869095816464239
171,0.12745070457458496,0.0021849642507731915,0.005678452551364899,0.007289076689630747,0.0420781746506691,0.1327602118253708,0.0473896823823452,0.2821862348178138,0.17139001349527666
172,0.11527471989393234,0.0019831934478133917,0.005457514896988869,0.00483167078346014,0.04240188002586365,0.1305273026227951,0.04769815877079964,0.2821862348178138,0.17139001349527666
173,0.1266806721687317,0.0022870057728141546,0.005667190533131361,0.006978702265769243,0.04265323653817177,0.1328052431344986,0.050904616713523865,0.28441295546558704,0.17408906882591094
174,0.11190113425254822,0.002579168416559696,0.004896329715847969,0.004863252863287926,0.04333890601992607,0.12406816333532333,0.04990155249834061,0.28441295546558704,0.17408906882591094
175,0.11874658614397049,0.0022164147812873125,0.005125866737216711,0.006086979992687702,0.04277189075946808,0.12838606536388397,0.048937465995550156,0.2799595141700405,0.17139001349527666
176,0.12452523410320282,0.0023542814888060093,0.006526011507958174,0.00554919708520174,0.042104266583919525,0.13398967683315277,0.04792865365743637,0.2799595141700405,0.17139001349527666
177,0.11226315051317215,0.002255249535664916,0.006444994825869799,0.0034523201175034046,0.042227230966091156,0.12717394530773163,0.048971280455589294,0.28076923076923077,0.17408906882591094
178,0.1230592280626297,0.0021811341866850853,0.005412437487393618,0.00643987488001585,0.042427726089954376,0.13248254358768463,0.04838636890053749,0.28076923076923077,0.17408906882591094
179,0.1140257939696312,0.002189667895436287,0.005879012867808342,0.004515690263360739,0.04226061701774597,0.12645971775054932,0.04912801831960678,0.28076923076923077,0.17408906882591094
180,0.11619642376899719,0.002440606476739049,0.006400293204933405,0.003969457466155291,0.04280997812747955,0.13021810352802277,0.04852002486586571,0.2842105263157895,0.17678812415654524
181,0.1237739697098732,0.0020320923067629337,0.0054562571458518505,0.006551397033035755,0.041867759078741074,0.1336970329284668,0.04711909964680672,0.2842105263157895,0.17678812415654524
182,0.11185308545827866,0.0021609587129205465,0.006519322283565998,0.0033967511262744665,0.042109932750463486,0.12655384838581085,0.05116273835301399,0.2842105263157895,0.17678812415654524
183,0.11123890429735184,0.00207315431907773,0.005501809995621443,0.00441739521920681,0.04232122376561165,0.12512913346290588,0.04666826128959656,0.2842105263157895,0.17678812415654524
184,0.12036176770925522,0.00225011701695621,0.005157732404768467,0.005617830902338028,0.042235322296619415,0.1350429356098175,0.04936171695590019,0.2842105263157895,0.17678812415654524
185,0.12259449809789658,0.0025982148945331573,0.0074699013493955135,0.004889607895165682,0.04191438481211662,0.12739603221416473,0.05012818053364754,0.28866396761133606,0.1794871794871795
186,0.1120077595114708,0.0022704843431711197,0.005364700220525265,0.004641461651772261,0.04147996008396149,0.12498699873685837,0.046955157071352005,0.28866396761133606,0.1794871794871795
187,0.11246059089899063,0.0019781403243541718,0.005522099789232016,0.004442127421498299,0.041716545820236206,0.12788154184818268,0.04613901302218437,0.2878542510121458,0.17678812415654524
188,0.13051560521125793,0.0020397105254232883,0.006127178203314543,0.008188579231500626,0.04189985617995262,0.12922827899456024,0.0482553094625473,0.2878542510121458,0.17678812415654524
189,0.1099674254655838,0.0018508825451135635,0.00505650881677866,0.0036290609277784824,0.04236266762018204,0.13302379846572876,0.0475606806576252,0.2878542510121458,0.17678812415654524
190,0.10762926936149597,0.00245624128729105,0.005782740190625191,0.0029324248898774385,0.04144825413823128,0.12578995525836945,0.0495913065969944,0.2878542510121458,0.17678812415654524
191,0.11504602432250977,0.002424522303044796,0.006418692879378796,0.004786703269928694,0.04168085753917694,0.1215716078877449,0.04837184026837349,0.2856275303643725,0.17408906882591094
192,0.11142101883888245,0.0021082856692373753,0.005730506964027882,0.0037938531022518873,0.04151090979576111,0.12883388996124268,0.04700154438614845,0.2856275303643725,0.17408906882591094
193,0.11728185415267944,0.0021571165416389704,0.006458054296672344,0.004784467630088329,0.04185207188129425,0.1272595375776291,0.04666057229042053,0.2856275303643725,0.17408906882591094
194,0.12132100015878677,0.0025170196313410997,0.005601190496236086,0.0061665368266403675,0.04211978614330292,0.12827306985855103,0.04819244146347046,0.2821862348178138,0.17139001349527666
195,0.11290302872657776,0.002334608230739832,0.005870429333299398,0.004080398473888636,0.04247294366359711,0.12695223093032837,0.04949994757771492,0.2753036437246964,0.1659919028340081
196,0.10506616532802582,0.0017722209449857473,0.004933533724397421,0.003102460177615285,0.04204364866018295,0.12872259318828583,0.047854743897914886,0.2753036437246964,0.1659919028340081
197,0.11425648629665375,0.0026134613435715437,0.005800735205411911,0.00466133700683713,0.04270606487989426,0.12415343523025513,0.04855167865753174,0.2753036437246964,0.1659919028340081
198,0.1137290894985199,0.0022979939822107553,0.007347489707171917,0.0034663232509046793,0.04206003248691559,0.1239059567451477,0.04487238824367523,0.2753036437246964,0.1659919028340081
199,0.11646691709756851,0.002414477989077568,0.007732470519840717,0.0037638468202203512,0.04314347356557846,0.12306827306747437,0.04926403611898422,0.2753036437246964,0.1659919028340081
200,0.11136609315872192,0.0023239271249622107,0.005995241925120354,0.003514207201078534,0.04256027191877365,0.12793201208114624,0.045881327241659164,0.2753036437246964,0.1659919028340081
201,0.11868439614772797,0.002804029732942581,0.007445748895406723,0.004645045846700668,0.04246741160750389,0.12089208513498306,0.04682464897632599,0.2753036437246964,0.1659919028340081
202,0.12178637087345123,0.002192415064200759,0.006489415653049946,0.006871145684272051,0.04221552610397339,0.1192949190735817,0.0447755791246891,0.2753036437246964,0.1659919028340081
203,0.11705765873193741,0.002113651018589735,0.006066288333386183,0.005145074333995581,0.042665425688028336,0.12666469812393188,0.04724673181772232,0.2753036437246964,0.1659919028340081
204,0.11111564189195633,0.001991830300539732,0.005559805314987898,0.004138794261962175,0.04243584722280502,0.1272064596414566,0.04549521580338478,0.2753036437246964,0.1659919028340081
205,0.1127929612994194,0.002185008954256773,0.005317157134413719,0.003632062580436468,0.042584750801324844,0.13504008948802948,0.04827233776450157,0.2753036437246964,0.1659919028340081
206,0.11701169610023499,0.002711696783080697,0.005999879911541939,0.005000040400773287,0.043048128485679626,0.125279501080513,0.04576295614242554,0.2708502024291498,0.16329284750337383
207,0.1224142536520958,0.002338813617825508,0.005439394153654575,0.006781219504773617,0.04245366156101227,0.12768889963626862,0.046292949467897415,0.2708502024291498,0.16329284750337383
208,0.11474217474460602,0.0023811410646885633,0.006074936129152775,0.0043668486177921295,0.042381711304187775,0.1268177330493927,0.04825231432914734,0.2708502024291498,0.16329284750337383
209,0.11938747763633728,0.0017700826283544302,0.006686197593808174,0.005624810233712196,0.04210556298494339,0.12526480853557587,0.044367559254169464,0.2708502024291498,0.16329284750337383
210,0.11604604870080948,0.0021980036981403828,0.005244607105851173,0.005444759503006935,0.042114123702049255,0.1278660148382187,0.04542919248342514,0.2708502024291498,0.16329284750337383
211,0.10808633267879486,0.0022587785497307777,0.005274985451251268,0.004223342519253492,0.04275107756257057,0.12090084701776505,0.047160644084215164,0.2722672064777328,0.1659919028340081
212,0.12007206678390503,0.0020075079519301653,0.005596702452749014,0.006466596852988005,0.04230800271034241,0.12613549828529358,0.04599807783961296,0.2722672064777328,0.1659919028340081
213,0.11634588241577148,0.0020361398346722126,0.00612710602581501,0.005447390489280224,0.04250375181436539,0.123117595911026,0.04423851892352104,0.27672064777327937,0.16869095816464239
214,0.11120595037937164,0.0023046538699418306,0.005313557107001543,0.004206923767924309,0.042479079216718674,0.12681108713150024,0.04731447249650955,0.27672064777327937,0.16869095816464239
215,0.11261681467294693,0.002402437385171652,0.007026078179478645,0.0030051397625356913,0.04182298481464386,0.12702356278896332,0.04609609767794609,0.27672064777327937,0.16869095816464239
216,0.1163039281964302,0.002925662323832512,0.006388601381331682,0.004366470500826836,0.042380981147289276,0.12510742247104645,0.04743942618370056,0.27672064777327937,0.16869095816464239
