epoch,loss,rank,reg,topk,spearman,kendall,top5,top10,top20
1,1.428243637084961,0.4419384002685547,1.3909645080566406,0.3793439269065857,0.5086092231641555,0.351411163246726,0.0,0.0,0.2
2,0.6331232786178589,0.23761264979839325,0.8110572099685669,0.10146231949329376,0.5418579049226308,0.379751149707029,0.2,0.4,0.6
3,0.41751885414123535,0.20684702694416046,0.2985004484653473,0.0807478129863739,0.606053448779463,0.4328921259658707,0.2,0.4,0.65
4,0.32895269989967346,0.1629754602909088,0.30368688702583313,0.049914099276065826,0.689094636674359,0.4994887597170671,0.2,0.4,0.65
5,0.2612910866737366,0.13769786059856415,0.2572641372680664,0.030942663550376892,0.7521231076166774,0.5554777412050331,0.2,0.5,0.6
6,0.2399587333202362,0.12382721900939941,0.2512967884540558,0.027161644771695137,0.7786451278442332,0.5819315078086702,0.2,0.5,0.55
7,0.21803122758865356,0.11493145674467087,0.26037782430648804,0.01665761135518551,0.7873430878366492,0.5903634708312908,0.2,0.4,0.55
8,0.21170574426651,0.11812865734100342,0.21490897238254547,0.019402919337153435,0.7936382782834761,0.5978523239255784,0.2,0.4,0.7
9,0.19937799870967865,0.12037569284439087,0.1811961829662323,0.01642896793782711,0.8069596063808527,0.610495599598478,0.2,0.5,0.7
10,0.18692204356193542,0.11291934549808502,0.18260717391967773,0.012813699431717396,0.8203171893228842,0.6237458272054532,0.2,0.5,0.7
11,0.1887541115283966,0.10999912023544312,0.19078490138053894,0.014346342533826828,0.829888297499825,0.6332516282652847,0.2,0.5,0.65
12,0.18628783524036407,0.10806084424257278,0.18786169588565826,0.014578989706933498,0.8326165919933589,0.6347083129070664,0.0,0.3,0.65
13,0.1776798963546753,0.1024090126156807,0.18854039907455444,0.012472509406507015,0.8350414816915169,0.6365758573196069,0.0,0.4,0.6
14,0.17285746335983276,0.09751645475625992,0.19007498025894165,0.01221233606338501,0.8372769408939276,0.63993743726218,0.0,0.4,0.6
15,0.1747780442237854,0.09983344376087189,0.1911637783050537,0.011730312369763851,0.8396045531643775,0.6436818638093238,0.2,0.4,0.7
16,0.17183178663253784,0.10142426192760468,0.18153759837150574,0.01063082180917263,0.8421096390913487,0.647510329855032,0.2,0.6,0.75
17,0.1695013791322708,0.10083267092704773,0.1737385094165802,0.011031437665224075,0.8443661081684002,0.651058664238859,0.4,0.6,0.75
18,0.1674843728542328,0.10329599678516388,0.16946309804916382,0.008899633772671223,0.8457463544451258,0.6538693185797325,0.4,0.6,0.8
19,0.1639103889465332,0.09878254681825638,0.173561692237854,0.008706225082278252,0.8471602933866723,0.6559703060438407,0.4,0.6,0.75
20,0.16363529860973358,0.09919408708810806,0.17834937572479248,0.0072909328155219555,0.8480462524703685,0.6570348063589887,0.4,0.5,0.75
21,0.16510123014450073,0.09583784639835358,0.18533065915107727,0.009109452366828918,0.847639506421677,0.656558582533791,0.4,0.5,0.8
22,0.15874873101711273,0.090525783598423,0.18809303641319275,0.007863353006541729,0.8484607704645574,0.6578471881784439,0.4,0.5,0.8
23,0.1620267927646637,0.09461022913455963,0.18676091730594635,0.007592186331748962,0.8493969482730055,0.6598361229777996,0.4,0.5,0.8
24,0.16026073694229126,0.09596196562051773,0.182251438498497,0.006415556184947491,0.8503008426155416,0.6611340663445152,0.4,0.5,0.8
25,0.15835121273994446,0.09551425278186798,0.1815200001001358,0.005587302148342133,0.8502134722831927,0.6618250577771553,0.4,0.4,0.8
26,0.1594877541065216,0.09688042849302292,0.17768022418022156,0.006202168297022581,0.8508511988439444,0.6625067114877325,0.4,0.4,0.75
27,0.15943852066993713,0.09923024475574493,0.17649871110916138,0.004839098080992699,0.8524828803684074,0.6645703480635899,0.4,0.4,0.75
28,0.1575644165277481,0.09565318375825882,0.17776913940906525,0.005720331333577633,0.855191574186209,0.6676517963442818,0.4,0.5,0.75
29,0.15446092188358307,0.09261781722307205,0.18172773718833923,0.004883189219981432,0.8570169565061434,0.6700329154702711,0.4,0.5,0.75
30,0.1584242880344391,0.09463860094547272,0.18381714820861816,0.005760358180850744,0.8587129060414493,0.6724046968741977,0.4,0.5,0.8
31,0.15357081592082977,0.09012451022863388,0.18764910101890564,0.00476771779358387,0.8601493921655373,0.6742068772322992,0.4,0.5,0.8
32,0.15506257116794586,0.09109573066234589,0.1870378851890564,0.005236983764916658,0.8614072821998459,0.6758565629183926,0.4,0.5,0.8
33,0.15436521172523499,0.09235874563455582,0.18323099613189697,0.004691439680755138,0.8626271054712789,0.6772509746247404,0.4,0.5,0.8
34,0.15270845592021942,0.09060633182525635,0.18197117745876312,0.005007174331694841,0.8636786240752667,0.6781660713868852,0.4,0.5,0.8
35,0.15437550842761993,0.09249161183834076,0.17977185547351837,0.005301551893353462,0.8653460907114149,0.6800056026332376,0.4,0.6,0.85
36,0.15391428768634796,0.0929039791226387,0.17949827015399933,0.00477388733997941,0.866752812846428,0.681471624997082,0.4,0.6,0.85
37,0.1538226306438446,0.09151146560907364,0.1819438636302948,0.005152006167918444,0.8676631553415473,0.6825361253122302,0.2,0.6,0.85
38,0.15156035125255585,0.09015227109193802,0.1817716509103775,0.004584391135722399,0.8685668361690971,0.6834045334640615,0.2,0.6,0.85
39,0.15081852674484253,0.09054728597402573,0.18049366772174835,0.0040820930153131485,0.8684924902509058,0.6830870509139296,0.2,0.6,0.85
40,0.14985938370227814,0.08790701627731323,0.1826297491788864,0.0047756219282746315,0.8691186015964089,0.6836940028480053,0.2,0.6,0.85
41,0.1514034867286682,0.08977804332971573,0.18544559180736542,0.003994502127170563,0.8693172132365626,0.6838620818451339,0.2,0.6,0.85
42,0.1501598209142685,0.08762018382549286,0.1857273280620575,0.004547629971057177,0.8693011569096012,0.6839928099540118,0.2,0.5,0.85
43,0.1502632200717926,0.08874837309122086,0.1847287118434906,0.004064155276864767,0.8695877367240652,0.6844970469453977,0.4,0.5,0.8
44,0.1521613895893097,0.09066297113895416,0.1828916072845459,0.004420613870024681,0.8692834351657476,0.6841608889511405,0.4,0.5,0.75
45,0.14983399212360382,0.09030543267726898,0.18064750730991364,0.0035562056582421064,0.8695699295742171,0.6845904241660248,0.4,0.5,0.75
46,0.15211841464042664,0.09195824712514877,0.18205182254314423,0.0036964111495763063,0.8701103360042636,0.6854121437075426,0.4,0.5,0.75
47,0.14923061430454254,0.08837571740150452,0.18556009232997894,0.0034579162020236254,0.8708436745758312,0.6860284333636809,0.4,0.5,0.75
48,0.14939536154270172,0.08690537512302399,0.1910756528377533,0.0034448576625436544,0.8717121681336569,0.6872890258421459,0.2,0.5,0.75
49,0.14952227473258972,0.08638429641723633,0.1913582980632782,0.0038203150033950806,0.8725685340402674,0.6879520041085977,0.2,0.4,0.75
50,0.1501840353012085,0.08538040518760681,0.1932191401720047,0.004558590240776539,0.873362340055924,0.6890912062002474,0.2,0.5,0.75
51,0.14846530556678772,0.08642832934856415,0.19174011051654816,0.0030099547002464533,0.8740262862569799,0.6900156406844551,0.2,0.5,0.75
52,0.15089598298072815,0.08995945751667023,0.18488460779190063,0.0036474307999014854,0.8746713150302594,0.6911548427761048,0.2,0.5,0.75
53,0.14912119507789612,0.08926975727081299,0.1824123114347458,0.0034184972755610943,0.8756259832365114,0.6923220580339426,0.2,0.5,0.75
54,0.14803585410118103,0.08951705694198608,0.18109995126724243,0.0027925390750169754,0.8767301119330964,0.6938441067301632,0.2,0.5,0.75
55,0.14809411764144897,0.08843467384576797,0.18209290504455566,0.003354382934048772,0.8774739127389874,0.6947125148819946,0.2,0.5,0.75
56,0.14703461527824402,0.08617256581783295,0.18722957372665405,0.003128783544525504,0.8780735055232058,0.6951887387071924,0.2,0.5,0.75
57,0.14604148268699646,0.08504630625247955,0.1886742264032364,0.0029286090284585953,0.8780532643025151,0.6954501949249481,0.2,0.4,0.75
58,0.14448580145835876,0.08242551982402802,0.19398067891597748,0.0025773821398615837,0.8779083303298892,0.695142050096879,0.2,0.4,0.75
59,0.14944592118263245,0.08628173172473907,0.19368688762187958,0.003372080624103546,0.8775890827225382,0.6948058921026217,0.2,0.4,0.75
60,0.1466194987297058,0.08482681214809418,0.19073352217674255,0.003048419486731291,0.8769872693824635,0.6940308611714173,0.2,0.4,0.75
61,0.14767445623874664,0.08669249713420868,0.18857742846012115,0.0029391543939709663,0.8766573460258029,0.6933118565725891,0.2,0.4,0.75
62,0.14750932157039642,0.08763498812913895,0.18441760540008545,0.0030326982960104942,0.8761165125657839,0.6925555010855102,0.2,0.4,0.75
63,0.14763452112674713,0.08745811134576797,0.18684238195419312,0.002749122679233551,0.8757743334489161,0.6919578868734974,0.2,0.4,0.75
64,0.14716693758964539,0.08637108653783798,0.18816670775413513,0.002897224621847272,0.8756501958359455,0.6918831850969956,0.2,0.4,0.75
65,0.1476631611585617,0.0860166847705841,0.1916554719209671,0.0027665572706609964,0.8760076199228273,0.692153979036814,0.2,0.4,0.75
66,0.14698578417301178,0.08494934439659119,0.19309405982494354,0.002738815965130925,0.8766545276279852,0.6927515932488271,0.2,0.4,0.75
67,0.1469060331583023,0.08439435064792633,0.1934632807970047,0.002981789642944932,0.877431850286708,0.6943763568877374,0.4,0.5,0.75
68,0.14816704392433167,0.08698849380016327,0.19038021564483643,0.0027096597477793694,0.877679143343713,0.6945537736069286,0.4,0.5,0.75
69,0.14858213067054749,0.0885082334280014,0.18549281358718872,0.0029506993014365435,0.8780903732071148,0.694479071830427,0.4,0.5,0.75
70,0.1456335335969925,0.08693783730268478,0.18280625343322754,0.0025692128110677004,0.87830179574644,0.695011321988001,0.4,0.6,0.75
71,0.14499597251415253,0.0853118821978569,0.18624034523963928,0.00254132691770792,0.8788042819149391,0.695926418750146,0.4,0.6,0.75
72,0.14784985780715942,0.08632288873195648,0.1906213015317917,0.0028937184251844883,0.879411860159641,0.6967761514578519,0.4,0.6,0.7
73,0.1453697681427002,0.08335980027914047,0.19188345968723297,0.0029632889200001955,0.8797241044754449,0.6972897261713005,0.4,0.6,0.7
74,0.14523936808109283,0.0836879312992096,0.19263839721679688,0.0025066151283681393,0.8799958236468702,0.6973737656698649,0.4,0.5,0.7
75,0.14497947692871094,0.08417081832885742,0.19137722253799438,0.0022636675275862217,0.880324892943586,0.6973457525036768,0.4,0.5,0.7
76,0.1451392024755478,0.08425238728523254,0.18938206136226654,0.0027147892396897078,0.8806243263602187,0.6978499894950627,0.4,0.5,0.7
77,0.14444468915462494,0.08346289396286011,0.19100649654865265,0.0024532233364880085,0.8808722599621823,0.6982888624320097,0.4,0.5,0.75
78,0.1441282331943512,0.08302219957113266,0.19063574075698853,0.002610211493447423,0.8815122497817878,0.6994934285780985,0.4,0.5,0.75
79,0.14151184260845184,0.08074159175157547,0.1933782547712326,0.0018378478707745671,0.8821156004297631,0.7006326306697482,0.4,0.5,0.75
80,0.14559830725193024,0.08325323462486267,0.19475269317626953,0.002612840151414275,0.8827445301730839,0.7015850783201438,0.4,0.5,0.75
81,0.14455799758434296,0.08324552327394485,0.1932135969400406,0.0022322670556604862,0.8832837836222049,0.7024067978616617,0.4,0.5,0.75
82,0.14379741251468658,0.08270396292209625,0.19251520931720734,0.0022259261459112167,0.8839246702047525,0.7033685832341201,0.4,0.5,0.75
83,0.14542730152606964,0.08441709727048874,0.1922558695077896,0.002222290961071849,0.8842272636431807,0.7038821579475687,0.4,0.5,0.7
84,0.14142510294914246,0.08004521578550339,0.19195353984832764,0.0025292120408266783,0.8844333483078511,0.7042276536638888,0.4,0.5,0.75
85,0.14405207335948944,0.08288558572530746,0.19189871847629547,0.00239791558124125,0.8851613490047641,0.7048346055979644,0.4,0.5,0.75
86,0.14072583615779877,0.07957150787115097,0.19291897118091583,0.002185748890042305,0.8850392184326634,0.7044984476037072,0.2,0.5,0.75
87,0.1432972252368927,0.08301158249378204,0.190822571516037,0.0020259085576981306,0.8846761575501462,0.7041062632770736,0.2,0.5,0.75
88,0.14267785847187042,0.08151412010192871,0.19356629252433777,0.0020625735633075237,0.8840225881774191,0.7029763989074866,0.2,0.5,0.7
89,0.1434985250234604,0.08238572627305984,0.19176237285137177,0.0023893928155303,0.8834562610280492,0.7022854074748465,0.2,0.5,0.7
90,0.14153806865215302,0.08045472949743271,0.19261346757411957,0.0021995280403643847,0.8829603511211247,0.7016691178187082,0.2,0.5,0.7
91,0.14470519125461578,0.08434688299894333,0.1907028704881668,0.0020982930436730385,0.8827738671321863,0.7012582580479492,0.2,0.5,0.7
92,0.14371486008167267,0.08317268639802933,0.19159503281116486,0.002042442560195923,0.8828748170176568,0.7015103765436422,0.2,0.5,0.7
93,0.1446443796157837,0.08334524929523468,0.19335398077964783,0.0021952895913273096,0.8827233921894511,0.701108854494946,0.2,0.6,0.7
94,0.14115774631500244,0.08051367104053497,0.19373074173927307,0.0016832315595820546,0.8826195812031656,0.7010434904405072,0.2,0.6,0.7
95,0.14327171444892883,0.08183802664279938,0.19407588243484497,0.002140612341463566,0.8826104000587593,0.7009034246095666,0.2,0.6,0.7
96,0.14152775704860687,0.08031486719846725,0.19415642321109772,0.001977303298190236,0.8828421065217726,0.7009221000536919,0.4,0.6,0.7
97,0.14147859811782837,0.08047008514404297,0.1933704912662506,0.0019982443191111088,0.8832768657366523,0.7016037537642692,0.4,0.6,0.7
98,0.14183160662651062,0.08147028833627701,0.19310396909713745,0.001620086026377976,0.8838449864119062,0.7027056049676682,0.4,0.6,0.7
99,0.14157675206661224,0.08026456087827682,0.19423021376132965,0.0020287560764700174,0.8842268793162055,0.7031911665149286,0.4,0.6,0.7
100,0.1398700624704361,0.07944773882627487,0.19321420788764954,0.0016387031646445394,0.8848166504110592,0.704218315941826,0.4,0.6,0.7
101,0.14001719653606415,0.0789048820734024,0.1942424327135086,0.0018930546939373016,0.884743030443821,0.7041342764432618,0.4,0.6,0.75
102,0.1429736614227295,0.08169682323932648,0.1954980492591858,0.001751612639054656,0.8851465737677198,0.7046945397670239,0.4,0.6,0.75
103,0.14150623977184296,0.07923566550016403,0.1969727873802185,0.0021191516425460577,0.8852888174515193,0.7049466582627169,0.4,0.6,0.7
104,0.1402023434638977,0.07840647548437119,0.19682587683200836,0.0018320702947676182,0.8850233756206881,0.7044891098816445,0.4,0.5,0.7
105,0.14285962283611298,0.08111653476953506,0.19542686641216278,0.002076684031635523,0.8849019709995407,0.704349044050704,0.4,0.5,0.7
106,0.1407213807106018,0.0799235850572586,0.19441993534564972,0.0016478736652061343,0.8854202145740206,0.7049840091509677,0.4,0.5,0.7
107,0.14163561165332794,0.08122570812702179,0.19189202785491943,0.0018948622746393085,0.8859793984298473,0.7056159526035348,0.4,0.5,0.7
108,0.14174945652484894,0.0818779245018959,0.1918085664510727,0.001552640344016254,0.8865922837392112,0.706263277073558,0.4,0.5,0.7
109,0.14108562469482422,0.08034957200288773,0.19379310309886932,0.0017320826882496476,0.8868062257553733,0.7064033429044986,0.4,0.5,0.7
110,0.14156204462051392,0.08161183446645737,0.1930897831916809,0.001348848338238895,0.8870682513464255,0.7066741368443169,0.4,0.5,0.7
111,0.13877777755260468,0.07779853790998459,0.19650660455226898,0.0013515062164515257,0.8875278637056979,0.7070569834488877,0.4,0.5,0.7
112,0.14111000299453735,0.07968772947788239,0.19563332200050354,0.0018215152667835355,0.8875960176892896,0.706860891285571,0.4,0.5,0.7
113,0.14027872681617737,0.0797136202454567,0.19263894855976105,0.0018489439971745014,0.8876053269426876,0.706795527231132,0.2,0.5,0.65
114,0.14123499393463135,0.08083971589803696,0.1924186646938324,0.0017797797918319702,0.8878143581141674,0.7071690361136401,0.2,0.5,0.65
115,0.14263242483139038,0.08097750693559647,0.196013942360878,0.0019004904897883534,0.887862356283063,0.7071877115577656,0.2,0.5,0.65
116,0.1397816240787506,0.07832618802785873,0.1981988102197647,0.0013305236352607608,0.8881104179940182,0.7074958563858347,0.2,0.5,0.65
117,0.1419176161289215,0.07934577763080597,0.20100617408752441,0.0015133271226659417,0.8887231633013859,0.7085790321451083,0.2,0.5,0.65
118,0.14114736020565033,0.07971495389938354,0.19756487011909485,0.0014419645303860307,0.8896091650880793,0.7095128043513785,0.2,0.5,0.65
119,0.1410198211669922,0.08050951361656189,0.19291459023952484,0.0017572857905179262,0.8900934597797551,0.710409225669398,0.2,0.5,0.65
120,0.1407664567232132,0.08074252307415009,0.1914794147014618,0.0017200744478031993,0.8903215791910004,0.7110535284917245,0.2,0.5,0.7
121,0.1409674733877182,0.08007711172103882,0.19432571530342102,0.0017284236382693052,0.8903036439321604,0.7113990242080446,0.2,0.5,0.7
122,0.14156533777713776,0.07833153009414673,0.1996249556541443,0.0022308838088065386,0.8904446919320373,0.7115671032051731,0.4,0.5,0.7
123,0.14037162065505981,0.07687220722436905,0.20381660759449005,0.0015696174232289195,0.8904572893162226,0.7114270373742326,0.4,0.5,0.7
124,0.14066287875175476,0.07835360616445541,0.19929498434066772,0.0016805167542770505,0.8904579298611811,0.7113896864859819,0.4,0.5,0.7
125,0.14145447313785553,0.08165400475263596,0.1921454668045044,0.0014378861524164677,0.8902126011420489,0.7107920722739688,0.4,0.5,0.75
126,0.13949821889400482,0.08044301718473434,0.19039401412010193,0.0012913282262161374,0.8893052051537393,0.709372738520438,0.4,0.5,0.75
127,0.13817420601844788,0.07663974910974503,0.1982211470603943,0.0013787392526865005,0.8891334109958512,0.7092046595233094,0.4,0.5,0.75
128,0.1394016444683075,0.07620729506015778,0.20481619238853455,0.0011663257610052824,0.8882784969911468,0.7079067161565936,0.2,0.5,0.7
129,0.14185775816440582,0.07795918732881546,0.2070523053407669,0.0011885836720466614,0.8879812414273734,0.7075612204402737,0.2,0.5,0.7
130,0.1375855803489685,0.07519033551216125,0.20075690746307373,0.0014454479096457362,0.8878428837163224,0.7070569834488877,0.2,0.5,0.7
131,0.14053204655647278,0.08077529817819595,0.19253778457641602,0.0013302777661010623,0.8879751776017656,0.7074211546093332,0.2,0.6,0.7
132,0.14005596935749054,0.08092746138572693,0.19038662314414978,0.001341676339507103,0.8885474404677517,0.7082055232626002,0.2,0.6,0.7
133,0.1394946575164795,0.07868711650371552,0.1961325854063034,0.0013118392089381814,0.8899590307444499,0.7103905502252726,0.2,0.6,0.7
134,0.1385529637336731,0.075920470058918,0.2015802562236786,0.0014389463467523456,0.8907501037682833,0.7111469057123515,0.4,0.6,0.75
135,0.136478453874588,0.07401639223098755,0.20221297442913055,0.0011987776961177588,0.891237046045788,0.712202068305437,0.4,0.6,0.8
136,0.14052271842956543,0.07871916145086288,0.19893798232078552,0.0014147708425298333,0.8911884500349311,0.7120526647524337,0.4,0.6,0.8
137,0.13788819313049316,0.07727722078561783,0.19525302946567535,0.0013567154528573155,0.8905893269836823,0.7109508135490348,0.2,0.6,0.75
138,0.1389787793159485,0.07904735952615738,0.19226746261119843,0.0015007827896624804,0.8901327038342168,0.7098022737353223,0.2,0.6,0.75
139,0.1387162059545517,0.07897959649562836,0.19185088574886322,0.0014542251592501998,0.8898343379925151,0.7093167121880617,0.2,0.6,0.75
140,0.1385478973388672,0.07779443264007568,0.19691506028175354,0.001119299209676683,0.8895802551589492,0.7092233349674347,0.2,0.6,0.75
141,0.1394314020872116,0.077056385576725,0.20172357559204102,0.0012386281741783023,0.8897066987337707,0.7095501552396293,0.2,0.6,0.75
142,0.13792301714420319,0.07571826130151749,0.20115187764167786,0.0012394632212817669,0.8894023544724557,0.7091112823026823,0.2,0.6,0.75
143,0.13802921772003174,0.07685209810733795,0.19790616631507874,0.0012035133549943566,0.8896595973278174,0.7094474402969395,0.2,0.6,0.75
144,0.1374429166316986,0.0776851549744606,0.19366209208965302,0.001106087933294475,0.889933024619132,0.7102691598384575,0.2,0.6,0.75
145,0.13794153928756714,0.07768847793340683,0.19506850838661194,0.0011550039052963257,0.8904583141881564,0.7113149847094802,0.2,0.6,0.75
146,0.13738052546977997,0.0763881504535675,0.19755522906780243,0.0011505401926115155,0.8912648883999871,0.7126969675747602,0.4,0.6,0.75
147,0.1375320702791214,0.0750594213604927,0.20240439474582672,0.0011675518471747637,0.8916626241162615,0.7134626607839019,0.4,0.6,0.8
148,0.14106817543506622,0.07769665867090225,0.20424748957157135,0.0013981722295284271,0.8916532721598665,0.7128930597380769,0.4,0.6,0.8
149,0.1376527100801468,0.07608451694250107,0.19912831485271454,0.001219801721163094,0.891269543026686,0.7124355113570046,0.6,0.6,0.8
150,0.1383156180381775,0.07798286527395248,0.19485966861248016,0.0012499017175287008,0.8913897946669082,0.7126129280761958,0.4,0.6,0.8
151,0.13887183368206024,0.0792020633816719,0.1923317313194275,0.0013135004555806518,0.8912872647705397,0.7124074981908164,0.4,0.6,0.8
152,0.13779231905937195,0.07749561220407486,0.19557496905326843,0.0010828088270500302,0.8913684004652919,0.7126782921306348,0.4,0.6,0.8
153,0.13559912145137787,0.07456040382385254,0.19777843356132507,0.0011367935221642256,0.8913862930211347,0.7124261736349419,0.4,0.6,0.8
154,0.1370055079460144,0.07394066452980042,0.20385825634002686,0.0012715766206383705,0.8919758506010022,0.7132945817867732,0.4,0.6,0.8
155,0.13734756410121918,0.07392986863851547,0.20554743707180023,0.0011689788661897182,0.8912929015661752,0.7120713401965592,0.2,0.6,0.8
156,0.13805672526359558,0.07566729933023453,0.2025991678237915,0.0010731086367741227,0.8906987747656033,0.7108667740504705,0.2,0.6,0.75
157,0.139250248670578,0.07846816629171371,0.19706638157367706,0.0011081108823418617,0.8902977936215387,0.710343861614959,0.2,0.6,0.75
158,0.1382111757993698,0.07775230705738068,0.19637872278690338,0.001030164654366672,0.8907171370544157,0.7110722039358499,0.2,0.6,0.75
159,0.13673147559165955,0.07525046169757843,0.20001743733882904,0.0009838587138801813,0.8916001496313024,0.7124728622452553,0.2,0.6,0.75
160,0.13898968696594238,0.0750763937830925,0.20799638330936432,0.0010095798643305898,0.8921980769986285,0.7132759063426477,0.2,0.6,0.75
161,0.1390027552843094,0.07546518743038177,0.2052043229341507,0.0013175144558772445,0.8917948325957104,0.7128370334057007,0.2,0.6,0.75
162,0.13627739250659943,0.07565605640411377,0.19722431898117065,0.0009693558677099645,0.8914294752680199,0.7121336978185425,0.2,0.6,0.75
163,0.1362943798303604,0.07757988572120667,0.18974094092845917,0.0011948052560910583,0.8909898810977747,0.7117538576464273,0.2,0.6,0.75
164,0.1360882818698883,0.07576434314250946,0.1955246776342392,0.001111021963879466,0.890414287398004,0.710848098606345,0.2,0.6,0.75
165,0.13681824505329132,0.07360489666461945,0.2057449370622635,0.0009932448156177998,0.8897811300579564,0.7098769755118239,0.2,0.6,0.75
166,0.13560935854911804,0.0717691108584404,0.20813201367855072,0.0009337652008980513,0.8894507369683263,0.7093540630763127,0.2,0.6,0.75
167,0.1360062062740326,0.07309374958276749,0.20482280850410461,0.0009770753094926476,0.8883064674543377,0.7075332072740856,0.2,0.6,0.75
168,0.1367938369512558,0.0763033777475357,0.1974835842847824,0.0008302543428726494,0.8879532282611853,0.7070102948385741,0.2,0.6,0.75
169,0.13641789555549622,0.07637148350477219,0.19591081142425537,0.0008487805025652051,0.8882544552037018,0.7074771809417093,0.2,0.6,0.75
170,0.13831192255020142,0.07663369923830032,0.19888241589069366,0.0013423336204141378,0.8886289177864816,0.7083082382052899,0.2,0.6,0.8
171,0.13801059126853943,0.075884610414505,0.2022479772567749,0.0009677193593233824,0.889648238330552,0.7098769755118239,0.2,0.6,0.8
172,0.13610801100730896,0.07367341965436935,0.2028806358575821,0.001046934281475842,0.8906720853923296,0.7116418049816748,0.2,0.6,0.8
173,0.1373261660337448,0.07477138936519623,0.20219920575618744,0.0012633443111553788,0.8914279711464388,0.7129490860704532,0.2,0.6,0.8
174,0.1375538408756256,0.0765686184167862,0.19838593900203705,0.0009796250378713012,0.8920180411622732,0.7134719985059645,0.2,0.6,0.8
175,0.13498654961585999,0.07455567270517349,0.1969812512397766,0.0008910001488402486,0.8925741195923059,0.7142937180474823,0.4,0.6,0.8
176,0.13530805706977844,0.07443228363990784,0.19809047877788544,0.0009657518821768463,0.8927592797883298,0.7144898102107992,0.4,0.6,0.85
177,0.13519594073295593,0.07230731099843979,0.20419809222221375,0.0010861323680728674,0.893260314054923,0.7152274902537527,0.4,0.6,0.8
178,0.13695932924747467,0.07410433143377304,0.205209419131279,0.0008614486432634294,0.8933238561148131,0.7154889464715084,0.4,0.6,0.85
179,0.1375548243522644,0.07470279932022095,0.20348133146762848,0.0012050856603309512,0.89272340927065,0.7144337838784228,0.4,0.6,0.8
180,0.13561692833900452,0.07423418760299683,0.19988839328289032,0.0009441491565667093,0.8918185754621746,0.712986436958704,0.4,0.6,0.8
181,0.13499006628990173,0.07478437572717667,0.19596976041793823,0.0009431761573068798,0.8914757558003482,0.7126876298526975,0.4,0.6,0.8
182,0.1359071582555771,0.07413124293088913,0.20102034509181976,0.000979869393631816,0.8912124491193788,0.7123701473025655,0.4,0.6,0.75
183,0.1355164349079132,0.0730850026011467,0.2041982263326645,0.0007813040865585208,0.8908935431360057,0.7116231295375495,0.2,0.6,0.75
184,0.13676173985004425,0.07407336682081223,0.20393988490104675,0.0010042651556432247,0.8909982081822361,0.7116511427037375,0.2,0.6,0.75
185,0.13644206523895264,0.07412581890821457,0.20367252826690674,0.0008096574456430972,0.8914000006832481,0.712202068305437,0.2,0.6,0.75
186,0.13760924339294434,0.07474816590547562,0.20439140498638153,0.0010291006183251739,0.8915051781654452,0.7126596166865095,0.2,0.6,0.75
187,0.13447751104831696,0.07228870689868927,0.20307406783103943,0.0008443883853033185,0.8917258245521738,0.7128930597380769,0.2,0.6,0.75
188,0.13557755947113037,0.07412829250097275,0.20087917149066925,0.0007903376244939864,0.8919836225464993,0.7131078273455191,0.2,0.6,0.75
189,0.13620977103710175,0.07485496997833252,0.20045630633831024,0.0008119331323541701,0.8921023795818182,0.7133412703970867,0.4,0.6,0.75
190,0.13504396378993988,0.07347582280635834,0.20180507004261017,0.0006844063173048198,0.8919983123775492,0.7130611387352056,0.4,0.6,0.75
191,0.1355532854795456,0.07345075160264969,0.20341482758522034,0.0007187265437096357,0.8910661913538388,0.7115951163713612,0.4,0.6,0.8
192,0.1369318664073944,0.07401981204748154,0.20602087676525116,0.0007371901301667094,0.8903544177958764,0.7106239932768402,0.4,0.6,0.8
193,0.1346108466386795,0.0720435306429863,0.20461605489253998,0.0007883298094384372,0.8906075184605058,0.7105306160562131,0.4,0.6,0.8
194,0.13667970895767212,0.07592784613370895,0.19825813174247742,0.000849613337777555,0.8905166037793861,0.7106800196092163,0.4,0.6,0.8
195,0.13500052690505981,0.07475415617227554,0.19673632085323334,0.0008169831125997007,0.8910014109070288,0.7115204145948597,0.4,0.6,0.8
196,0.1369708776473999,0.07491481304168701,0.2024112492799759,0.0008884589769877493,0.8911470708306075,0.711697831314051,0.4,0.6,0.8
197,0.13470865786075592,0.07199018448591232,0.20497575402259827,0.000817159132566303,0.8911229863401653,0.7115297523169224,0.4,0.6,0.8
198,0.13608291745185852,0.0735471099615097,0.20439524948596954,0.0008114921511150897,0.8913882146560104,0.7118098839788034,0.4,0.6,0.8
199,0.13555900752544403,0.07337357103824615,0.20282933115959167,0.0008910855976864696,0.8913280888358993,0.7115764409272358,0.4,0.6,0.8
200,0.13345356285572052,0.07278157025575638,0.19845722615718842,0.0007565541309304535,0.892242701630742,0.7128090202395126,0.4,0.6,0.8
201,0.13418138027191162,0.07246049493551254,0.20202584564685822,0.0007420913316309452,0.892961563886246,0.7144151084342975,0.4,0.6,0.8
202,0.13274869322776794,0.06974754482507706,0.20626375079154968,0.000748021702747792,0.8939508642232582,0.7155729859700726,0.4,0.6,0.8
203,0.13439376652240753,0.07202421873807907,0.20380063354969025,0.0008195777772925794,0.8943787482555826,0.7163573546233397,0.4,0.6,0.8
204,0.13294662535190582,0.07107169181108475,0.20223385095596313,0.0008031837060116231,0.8940852078525688,0.7157784158554521,0.4,0.6,0.8
205,0.13370497524738312,0.07194042950868607,0.20180365443229675,0.0008156333933584392,0.8936180370627854,0.7149940472021851,0.4,0.6,0.8
206,0.13456642627716064,0.07260177284479141,0.2026408612728119,0.0007815973367542028,0.8932524021850742,0.7142346901872771,0.4,0.6,0.8
207,0.1356540024280548,0.07199178636074066,0.206343874335289,0.0011727018281817436,0.8929269744584835,0.7138828582767234,0.4,0.6,0.8
208,0.13524959981441498,0.07169609516859055,0.2063724845647812,0.0010945136891677976,0.8920331580232954,0.7126035903541331,0.2,0.6,0.8
209,0.13467524945735931,0.0727522149682045,0.20290148258209229,0.0007017279276624322,0.8912068977297379,0.7112029320447277,0.2,0.6,0.8
210,0.1343916356563568,0.07188604772090912,0.20564906299114227,0.0005405782139860094,0.8903517702100475,0.7097929360132595,0.2,0.6,0.75
211,0.1363918036222458,0.07331936806440353,0.20615316927433014,0.0008176545961759984,0.8895185066249431,0.708588369867171,0.2,0.6,0.75
212,0.13466675579547882,0.07246502488851547,0.20320278406143188,0.000827266660053283,0.8895652237039214,0.7085977075892337,0.2,0.6,0.75
213,0.13523238897323608,0.07301418483257294,0.2042749673128128,0.0006238001515157521,0.889374213197276,0.7080467819875341,0.2,0.6,0.75
214,0.1344040483236313,0.07374374568462372,0.19912965595722198,0.000614263117313385,0.8893435951482563,0.7080561197095969,0.2,0.6,0.75
215,0.13457998633384705,0.07322012633085251,0.2013908475637436,0.0006284065311774611,0.8898516754093937,0.7089992296379299,0.2,0.6,0.75
216,0.1344057023525238,0.07189548760652542,0.20500671863555908,0.0006721313111484051,0.8905232654469553,0.7101290940075169,0.2,0.6,0.75
217,0.1342819482088089,0.07117012143135071,0.20763516426086426,0.0005475145881064236,0.8900845775563295,0.7095314797955039,0.2,0.6,0.75
218,0.13256466388702393,0.06945338100194931,0.2068973183631897,0.000694726943038404,0.8898521024393661,0.7092606858556856,0.2,0.5,0.75
219,0.13376538455486298,0.07213716953992844,0.20239068567752838,0.0006073423428460956,0.8891935795189594,0.708588369867171,0.2,0.5,0.75
220,0.13516506552696228,0.0731552317738533,0.20354199409484863,0.0006314925267361104,0.8897509390389094,0.7092606858556856,0.2,0.5,0.75
221,0.13573025166988373,0.07228904962539673,0.2081131488084793,0.0006715011550113559,0.8902114908641208,0.7102411466722693,0.2,0.5,0.75
222,0.1333020031452179,0.06941574811935425,0.21022997796535492,0.0005448437295854092,0.8896331214695298,0.7093634007983753,0.2,0.5,0.8
223,0.13586655259132385,0.07274293154478073,0.20748306810855865,0.0005857948563061655,0.8895374240527195,0.7087657865863622,0.2,0.5,0.8
224,0.13372637331485748,0.07165735214948654,0.20334260165691376,0.0007108267745934427,0.8892363252191946,0.7084296285921051,0.2,0.5,0.8
225,0.1346379518508911,0.07344115525484085,0.2008933573961258,0.0006191920838318765,0.8895216239437415,0.7091019445806196,0.4,0.5,0.8
226,0.13336510956287384,0.07095562666654587,0.20528241991996765,0.0005498317768797278,0.8902317320848115,0.7106426687209656,0.4,0.5,0.8
227,0.1341695934534073,0.07117314636707306,0.20677204430103302,0.0006432260270230472,0.8907030450653272,0.7111749188785397,0.4,0.5,0.8
228,0.1319320797920227,0.06976208835840225,0.20415040850639343,0.0006165819941088557,0.8901915912674079,0.7105399537782758,0.4,0.5,0.8
229,0.13348405063152313,0.07283711433410645,0.1990024447441101,0.0006308019510470331,0.8906957855557965,0.7112122697667904,0.4,0.5,0.8
230,0.13314373791217804,0.07149223983287811,0.20264530181884766,0.0005719372420571744,0.8904642072017751,0.7109041249387212,0.4,0.5,0.8
231,0.13321560621261597,0.06958629190921783,0.20894396305084229,0.0006307485164143145,0.8906309197029922,0.710820085440157,0.4,0.5,0.8
232,0.13371579349040985,0.07091964781284332,0.20660856366157532,0.0005423786933533847,0.8906892947002165,0.7108294231622196,0.4,0.5,0.8
233,0.13589052855968475,0.07490569353103638,0.200125589966774,0.000631437636911869,0.8914919829392985,0.7119406120876812,0.2,0.5,0.8
234,0.13322773575782776,0.0713137537240982,0.20349472761154175,0.0005770463612861931,0.8920892270586688,0.7128743842939516,0.2,0.5,0.8
235,0.13333214819431305,0.06932000070810318,0.21060270071029663,0.0005542280268855393,0.8927975843768523,0.7138735205546607,0.2,0.5,0.8
236,0.13356037437915802,0.06860313564538956,0.213619664311409,0.0005808954010717571,0.8924879022408825,0.7137241170016575,0.2,0.6,0.8
237,0.1335783749818802,0.07013504952192307,0.20873095095157623,0.0005493552307598293,0.8915449346558737,0.712295445526064,0.2,0.5,0.8
238,0.1326320320367813,0.07088721543550491,0.2021722048521042,0.0007287670159712434,0.8915233269392714,0.7119686252538694,0.2,0.5,0.8
239,0.13345928490161896,0.07243890315294266,0.20047318935394287,0.0005856110947206616,0.8924006173145281,0.7125008754114434,0.2,0.5,0.8
240,0.13312065601348877,0.0707719475030899,0.20505820214748383,0.0005541607970371842,0.892902334829077,0.7131171650675818,0.2,0.4,0.8
241,0.1334119588136673,0.06969181448221207,0.20953260362148285,0.0005735757295042276,0.8930119961259841,0.7130424632910802,0.2,0.4,0.8
242,0.1327671855688095,0.06965281814336777,0.20754307508468628,0.0005676280125044286,0.8926453054887018,0.7123888227466909,0.2,0.4,0.8
243,0.1330367773771286,0.07172734290361404,0.20132173597812653,0.0006086135981604457,0.8925449107421953,0.7124355113570046,0.2,0.4,0.8
244,0.13226313889026642,0.07153104990720749,0.20041586458683014,0.0004048827104270458,0.8922599536416262,0.7121740551392488,0.4,0.4,0.8
245,0.1326708197593689,0.07018203288316727,0.20464669167995453,0.0007298442651517689,0.891784370361387,0.7118098839788034,0.4,0.4,0.8
246,0.13076162338256836,0.06707018613815308,0.2101309448480606,0.0004347624781075865,0.8906719572833379,0.7107453836636554,0.4,0.4,0.8
247,0.13265462219715118,0.06874379515647888,0.2103164941072464,0.0005439268425107002,0.8898514618944076,0.709559492961692,0.4,0.4,0.8
248,0.13322041928768158,0.0710582509636879,0.20462347567081451,0.0005167554481886327,0.8891744058731995,0.7080187688213461,0.4,0.4,0.8
249,0.13327741622924805,0.07215636968612671,0.20149917900562286,0.0004475280293263495,0.8893759213171654,0.7079627424889698,0.4,0.4,0.8
250,0.1329784393310547,0.07081208378076553,0.2047044187784195,0.0005033540655858815,0.8896554978400825,0.7081868478184747,0.4,0.4,0.8
251,0.1329590082168579,0.06928899139165878,0.20923423767089844,0.000599824299570173,0.8898837026573222,0.708270887317039,0.4,0.4,0.8
252,0.13213282823562622,0.06725092232227325,0.21317537128925323,0.0006195346941240132,0.8891065935135856,0.7074678432196466,0.4,0.4,0.8
253,0.13335229456424713,0.06901368498802185,0.21232010424137115,0.00042838705121539533,0.8887968686746186,0.7072810887783925,0.4,0.4,0.8
254,0.13348908722400665,0.0705791488289833,0.2071550488471985,0.0005089467158541083,0.888548379933691,0.7070569834488877,0.4,0.4,0.8
255,0.13226400315761566,0.07080385088920593,0.20237646996974945,0.0004981377860531211,0.8891091983964171,0.7078787029904056,0.4,0.4,0.8
256,0.132689967751503,0.07008825242519379,0.20613211393356323,0.0005080456030555069,0.8891625771429645,0.7081121460419731,0.2,0.4,0.8
257,0.13257232308387756,0.06965213268995285,0.20754671096801758,0.00043745196308009326,0.8894445877367241,0.7087377734201742,0.2,0.4,0.8
258,0.13140982389450073,0.06807257980108261,0.20867639780044556,0.0004895575111731887,0.889186533524415,0.7084576417582932,0.2,0.5,0.8
259,0.13231335580348969,0.06928805261850357,0.2070145308971405,0.0006139562465250492,0.8888588734266081,0.7080281065434088,0.2,0.5,0.8
260,0.13188469409942627,0.06938260048627853,0.2062125951051712,0.00042553662206046283,0.8885989829854178,0.7082335364287883,0.2,0.5,0.8
261,0.13220733404159546,0.07024726271629333,0.20443283021450043,0.00042013911297544837,0.8887332839117313,0.7083082382052899,0.2,0.5,0.8
262,0.13156403601169586,0.06849439442157745,0.20798009634017944,0.0004504008684307337,0.8893104576223997,0.7089712164717418,0.2,0.5,0.8
263,0.1337195783853531,0.06970671564340591,0.21132685244083405,0.0004098710778634995,0.8892844942000789,0.7085603567009829,0.2,0.5,0.8
264,0.13250470161437988,0.06821838021278381,0.21172858774662018,0.0005118273547850549,0.8888895768816223,0.7083175759273527,0.2,0.5,0.8
265,0.13354133069515228,0.06994989514350891,0.20924344658851624,0.0005456003127619624,0.8887715457972566,0.7082989004832271,0.2,0.5,0.8
266,0.13123537600040436,0.06889507174491882,0.2054542601108551,0.0004693474620580673,0.8886267826366198,0.7081028083199105,0.2,0.5,0.8
267,0.13001714646816254,0.06757959723472595,0.20571692287921906,0.0004816404252778739,0.888987494854289,0.7087471111422369,0.2,0.5,0.8
268,0.13073667883872986,0.06700540333986282,0.20995265245437622,0.0004969792207702994,0.8885109294051132,0.7077292994374023,0.4,0.4,0.8
269,0.13089028000831604,0.06684742867946625,0.21164189279079437,0.0003668468852993101,0.8883173567186334,0.707645259938838,0.4,0.4,0.8
270,0.13191260397434235,0.06739047169685364,0.21263276040554047,0.00048820185475051403,0.8874518523706143,0.706197913019119,0.4,0.4,0.8
271,0.13163763284683228,0.06811441481113434,0.2094348818063736,0.0004618327075149864,0.886579173919059,0.7048626187641526,0.4,0.4,0.8
272,0.12893588840961456,0.06740650534629822,0.20256651937961578,0.0005062778363935649,0.886604795717402,0.7046945397670239,0.4,0.4,0.8
273,0.13148681819438934,0.06892353296279907,0.20566216111183167,0.000576428952626884,0.8868326589106637,0.7050493732054066,0.4,0.4,0.8
274,0.13213321566581726,0.06906598061323166,0.20805777609348297,0.0004332703538239002,0.8866929774066983,0.7047785792655882,0.4,0.4,0.8
275,0.13065674901008606,0.06644965708255768,0.21063342690467834,0.0006780377589166164,0.8866165817446395,0.7050306977612812,0.4,0.4,0.8
276,0.13195371627807617,0.06815918534994125,0.20989201962947845,0.0005512822535820305,0.8864881311289478,0.7050306977612812,0.4,0.4,0.8
277,0.1338440179824829,0.07037382572889328,0.2091103047132492,0.0004914044984616339,0.8866016356956063,0.7052921539790369,0.4,0.4,0.8
278,0.131976917386055,0.06957603991031647,0.205641508102417,0.00047227489994838834,0.8872740797931126,0.7060765226323039,0.4,0.4,0.8
279,0.1281355619430542,0.06501813232898712,0.2083662897348404,0.00040503768832422793,0.8884426046095324,0.7077853257697785,0.4,0.4,0.8
280,0.13063742220401764,0.06616032868623734,0.2125708907842636,0.00047055233153514564,0.8891166714209338,0.7090832691364942,0.4,0.4,0.8
281,0.13003189861774445,0.06473053246736526,0.21582798659801483,0.00036864285357296467,0.8891627906579509,0.7091579709129958,0.4,0.4,0.8
282,0.13138870894908905,0.0671127513051033,0.2122039943933487,0.00040983236976899207,0.8889326642058354,0.7087190979760488,0.4,0.4,0.8
283,0.13132637739181519,0.06789801269769669,0.2089920938014984,0.0004871464625466615,0.8886764889254049,0.7083922777038542,0.4,0.4,0.8
284,0.13172517716884613,0.06836146861314774,0.20868082344532013,0.0005063100252300501,0.8875520336021345,0.7070663211709505,0.4,0.4,0.8
285,0.1320595145225525,0.07053259760141373,0.20303040742874146,0.0004118593060411513,0.886772063357583,0.7060951980764293,0.4,0.4,0.8
286,0.13291814923286438,0.07184725254774094,0.20164769887924194,0.0003843939339276403,0.8864767294286852,0.7055069215864791,0.4,0.4,0.8
287,0.1318555325269699,0.06912944465875626,0.2067401260137558,0.0004693677765317261,0.8863137747912251,0.7053108294231623,0.4,0.4,0.8
288,0.13234561681747437,0.06779415160417557,0.21232542395591736,0.0005692242411896586,0.8862308882735863,0.7052921539790369,0.4,0.4,0.8
289,0.13012772798538208,0.06529074162244797,0.21366719901561737,0.0004912204458378255,0.8852174180401374,0.7038914956696315,0.4,0.4,0.8
290,0.12908437848091125,0.06545018404722214,0.21013490855693817,0.0003958173037972301,0.8842485724388024,0.7024814996381633,0.4,0.5,0.8
291,0.13171690702438354,0.06944027543067932,0.20588965713977814,0.0003398229891899973,0.8838616405808292,0.7020426267012162,0.4,0.5,0.8
292,0.13056619465351105,0.06829018145799637,0.2057397961616516,0.00036938241100870073,0.8859817589876999,0.7045264607698952,0.4,0.5,0.8
293,0.13087381422519684,0.06635820865631104,0.21289992332458496,0.00043041942990384996,0.8870032146816321,0.7062446016294325,0.4,0.5,0.8
294,0.13049672544002533,0.06456085294485092,0.21736858785152435,0.00048352364683523774,0.8876214259726463,0.707047645726825,0.4,0.5,0.8
295,0.1317211538553238,0.06622885912656784,0.21574878692626953,0.0005117729888297617,0.8876966686537795,0.7067208254546303,0.4,0.5,0.8
296,0.13188238441944122,0.06959545612335205,0.20565322041511536,0.000393973255995661,0.8867318371341848,0.7054789084202909,0.4,0.4,0.8
297,0.1303427815437317,0.06889017671346664,0.2020241618156433,0.0005635747220367193,0.8869568392266317,0.7058710927469244,0.4,0.4,0.8
298,0.12946701049804688,0.06782307475805283,0.20329920947551727,0.00043611295404843986,0.8883570705060647,0.707486518663772,0.4,0.4,0.8
299,0.13023753464221954,0.06681839376688004,0.2096889168024063,0.0003416432882659137,0.8895509609028439,0.7089058524173029,0.4,0.5,0.8
300,0.13007321953773499,0.064581960439682,0.21622934937477112,0.0004149637243244797,0.8893597368812123,0.7086350584774844,0.4,0.6,0.8
301,0.12937818467617035,0.06473477929830551,0.21361492574214935,0.00037261488614603877,0.8884358148329716,0.7075705581623364,0.2,0.6,0.8
302,0.13147909939289093,0.06749042123556137,0.21114833652973175,0.0004294543177820742,0.8878395101795404,0.7070289702826996,0.2,0.6,0.8
303,0.1310165524482727,0.06774536520242691,0.20877210795879364,0.0004263763257768005,0.8866715405020847,0.7057403646380466,0.2,0.6,0.8
304,0.12933045625686646,0.06650315225124359,0.20667338371276855,0.0005501894047483802,0.8855041259635933,0.7042089782197632,0.2,0.6,0.8
305,0.12989400327205658,0.06764709949493408,0.20552104711532593,0.00039372791070491076,0.8858946021703372,0.70509606181572,0.2,0.6,0.8
306,0.13077892363071442,0.06574806571006775,0.21452593803405762,0.00044871753198094666,0.8854774792933168,0.7044984476037072,0.2,0.6,0.8
307,0.1311701238155365,0.06646837294101715,0.21376226842403412,0.00038204772863537073,0.884741066105948,0.7038914956696315,0.2,0.6,0.8
308,0.13150489330291748,0.06826208531856537,0.2089282125234604,0.0003762213746085763,0.8841292602645194,0.7028736839647969,0.2,0.6,0.8
309,0.1309460550546646,0.06920669227838516,0.2037934809923172,0.0004008806135971099,0.8855377332224196,0.7044144081051428,0.2,0.5,0.8
310,0.1323091983795166,0.07013794779777527,0.20526301860809326,0.00039489660412073135,0.887795099062413,0.7071036720592012,0.2,0.5,0.8
311,0.12951427698135376,0.06529209762811661,0.21216437220573425,0.0003819031408056617,0.8884947022661628,0.7077573126035904,0.4,0.5,0.8
312,0.13018962740898132,0.06485237926244736,0.21554258465766907,0.0004496453038882464,0.8888645102222436,0.7080374442654714,0.4,0.5,0.8
313,0.13147589564323425,0.06698954105377197,0.2127527892589569,0.00044033947051502764,0.887761534506584,0.7064780446810001,0.4,0.5,0.8
314,0.13016298413276672,0.06717319786548615,0.20796293020248413,0.0004006065137218684,0.8877034157273432,0.7065527464575018,0.4,0.5,0.8
315,0.12938475608825684,0.06692548096179962,0.20645371079444885,0.0003487762005534023,0.8877917255256313,0.7065900973457525,0.4,0.5,0.8
316,0.12772254645824432,0.06404482573270798,0.2107146978378296,0.0003088730445597321,0.8881941039992437,0.7070726406458575,0.4,0.4,0.8
317,0.12943579256534576,0.06429604440927505,0.21464607119560242,0.0004972812603227794,0.8873222914769943,0.7063286411279969,0.4,0.4,0.8
318,0.13046565651893616,0.06589095294475555,0.21340692043304443,0.00036841596011072397,0.8873385186159447,0.707206387001891,0.6,0.4,0.8
319,0.13092319667339325,0.066773921251297,0.21182642877101898,0.000400887947762385,0.8873450948775193,0.707206387001891,0.6,0.4,0.8
320,0.13113948702812195,0.06709668785333633,0.21222230792045593,0.00025073226424865425,0.8874784136348963,0.7068422158414456,0.6,0.4,0.8
321,0.13137729465961456,0.06754756718873978,0.21080832183361053,0.0003914790868293494,0.8875730007737784,0.7064033429044986,0.4,0.4,0.8
322,0.1306116133928299,0.06747110933065414,0.20866718888282776,0.0003602320502977818,0.8885335619936494,0.7067861895090694,0.4,0.4,0.8
323,0.12950538098812103,0.06596836447715759,0.21013270318508148,0.00033146876376122236,0.8881623021356625,0.7061138735205547,0.2,0.4,0.8
324,0.13013029098510742,0.06672472506761551,0.20938245952129364,0.0003938892623409629,0.8870833682074478,0.704629175712585,0.2,0.4,0.75
325,0.1286473274230957,0.06621420383453369,0.2066267728805542,0.00029672778327949345,0.8873300207194943,0.7049559959847795,0.2,0.4,0.75
326,0.12852385640144348,0.06505146622657776,0.20959268510341644,0.00039638744783587754,0.8868681023983712,0.7041809650535752,0.2,0.4,0.75
327,0.1295168399810791,0.06507524102926254,0.21247407793998718,0.0004662446735892445,0.8872657100056539,0.70509606181572,0.2,0.4,0.75
328,0.12872445583343506,0.06334797292947769,0.21643605828285217,0.00029710965463891625,0.8866891768399442,0.704349044050704,0.4,0.4,0.75
329,0.12959513068199158,0.0651322454214096,0.2131502479314804,0.0003452085657045245,0.8841514231200861,0.7016877932628336,0.4,0.4,0.75
330,0.13127274811267853,0.06766559183597565,0.21039025485515594,0.00032672457746230066,0.8829340460748261,0.7005019025608704,0.4,0.4,0.75
331,0.1293594390153885,0.06689494848251343,0.2067398875951767,0.00029501202516257763,0.8833814880798855,0.7010995167728833,0.4,0.4,0.75
332,0.1301303654909134,0.06695425510406494,0.2086600363254547,0.0003853948146570474,0.8855118979090905,0.7045918248243342,0.4,0.5,0.75
333,0.13096347451210022,0.06712744385004044,0.21114608645439148,0.0003281366662122309,0.8870197407415632,0.7071877115577656,0.4,0.5,0.75
334,0.13053153455257416,0.06594417244195938,0.2131597399711609,0.00042629335075616837,0.8878419442503831,0.7082989004832271,0.4,0.5,0.8
335,0.13027775287628174,0.06632761657238007,0.21183675527572632,0.0002660714671947062,0.8887451126419662,0.7094474402969395,0.4,0.5,0.8
336,0.13032513856887817,0.06591615080833435,0.21280322968959808,0.00037867866922169924,0.8893074684125931,0.7097649228470715,0.4,0.5,0.8
337,0.13019226491451263,0.06625574827194214,0.21195723116397858,0.00023289097589440644,0.8883823506804296,0.708242874150851,0.4,0.5,0.8
338,0.12896598875522614,0.0661272183060646,0.2079540640115738,0.0003016993578057736,0.8886111533396306,0.708840488362864,0.4,0.5,0.8
339,0.13081768155097961,0.06682270020246506,0.21158765256404877,0.00034578522900119424,0.888767702527505,0.7088311506408013,0.4,0.4,0.8
340,0.1311148852109909,0.06621892005205154,0.21452195942401886,0.0003595852176658809,0.8885411204241604,0.7084576417582932,0.4,0.4,0.8
341,0.12925991415977478,0.0640387237071991,0.21567337214946747,0.0003461244632489979,0.8871024137442161,0.7061512244088055,0.4,0.4,0.8
342,0.1278132200241089,0.0644298642873764,0.20898625254631042,0.00045832013711333275,0.8867881623875418,0.7057030137497958,0.4,0.4,0.75
343,0.1296241581439972,0.06770242005586624,0.2046954333782196,0.0003420754801481962,0.8869125135154987,0.7064780446810001,0.4,0.5,0.75
344,0.12814490497112274,0.06537017971277237,0.20702289044857025,0.00044524011900648475,0.8880416234654678,0.7082055232626002,0.4,0.5,0.75
345,0.12995442748069763,0.06449353694915771,0.21711546182632446,0.00021749926963821054,0.8877805800433521,0.708177510096412,0.4,0.5,0.75
346,0.1315412074327469,0.06536098569631577,0.21870878338813782,0.0003783942956943065,0.8854554872497392,0.7058337418586736,0.4,0.5,0.75
347,0.12961703538894653,0.06631410866975784,0.2099139541387558,0.00021915635443292558,0.8845034666293159,0.7047412283773374,0.4,0.5,0.75
348,0.1304825097322464,0.06829924881458282,0.20572896301746368,0.00030971525120548904,0.8858205551731266,0.7058804304689872,0.4,0.5,0.75
349,0.1284264326095581,0.06419530510902405,0.21270310878753662,0.0002801268419716507,0.8868543093302633,0.7070383080047623,0.4,0.5,0.75
350,0.1286313682794571,0.06375917792320251,0.2148006409406662,0.00028799771098420024,0.8866984006873476,0.7064967201251254,0.4,0.5,0.75
351,0.12912440299987793,0.06544432789087296,0.2109399437904358,0.00026540091494098306,0.8861408276524113,0.7054882461423537,0.4,0.5,0.75
352,0.1283547729253769,0.06535268574953079,0.20806828141212463,0.00038773613050580025,0.8860558059849105,0.7051427504260337,0.4,0.5,0.75
353,0.1302771121263504,0.06757473200559616,0.20806784927845,0.0001880096533568576,0.8864406453960192,0.7058710927469244,0.4,0.5,0.75
354,0.12987945973873138,0.06499858945608139,0.2150416225194931,0.0002455763169564307,0.8848305288851614,0.7042276536638888,0.4,0.5,0.75
355,0.12872977554798126,0.06386101245880127,0.21444767713546753,0.0003563108330126852,0.8826107416827373,0.7016971309848963,0.4,0.5,0.75
356,0.1297808140516281,0.06635545194149017,0.21007415652275085,0.0002687448577489704,0.8820756731273456,0.7007820342227514,0.2,0.5,0.75
357,0.1301068365573883,0.06658250093460083,0.21042953431606293,0.0002636509307194501,0.883494651022566,0.702556201414665,0.2,0.5,0.75
358,0.1294959932565689,0.0651254802942276,0.21332359313964844,0.00024895620299503207,0.8843128831526428,0.7034712981768099,0.2,0.5,0.75
359,0.13000482320785522,0.06467805802822113,0.21636027097702026,0.00027911600773222744,0.8834133018128276,0.702490837360226,0.2,0.5,0.75
360,0.12794466316699982,0.06510660797357559,0.20837858319282532,0.00021631745039485395,0.883494266695591,0.7026962672456055,0.2,0.5,0.75
361,0.12922048568725586,0.06653475761413574,0.2070511281490326,0.0003802556311711669,0.8846972101277845,0.7041436141653244,0.4,0.5,0.75
362,0.1272527277469635,0.06337917596101761,0.21144579350948334,0.00029320476460270584,0.8852921055823068,0.7047318906552748,0.4,0.5,0.75
363,0.1275140792131424,0.06176424399018288,0.2176113873720169,0.00031095065060071647,0.8838120196980387,0.7030697761281136,0.4,0.5,0.75
364,0.13039490580558777,0.06602688878774643,0.21341164410114288,0.00022967896074987948,0.8827276197861776,0.7015477274318931,0.4,0.4,0.75
365,0.12851905822753906,0.06515484303236008,0.21021981537342072,0.00019883643835783005,0.8840279260520737,0.7029110348530476,0.4,0.4,0.75
366,0.12973585724830627,0.06534665822982788,0.21320512890815735,0.00028510685660876334,0.885304190530525,0.7047132152111493,0.4,0.4,0.75
367,0.12923648953437805,0.06389378011226654,0.216411754488945,0.000279446569038555,0.8858221351840243,0.7053948689217266,0.4,0.5,0.75
368,0.1285848617553711,0.06358020752668381,0.21510252356529236,0.0003159207117278129,0.8861795592709063,0.7051987767584098,0.4,0.5,0.75
369,0.1295439451932907,0.06554294377565384,0.2117656171321869,0.000314206350594759,0.8860062705081145,0.7046198379905223,0.4,0.5,0.75
370,0.12885217368602753,0.06526383757591248,0.21124239265918732,0.00014373809972312301,0.8852236407766614,0.7039258209646863,0.4,0.5,0.75
371,0.12786291539669037,0.0644519180059433,0.21003685891628265,0.00026662484742701054,0.8855753972659834,0.704349044050704,0.4,0.5,0.75
372,0.12868532538414001,0.06444211304187775,0.21277087926864624,0.0002746236859820783,0.8847605386726883,0.7033592455120574,0.2,0.5,0.75
373,0.12987853586673737,0.06586790084838867,0.21220126748085022,0.0002335050521651283,0.8848657161548854,0.7035833508415623,0.2,0.5,0.75
374,0.12695230543613434,0.06214159354567528,0.21447262167930603,0.0003126135270576924,0.8842491275777664,0.7029016971309849,0.2,0.5,0.75
375,0.12930409610271454,0.06464777141809464,0.21415823698043823,0.00027255891473032534,0.8850051841438648,0.7038541447813806,0.4,0.5,0.75
376,0.12768296897411346,0.06221827119588852,0.21698173880577087,0.0002467785670887679,0.8837064151858691,0.7025375259705395,0.4,0.5,0.75
377,0.12805359065532684,0.06373372673988342,0.2131374031305313,0.0002524274750612676,0.8819466246696923,0.7003431612858043,0.4,0.5,0.8
378,0.12805843353271484,0.06483185291290283,0.20934176445007324,0.0002827017742674798,0.8825053079825567,0.7009034246095666,0.4,0.5,0.8
379,0.12822718918323517,0.0645529180765152,0.21076641976833344,0.0002962226571980864,0.8834653567664608,0.7021733548100941,0.4,0.5,0.8
380,0.1288122534751892,0.06379114091396332,0.21557998657226562,0.00023140679695643485,0.8832308746086271,0.7016317669304574,0.4,0.5,0.8
381,0.12852518260478973,0.06387632340192795,0.21407662332057953,0.00028390681836754084,0.8838796612456635,0.7022947451969094,0.4,0.5,0.8
382,0.12845797836780548,0.0639980137348175,0.21332630515098572,0.0003080507449340075,0.8838797039486608,0.702518850526414,0.4,0.5,0.8
383,0.1291695088148117,0.06518992781639099,0.21221597492694855,0.00020986274466849864,0.88497093634008,0.7037234166725028,0.4,0.6,0.75
384,0.12877100706100464,0.06417165696620941,0.2133464813232422,0.00039693378494121134,0.8852392392717261,0.7042556668300769,0.2,0.6,0.8
385,0.12872284650802612,0.06385694444179535,0.2145751565694809,0.0003288984589744359,0.8855834681324612,0.7051894390363471,0.4,0.6,0.8
386,0.1272428184747696,0.06319677829742432,0.21275924146175385,0.0001455004676245153,0.8849073088741953,0.7048999696524033,0.4,0.6,0.8
387,0.12859494984149933,0.06466013938188553,0.21170631051063538,0.00028194408514536917,0.8850393892446523,0.7050213600392186,0.4,0.5,0.8
388,0.1291530728340149,0.06385932117700577,0.21666552126407623,0.00019606419664341956,0.8840346304226402,0.7037701052828164,0.4,0.5,0.8
389,0.12886178493499756,0.06437917798757553,0.21339470148086548,0.0003094666753895581,0.8842319182698797,0.703275206013493,0.4,0.5,0.8
390,0.12750202417373657,0.0632561668753624,0.21269798278808594,0.00029097270453348756,0.8850505774299288,0.7034993113429979,0.4,0.5,0.8
391,0.12826457619667053,0.06455443799495697,0.2110442817211151,0.0002645609201863408,0.8845381414630732,0.702518850526414,0.2,0.4,0.8
392,0.12973132729530334,0.06731992959976196,0.20690017938613892,0.00022755656391382217,0.8848788259750376,0.7026962672456055,0.4,0.4,0.8
393,0.12824171781539917,0.0641525462269783,0.21226102113723755,0.000273900106549263,0.8859452906280586,0.7043863949389547,0.4,0.4,0.8
394,0.12952464818954468,0.06424511969089508,0.21653589606285095,0.000212514161830768,0.8859095055163733,0.7046665266008357,0.4,0.4,0.8
395,0.12858521938323975,0.06335419416427612,0.21652351319789886,0.00018265191465616226,0.8854520710099602,0.7045544739360833,0.4,0.5,0.8
396,0.12895359098911285,0.06392760574817657,0.21564358472824097,0.0002219420566689223,0.8840864291582899,0.7028176576324207,0.4,0.5,0.8
397,0.12789691984653473,0.06330420076847076,0.21386368572711945,0.00028907560044899583,0.881972929715991,0.7007073324462498,0.4,0.5,0.85
398,0.12834930419921875,0.06498828530311584,0.20933793485164642,0.0003730824973899871,0.8819151098577307,0.7004738893946822,0.4,0.5,0.85
399,0.1295054852962494,0.06453702598810196,0.21515727043151855,0.00028086084057576954,0.8831529843416651,0.7017344818731471,0.4,0.5,0.8
400,0.12887518107891083,0.06353561580181122,0.21610786020755768,0.0003381343849468976,0.8842931116649215,0.7022480565865957,0.4,0.5,0.8
401,0.12935926020145416,0.06567107886075974,0.21132409572601318,0.00019396371499169618,0.8840298476869496,0.7009314377757547,0.4,0.5,0.8
402,0.12921807169914246,0.06622951477766037,0.2091495245695114,0.0001624598226044327,0.8840384736923916,0.7005859420594346,0.2,0.5,0.8
403,0.12735813856124878,0.06404460221529007,0.20980703830718994,0.0002476211520843208,0.8845439063677002,0.7014730256553914,0.2,0.5,0.8
404,0.12804445624351501,0.0632021576166153,0.2148284614086151,0.00026250153314322233,0.8843649381062759,0.7014730256553914,0.2,0.5,0.8
405,0.12791363894939423,0.06292686611413956,0.2155749350786209,0.00020951821352355182,0.8831147224561399,0.7002964726754909,0.2,0.5,0.8
406,0.1293158382177353,0.06541376560926437,0.21172693371772766,0.0002559878339525312,0.8827709206253769,0.7001470691224877,0.4,0.5,0.8
407,0.1281912475824356,0.0644732117652893,0.21126237511634827,0.00022621123935095966,0.8829150432410552,0.7009594509419428,0.4,0.5,0.8
408,0.12823480367660522,0.06408393383026123,0.21267567574977875,0.00023210687504615635,0.8839257377796834,0.7019212363144012,0.4,0.5,0.8
409,0.12733837962150574,0.06217483431100845,0.21566590666770935,0.00030918236006982625,0.883662986237678,0.7013422975465136,0.4,0.5,0.75
410,0.1286042332649231,0.06416469812393188,0.21368443965911865,0.00022279906261246651,0.8829670127886936,0.6998762751826693,0.2,0.5,0.75
411,0.12738347053527832,0.0635230764746666,0.21199603378772736,0.00017438721260987222,0.8822034404950815,0.6982888624320097,0.2,0.5,0.75
412,0.128608837723732,0.0640852302312851,0.2141353338956833,0.00018866837490350008,0.8815619560705727,0.69714966034036,0.2,0.4,0.75
413,0.12845036387443542,0.0641644299030304,0.21312806010246277,0.0002316756872460246,0.8824751169635096,0.6984756168732639,0.4,0.4,0.75
414,0.12775731086730957,0.061735138297080994,0.21895088255405426,0.00022461410844698548,0.881137274763041,0.6967201251254757,0.4,0.4,0.8
415,0.12827251851558685,0.06310620903968811,0.21655228734016418,0.00013373876572586596,0.8787889515389308,0.6944603963863016,0.4,0.4,0.8
416,0.1282625049352646,0.0644497275352478,0.2107534557580948,0.00039115393883548677,0.8804687593412808,0.6967481382916638,0.4,0.4,0.8
417,0.12828955054283142,0.06329689919948578,0.21541786193847656,0.0002448557934258133,0.8837742702484802,0.7007353456124379,0.4,0.4,0.8
418,0.1291559487581253,0.06234443932771683,0.22144769132137299,0.00025146102416329086,0.8850042019749282,0.7032378551252423,0.4,0.4,0.8
419,0.12737716734409332,0.06127540022134781,0.21935176849365234,0.0001974855549633503,0.8850499368849701,0.7034059341223708,0.4,0.4,0.8
420,0.12803921103477478,0.0632350817322731,0.21471720933914185,0.0002593143144622445,0.8862700896250508,0.7049373205406542,0.4,0.4,0.75
421,0.1277417689561844,0.062402598559856415,0.21639062464237213,0.00028132356237620115,0.8869365553029437,0.7061418866867428,0.4,0.4,0.8
422,0.1288425326347351,0.06309163570404053,0.21824081242084503,0.00018577146693132818,0.8856845461269236,0.7047412283773374,0.4,0.5,0.8
423,0.12738806009292603,0.06303997337818146,0.212964728474617,0.00030577019788324833,0.8836186178235479,0.7023787846954735,0.4,0.5,0.8
424,0.12814149260520935,0.06537653505802155,0.20786800980567932,0.00026969879399985075,0.8837085503357311,0.7030137497957374,0.4,0.5,0.8
425,0.1281818449497223,0.06286392360925674,0.2164107710123062,0.0002631208917591721,0.8838539967443236,0.7026962672456055,0.4,0.5,0.8
426,0.1286483108997345,0.06183328106999397,0.22098827362060547,0.0003456976846791804,0.882009013748657,0.7001750822886758,0.4,0.4,0.8
427,0.1272887885570526,0.06282368302345276,0.213752880692482,0.00022615677153225988,0.879951284420751,0.6974764806125546,0.4,0.4,0.8
428,0.12822900712490082,0.06663793325424194,0.2042081207036972,0.00021909036149736494,0.8825734619661485,0.7002964726754909,0.4,0.5,0.8
429,0.12884269654750824,0.06480953842401505,0.21209023892879486,0.00027072642114944756,0.8853554341272105,0.7041342764432618,0.4,0.5,0.8
430,0.1280091255903244,0.061441902071237564,0.22093522548675537,0.00019110568973701447,0.8853703801762439,0.7044424212713308,0.4,0.5,0.85
431,0.1277816891670227,0.06168944761157036,0.21923527121543884,0.00021444015146698803,0.883555844417608,0.702145341643906,0.4,0.6,0.85
432,0.12801550328731537,0.06401827186346054,0.21208763122558594,0.00024729056167416275,0.8826841481349893,0.7016597800966455,0.4,0.6,0.85
433,0.1281968057155609,0.06504180282354355,0.2096002846956253,0.00018327510042581707,0.8855243671842841,0.7046852020449612,0.6,0.6,0.85
434,0.12725704908370972,0.061626747250556946,0.21754524111747742,0.00024448297335766256,0.8866440397718636,0.706169899852931,0.6,0.6,0.85
435,0.1290084421634674,0.0623927004635334,0.22101937234401703,0.0002066201122943312,0.8871710801637747,0.7070102948385741,0.4,0.6,0.85
436,0.12837684154510498,0.0632031112909317,0.216243177652359,0.000200513590243645,0.8863382436086426,0.7061418866867428,0.4,0.6,0.85
437,0.12782536447048187,0.06393783539533615,0.211870014667511,0.00021769072918687016,0.8862595846877301,0.7058150664145482,0.4,0.6,0.85
438,0.12825410068035126,0.0652414858341217,0.20913922786712646,0.0001805626816349104,0.8866918671287701,0.7059457945234261,0.4,0.7,0.85
439,0.12981803715229034,0.06503642350435257,0.2145950049161911,0.000268737057922408,0.8865257097665172,0.7058150664145482,0.4,0.6,0.85
440,0.1279708445072174,0.06221507117152214,0.2180979996919632,0.00021757294598501176,0.8852316381382177,0.7045824871022714,0.4,0.6,0.85
441,0.12855316698551178,0.06336268037557602,0.2165234088897705,0.00015563711349386722,0.8865272470744177,0.7060298340219904,0.4,0.6,0.8
442,0.1273159384727478,0.06064073368906975,0.22097089886665344,0.0002559507265686989,0.8865317735921249,0.7058337418586736,0.4,0.6,0.8
443,0.12735246121883392,0.06154824048280716,0.21849697828292847,0.00017008409486152232,0.8855996525684147,0.7045918248243342,0.4,0.5,0.8
444,0.12786972522735596,0.06279946863651276,0.2156832367181778,0.00024352192122023553,0.8825937458898365,0.7008847491654411,0.4,0.6,0.85
445,0.12679879367351532,0.06340637058019638,0.21011589467525482,0.00023843097733333707,0.8828849376280024,0.7013983238788899,0.4,0.6,0.85
446,0.12840737402439117,0.06498105078935623,0.2101404368877411,0.000256133615039289,0.8865727257664762,0.7062912902397461,0.4,0.5,0.8
447,0.12862810492515564,0.061984624713659286,0.22071056067943573,0.0002868807641789317,0.8876886831932961,0.7076919485491515,0.4,0.6,0.8
448,0.1270759403705597,0.06085473671555519,0.21986937522888184,0.00017359074263367802,0.8867548113466989,0.7063940051824359,0.4,0.6,0.85
449,0.12902122735977173,0.06464678794145584,0.21338389813899994,0.00023951033654157072,0.8856056309880278,0.7050306977612812,0.4,0.6,0.85
450,0.12742303311824799,0.06469393521547318,0.2081916183233261,0.00018106830248143524,0.8875444324686262,0.7077946634918413,0.4,0.6,0.85
451,0.12717998027801514,0.062310051172971725,0.21495138108730316,0.0002563432208262384,0.8880936357161038,0.7088218129187386,0.4,0.6,0.85
452,0.126735121011734,0.06064532324671745,0.21898458898067474,0.00026295005227439106,0.8863873947584633,0.7068235403973201,0.4,0.6,0.85
453,0.1268174946308136,0.06077327951788902,0.21871761977672577,0.00028594888863153756,0.8824967246801119,0.7022947451969094,0.4,0.6,0.85
454,0.12646527588367462,0.06277274340391159,0.2112312763929367,0.00021542991453316063,0.8812760168010673,0.7003805121740553,0.4,0.6,0.85
455,0.12677843868732452,0.06292415410280228,0.2116638571023941,0.00023674806288909167,0.8826421283857072,0.702051964423279,0.4,0.6,0.85
456,0.12819094955921173,0.06196010112762451,0.21948330104351044,0.0002572429948486388,0.8840227589894081,0.7034059341223708,0.4,0.6,0.85
457,0.12731269001960754,0.06116768717765808,0.21979224681854248,0.00013822087203152478,0.8827859520804048,0.7018185213717114,0.4,0.5,0.85
458,0.12855874001979828,0.062489502131938934,0.21922455728054047,0.00020124153525102884,0.8832552153170528,0.7019399117585265,0.4,0.5,0.85
459,0.12697704136371613,0.06124066933989525,0.2180159091949463,0.00022106815595179796,0.8840757961119776,0.702836333076546,0.4,0.5,0.8
460,0.1286030113697052,0.06270131468772888,0.218855082988739,0.00016344325558748096,0.8832930928756029,0.7012582580479492,0.4,0.5,0.8
461,0.12903745472431183,0.06433498114347458,0.2147854119539261,0.00017789730918593705,0.8830105271428792,0.7012302448817611,0.4,0.5,0.8
462,0.12769944965839386,0.06418933719396591,0.21094052493572235,0.00015195918967947364,0.8842165878938711,0.7027242804117936,0.4,0.5,0.85
463,0.12719689309597015,0.06223871186375618,0.2157026082277298,0.00016492595023009926,0.8854602699854298,0.704657188878773,0.4,0.6,0.85
464,0.12742941081523895,0.06102384999394417,0.22049106657505035,0.0001721548760542646,0.8847440553157546,0.7038541447813806,0.4,0.6,0.85
465,0.12714575231075287,0.061566296964883804,0.21748177707195282,0.00022327897022478282,0.8835555454966274,0.702210705698345,0.4,0.6,0.85
466,0.12739230692386627,0.06332992017269135,0.21245859563350677,0.00021653153817169368,0.8840594408640354,0.7025001750822887,0.4,0.6,0.85
467,0.1278303563594818,0.06410115212202072,0.211599662899971,0.0001662011054577306,0.8856944532222829,0.7050120223171558,0.4,0.6,0.85
468,0.12713173031806946,0.06153459846973419,0.21799370646476746,0.0001326834171777591,0.8863944834560048,0.7057870532483601,0.4,0.6,0.85
469,0.12671343982219696,0.0605212077498436,0.22015850245952606,9.645336831454188e-05,0.8858179075872978,0.7048626187641526,0.4,0.5,0.85
470,0.1264883577823639,0.061227377504110336,0.21663768589496613,0.00017977769311983138,0.8841986526350312,0.7030230875178001,0.4,0.5,0.85
471,0.12663686275482178,0.06311741471290588,0.21077078580856323,0.00019214095664210618,0.8817949009205059,0.7001844200107384,0.4,0.5,0.85
472,0.12747812271118164,0.0643499493598938,0.20976153016090393,0.00013314031821209937,0.8821837544133548,0.7004552139505568,0.4,0.5,0.85
473,0.12651567161083221,0.06127361208200455,0.21659952402114868,0.00017480542010162026,0.8826779562003898,0.7013703107127016,0.4,0.5,0.85
474,0.12721407413482666,0.0613410547375679,0.2189028561115265,0.00013476920139510185,0.8817300350677014,0.7000630296239233,0.4,0.5,0.85
475,0.12858429551124573,0.06404344737529755,0.21395191550254822,0.000236848063650541,0.8812473630899206,0.6992132969162173,0.4,0.5,0.85
476,0.1287941038608551,0.064799964427948,0.21245047450065613,0.00017266218492295593,0.8815698561250617,0.6996708452972897,0.4,0.5,0.8
477,0.12594832479953766,0.06270210444927216,0.2098926156759262,0.0001856166054494679,0.8845380133540814,0.7032191796811169,0.4,0.5,0.85
478,0.1268337368965149,0.06122303381562233,0.21764318645000458,0.00021182038472034037,0.8858872999578096,0.7053761934776013,0.4,0.6,0.85
479,0.1290612518787384,0.06228853017091751,0.2213776409626007,0.00023961505212355405,0.8854677003069492,0.7048626187641526,0.4,0.6,0.85
480,0.1276983618736267,0.062174614518880844,0.21743349730968475,0.00019579750369302928,0.885458177538565,0.7041529518873871,0.4,0.6,0.8
481,0.12770339846611023,0.06315067410469055,0.21440082788467407,0.00015498290304094553,0.8861219956306293,0.7048252678759017,0.4,0.6,0.8
482,0.12785601615905762,0.06295658648014069,0.21516545116901398,0.0002331974683329463,0.8865046571888788,0.7053201671452249,0.4,0.6,0.8
483,0.12638568878173828,0.060618262737989426,0.21830423176288605,0.00018410176562611014,0.8860316360884738,0.7047972547097137,0.4,0.6,0.8
484,0.1261671930551529,0.06082261726260185,0.21714213490486145,0.00013461564958561212,0.8858927232384588,0.704563811658146,0.4,0.6,0.8
485,0.12700732052326202,0.0625736191868782,0.21376292407512665,0.00020321531337685883,0.8862797832054237,0.7046385134346477,0.4,0.6,0.8
486,0.12762032449245453,0.06299218535423279,0.21435546875,0.0002143310266546905,0.8862659474343186,0.7050400354833439,0.4,0.6,0.8
487,0.12692959606647491,0.06204397231340408,0.21525344252586365,0.0002063935244223103,0.8858045415491623,0.7047318906552748,0.4,0.6,0.8
488,0.12600326538085938,0.06138867884874344,0.21466277539730072,0.0001438313047401607,0.8835464497582157,0.7019025608702757,0.4,0.6,0.85
489,0.12639671564102173,0.06245773285627365,0.21226724982261658,0.00017253548139706254,0.8834293154367919,0.7019399117585265,0.4,0.6,0.85
490,0.12775319814682007,0.06287593394517899,0.21559622883796692,0.0001322622993029654,0.8832948436984895,0.7022760697527838,0.4,0.6,0.85
491,0.12710711359977722,0.06115351617336273,0.2191418707370758,0.00014068650489207357,0.8812307943269924,0.6999789901253589,0.4,0.6,0.85
492,0.12723177671432495,0.061688922345638275,0.21758165955543518,0.00017890737217385322,0.8811119945886763,0.6996708452972897,0.4,0.6,0.85
493,0.1285468488931656,0.06415193527936935,0.21407125890254974,0.00011568395711947232,0.882597759971577,0.7005859420594346,0.4,0.6,0.85
494,0.12750595808029175,0.06144571304321289,0.21939252316951752,0.00016165789566002786,0.8846998577136134,0.7031351401825525,0.4,0.6,0.85
495,0.1263740360736847,0.05888824537396431,0.22411105036735535,0.00016831699758768082,0.8835249274476077,0.7017251441510844,0.4,0.6,0.85
496,0.12739045917987823,0.06234755367040634,0.21592114865779877,0.00017770897829905152,0.8813749169426703,0.6986623713145179,0.4,0.5,0.8
497,0.1250806748867035,0.0626714676618576,0.20744949579238892,0.00011624092439888045,0.8814711694984448,0.6991292574176531,0.4,0.5,0.8
498,0.12671229243278503,0.06310994923114777,0.21140460669994354,0.00012064282782375813,0.8827095137153488,0.7010154772743189,0.4,0.6,0.8
499,0.1283450573682785,0.061984214931726456,0.22031910717487335,0.00017673925322014838,0.8827215132575726,0.7013983238788899,0.4,0.6,0.85
500,0.12681487202644348,0.0588325634598732,0.22608093917369843,0.00010535584442550316,0.8812478755258873,0.6996708452972897,0.4,0.6,0.85
501,0.12654972076416016,0.060224760323762894,0.22026078402996063,0.000164481156389229,0.8792214901979541,0.6974391297243039,0.4,0.6,0.85
502,0.12567390501499176,0.06269878894090652,0.20919136703014374,0.00014513765927404165,0.8806586168670008,0.699007867030838,0.4,0.6,0.85
503,0.1277460902929306,0.06466848403215408,0.20932044088840485,0.00018764070409815758,0.883906137103951,0.7028736839647969,0.4,0.6,0.85
504,0.1262369453907013,0.06091910973191261,0.2168056219816208,0.000184102202183567,0.8854290540944489,0.7047318906552748,0.4,0.6,0.85
505,0.12703602015972137,0.06119302287697792,0.2186068743467331,0.00017395650502294302,0.8849856261711299,0.703844807059318,0.4,0.6,0.85
506,0.12525273859500885,0.060387276113033295,0.21556255221366882,0.00013112681335769594,0.8839287696924872,0.7023881224175362,0.4,0.6,0.85
507,0.12842831015586853,0.06461462378501892,0.21186776459217072,0.00016889961261767894,0.8843149328965103,0.7029857366295493,0.4,0.6,0.85
508,0.12733040750026703,0.06217886134982109,0.21642935276031494,0.00014849806029815227,0.884236316678595,0.7032285174031796,0.4,0.6,0.85
509,0.12663382291793823,0.06142638996243477,0.2163708359003067,0.00019744534802157432,0.883613450760882,0.702995074351612,0.4,0.7,0.85
510,0.12593945860862732,0.061503298580646515,0.21388672292232513,0.00018009974155575037,0.8835686553167795,0.7035179867871233,0.4,0.7,0.85
511,0.12893228232860565,0.06338528543710709,0.21777112782001495,0.00014377167099155486,0.8843630164714001,0.7044330835492681,0.4,0.7,0.85
512,0.12831450998783112,0.06262816488742828,0.21835628151893616,0.0001196351004182361,0.88392099774699,0.7030977892943018,0.6,0.7,0.85
513,0.12760552763938904,0.06283226609230042,0.21473020315170288,0.00023613819212187082,0.8840242962973086,0.7030230875178001,0.6,0.7,0.8
514,0.12669281661510468,0.062303777784109116,0.2136518508195877,0.00019565281399991363,0.8846182095828943,0.7034993113429979,0.4,0.7,0.8
515,0.1269383728504181,0.06263882666826248,0.21355536580085754,0.00015529007941950113,0.8846636455719554,0.703527324509186,0.4,0.7,0.8
516,0.12630783021450043,0.061938315629959106,0.2135571986436844,0.00020157522521913052,0.882983752363611,0.7010341527184444,0.4,0.6,0.8
517,0.12602907419204712,0.060444872826337814,0.21754507720470428,0.00021378655219450593,0.8818414898904926,0.6997455470737914,0.4,0.6,0.8
518,0.12787246704101562,0.06199148669838905,0.21844294667243958,0.00023206562036648393,0.8812152077330004,0.6991479328617785,0.4,0.7,0.8
519,0.1270575225353241,0.061160858720541,0.2188863605260849,0.00015383622667286545,0.8815916013623069,0.699723836227217,0.4,0.7,0.8
520,0.12653899192810059,0.060757920145988464,0.21827641129493713,0.00019876405713148415,0.8832845095731581,0.7021079907556552,0.4,0.7,0.85
521,0.12706883251667023,0.06052197888493538,0.22108860313892365,0.00014684772759210318,0.8839376519159128,0.7032938814576184,0.6,0.7,0.85
522,0.12642112374305725,0.06157448887825012,0.21543611586093903,0.00014387011469807476,0.8848212196317636,0.7049093073744661,0.6,0.7,0.85
523,0.12554973363876343,0.061439089477062225,0.21304573118686676,0.000131278793560341,0.885054036372705,0.7049466582627169,0.6,0.7,0.85
524,0.12708516418933868,0.06269927322864532,0.21373634040355682,0.0001766539498930797,0.8853914754568795,0.7054508952541028,0.6,0.7,0.85
525,0.1268284022808075,0.06229953095316887,0.21453361213207245,0.0001125234120991081,0.8846037759698279,0.704283679996265,0.6,0.7,0.85
526,0.12757429480552673,0.06323789060115814,0.21358004212379456,0.0001749231741996482,0.8827989337915649,0.7019772626467774,0.4,0.7,0.85
527,0.1273503452539444,0.06364081054925919,0.21171614527702332,0.00012979324674233794,0.8809961413571696,0.6996988584634779,0.4,0.7,0.85
528,0.12688298523426056,0.062015026807785034,0.21586200594902039,7.290710345841944e-05,0.8821428022390035,0.701454350211266,0.4,0.7,0.85
529,0.12545634806156158,0.05800824984908104,0.22427476942539215,0.00011044747225241736,0.8824574379226531,0.7013983238788899,0.4,0.7,0.85
530,0.12676699459552765,0.059083130210638046,0.2249787300825119,0.00012683252862188965,0.8814603229371464,0.6992786609706563,0.4,0.6,0.85
531,0.1265934705734253,0.06171077489852905,0.2156635969877243,0.00012241066724527627,0.8820722141845693,0.6997362093517286,0.4,0.6,0.8
532,0.12718816101551056,0.06327055394649506,0.21235105395317078,0.00014153240772429854,0.8833758085812528,0.7008847491654411,0.4,0.6,0.8
533,0.12689372897148132,0.06323214620351791,0.2114497870206833,0.00015109317610040307,0.8853536833043238,0.7036487148960011,0.4,0.6,0.85
534,0.12640179693698883,0.061623312532901764,0.215212881565094,0.00014308215759228915,0.8853704228792412,0.7038914956696315,0.4,0.6,0.85
535,0.1260799914598465,0.06116402894258499,0.21573999524116516,0.00012931175297126174,0.8848909109232559,0.7039101711137569,0.4,0.7,0.85
536,0.12613999843597412,0.06068994849920273,0.21749019622802734,0.00013532301818486303,0.8848947968960047,0.7041249387211991,0.4,0.7,0.85
537,0.12630373239517212,0.06051803007721901,0.21888621151447296,7.989383448148146e-05,0.8851191157404957,0.7043023554403903,0.4,0.7,0.85
538,0.12667307257652283,0.06090814992785454,0.21848782896995544,0.00014571184874512255,0.8841013325043259,0.7032845437355557,0.4,0.7,0.85
539,0.12672653794288635,0.061286333948373795,0.21720577776432037,0.00018564931815490127,0.8831636173879774,0.7016224292083947,0.4,0.7,0.85
540,0.12627165019512177,0.06248461455106735,0.21198061108589172,0.00012856237299274653,0.8838688146843652,0.7026309031911665,0.4,0.7,0.85
541,0.12672488391399384,0.06195487082004547,0.21491961181163788,0.00019608531147241592,0.8841031260302099,0.7026775918014802,0.4,0.7,0.85
542,0.12648116052150726,0.06110352650284767,0.21724174916744232,0.00013673445209860802,0.8822654452470711,0.7002311086210519,0.4,0.7,0.85
543,0.12643536925315857,0.06157134100794792,0.21573200821876526,9.627723193261772e-05,0.8796366060341043,0.6970469453976702,0.4,0.6,0.85
544,0.12767145037651062,0.06290457397699356,0.21523018181324005,0.0001318810391239822,0.8803316400171497,0.698344888764386,0.4,0.7,0.85
545,0.12495014816522598,0.058587703853845596,0.22011800110340118,0.00021802693663630635,0.8801332845949793,0.69853164320564,0.4,0.7,0.85
546,0.12758193910121918,0.0608101561665535,0.2221071720123291,9.30933456402272e-05,0.8786472202910979,0.6969255550108551,0.4,0.7,0.85
547,0.12670940160751343,0.062235306948423386,0.2137579619884491,0.00023113292991183698,0.8778970140356211,0.6957770151971426,0.4,0.6,0.85
548,0.12627409398555756,0.0626344159245491,0.21153967082500458,0.00011851084855152294,0.8793896118980801,0.6979807176039406,0.4,0.7,0.85
549,0.12550173699855804,0.060623157769441605,0.21512867510318756,0.00022665066353511065,0.8810986285505408,0.7003058103975536,0.4,0.7,0.85
550,0.12651397287845612,0.060083065181970596,0.2208992838859558,0.00010741945152403787,0.8812282748501552,0.7004552139505568,0.4,0.7,0.85
551,0.1252349317073822,0.0592576265335083,0.21931159496307373,0.00012254483590368181,0.8798209975761779,0.6988864766440228,0.4,0.7,0.85
552,0.12665419280529022,0.06330199539661407,0.21023094654083252,0.00018860516138374805,0.8804824670033942,0.6996708452972897,0.4,0.7,0.85
553,0.12700869143009186,0.06335807591676712,0.21115337312221527,0.00020306406076997519,0.8810559682563001,0.7007540210565633,0.4,0.7,0.85
554,0.12744612991809845,0.06210770457983017,0.2171119749546051,0.00013654996291734278,0.8805322586981735,0.6999509769591709,0.4,0.7,0.85
555,0.12634950876235962,0.05971153452992439,0.22152641415596008,0.00012003524170722812,0.879295195571187,0.6982888624320097,0.4,0.7,0.85
556,0.1277569979429245,0.06137421727180481,0.22050759196281433,0.00015367000014521182,0.8786927843891507,0.6975044937787427,0.4,0.7,0.85
557,0.12673862278461456,0.06176123768091202,0.2160865068435669,0.00010095645848196,0.8802147619137093,0.6994934285780985,0.4,0.7,0.85
558,0.12612932920455933,0.06084489822387695,0.21706394851207733,0.00011016566713806242,0.8815925741195925,0.7004552139505568,0.4,0.7,0.85
559,0.12752041220664978,0.06324359774589539,0.21369890868663788,0.00011142515722895041,0.8817017229805326,0.7002030954548638,0.4,0.7,0.85
560,0.12739375233650208,0.06390786170959473,0.21082846820354462,0.00015823419380467385,0.8824407837537301,0.7012956089362001,0.4,0.7,0.8
561,0.1274522840976715,0.06361879408359528,0.212137371301651,0.00012819426774512976,0.8836891204719878,0.7030791138501763,0.4,0.7,0.8
562,0.12726709246635437,0.06157391518354416,0.21816852688789368,0.00016174593474715948,0.8833197395458793,0.7025375259705395,0.4,0.7,0.8
563,0.12660785019397736,0.059856537729501724,0.22195987403392792,0.00010889750410569832,0.8823634059227349,0.7016037537642692,0.4,0.7,0.8
564,0.12547481060028076,0.0595247857272625,0.219277024269104,0.00011126875324407592,0.8807333471121672,0.6997081961855406,0.4,0.7,0.85
565,0.12701264023780823,0.06236301735043526,0.21457993984222412,0.00018376411753706634,0.8803429563114177,0.6990545556411514,0.4,0.7,0.85
566,0.12646479904651642,0.06328438222408295,0.21005216240882874,0.0001098414504667744,0.8812925001580012,0.7003058103975536,0.4,0.7,0.85
567,0.12676401436328888,0.06218476593494415,0.2141977697610855,0.0002132793888449669,0.8836819036654545,0.7033965964003082,0.4,0.7,0.85
568,0.12527619302272797,0.058803051710128784,0.22085866332054138,0.00014369783457368612,0.8845388674140262,0.704657188878773,0.4,0.7,0.85
569,0.1254090666770935,0.05778351426124573,0.2250567376613617,7.235421071527526e-05,0.8837917784773479,0.7033312323458694,0.4,0.7,0.85
570,0.1260237693786621,0.06059201806783676,0.21728043258190155,0.00016508231055922806,0.8825603521459965,0.7014917010995168,0.4,0.7,0.85
571,0.12667062878608704,0.06372666358947754,0.20912741124629974,0.00013715686509385705,0.8829990400366221,0.7017811704834606,0.4,0.7,0.85
572,0.1277657151222229,0.06379134207963943,0.21254698932170868,0.00014018169895280153,0.8832509023143317,0.7021826925321569,0.4,0.7,0.85
573,0.12689854204654694,0.06168012693524361,0.21683251857757568,0.00011243227345403284,0.882630256952475,0.701706468706959,0.4,0.7,0.85
574,0.12598925828933716,0.05966759845614433,0.22052139043807983,0.00011016149073839188,0.8816326295310015,0.7004552139505568,0.4,0.7,0.85
575,0.1270926147699356,0.0617145374417305,0.21754823625087738,7.574118353659287e-05,0.8807519656189629,0.6989798538646498,0.4,0.7,0.85
576,0.12706705927848816,0.062241215258836746,0.2153516262769699,0.00014690455282106996,0.8812988202015924,0.7000163410136098,0.4,0.7,0.8
577,0.12774348258972168,0.06220558285713196,0.21779276430606842,0.0001333786203758791,0.8791092667212127,0.6971123094521092,0.4,0.7,0.8
578,0.12716618180274963,0.06327519565820694,0.21234874427318573,0.000124236466945149,0.8792545423178163,0.6975325069449309,0.4,0.7,0.8
579,0.1274203211069107,0.06314178556203842,0.2137449085712433,0.00010337083222111687,0.8810559682563001,0.6990919065294021,0.4,0.7,0.8
580,0.1263989359140396,0.06050015985965729,0.21891582012176514,0.00014934544742573053,0.8820818650619451,0.6997455470737914,0.4,0.7,0.8
581,0.12767480313777924,0.06054020673036575,0.22316357493400574,0.00012367563613224775,0.880476360474789,0.6977099236641222,0.4,0.6,0.8
582,0.12701992690563202,0.06131279841065407,0.21849331259727478,0.00010608446609694511,0.8788302453372598,0.6960197959707729,0.4,0.6,0.8
583,0.12705399096012115,0.06307078897953033,0.21275734901428223,0.00010400166502222419,0.8808511646815468,0.6984289282629503,0.4,0.6,0.8
584,0.12642069160938263,0.0619034618139267,0.2143135964870453,0.00014876003842800856,0.8823116498900826,0.7008847491654411,0.4,0.6,0.8
585,0.12720957398414612,0.06119215860962868,0.21934857964515686,0.00014189037028700113,0.8821849500972775,0.7008473982771903,0.4,0.6,0.8
586,0.12714368104934692,0.06194835156202316,0.2167540341615677,0.00011274206190137193,0.8812054714496301,0.6997455470737914,0.4,0.6,0.8
587,0.12633071839809418,0.06247863546013832,0.2120657116174698,0.0001549169683130458,0.8823537977483564,0.7010621658846325,0.4,0.7,0.85
588,0.12800002098083496,0.06375732272863388,0.21354828774929047,0.00011881458340212703,0.8846879008743866,0.7044237458272055,0.4,0.7,0.85
589,0.12744614481925964,0.061066728085279465,0.22068822383880615,0.00011529617040650919,0.8844597387601442,0.7041249387211991,0.4,0.7,0.85
590,0.1262674629688263,0.05952107533812523,0.2220928817987442,7.901901699369773e-05,0.8833401515785592,0.7024441487499126,0.4,0.7,0.85
591,0.12627562880516052,0.060836803168058395,0.21728600561618805,0.00016867974773049355,0.8836459904447774,0.7027522935779817,0.4,0.7,0.85
592,0.125269815325737,0.06086209788918495,0.21396584808826447,0.00014531103079207242,0.8848052060077994,0.7042556668300769,0.4,0.7,0.85
593,0.12746165692806244,0.06171229109168053,0.21818512678146362,0.00019588274881243706,0.8844985130816362,0.7039101711137569,0.4,0.6,0.85
594,0.12627652287483215,0.060989707708358765,0.21635189652442932,0.00025416730204597116,0.8830968726032943,0.7023320960851601,0.4,0.6,0.85
595,0.12677249312400818,0.06271860748529434,0.2127811759710312,0.00014634979015681893,0.8833259314804789,0.7023134206410347,0.4,0.7,0.85
596,0.1266271322965622,0.061469968408346176,0.21644271910190582,0.0001495679171057418,0.8826506262821575,0.7010715036066952,0.4,0.6,0.85
597,0.12605930864810944,0.06048630177974701,0.21778754889965057,0.00015782717673573643,0.8807147286053715,0.6984009150967622,0.4,0.6,0.85
598,0.12748484313488007,0.06156536936759949,0.2188834547996521,0.0001696243416517973,0.8786813826888882,0.6958797301398324,0.4,0.6,0.85
599,0.12572786211967468,0.060684267431497574,0.2164631485939026,6.976437725825235e-05,0.8785674083892601,0.6955995984779514,0.4,0.6,0.85
600,0.12613210082054138,0.06067075952887535,0.217420756816864,0.0001567443978274241,0.8789968724324824,0.6960664845810866,0.4,0.7,0.8
601,0.1272689700126648,0.061155859380960464,0.21993236243724823,8.892542246030644e-05,0.8802256938810022,0.6978499894950627,0.4,0.7,0.8
602,0.12446259707212448,0.05893630534410477,0.21797077357769012,9.003806189866737e-05,0.8801091574015397,0.6979807176039406,0.4,0.7,0.8
603,0.12648765742778778,0.06263073533773422,0.21231968700885773,0.00010733413364505395,0.8809056110030251,0.6995401171884119,0.4,0.7,0.8
604,0.12588949501514435,0.062222421169281006,0.21160657703876495,0.00012338907981757075,0.8814035706538171,0.7001190559562994,0.4,0.7,0.8
605,0.12690533697605133,0.062011491507291794,0.21563205122947693,0.00013614335330203176,0.8812672199836363,0.6996801830193525,0.4,0.7,0.8
606,0.12668347358703613,0.06173941120505333,0.21559759974479675,0.00017651909729465842,0.882402351056216,0.7005485911711838,0.4,0.7,0.8
607,0.12589964270591736,0.059902966022491455,0.21906626224517822,0.00018453478696756065,0.8825486088217561,0.7005112402829331,0.4,0.7,0.85
608,0.12589499354362488,0.059621598571538925,0.2205192595720291,7.841347542125732e-05,0.8840052080575432,0.702490837360226,0.4,0.7,0.85
609,0.1260065734386444,0.05945771932601929,0.22137118875980377,9.166167001239955e-05,0.884800295163117,0.7033125569017438,0.4,0.7,0.85
610,0.12597765028476715,0.060213178396224976,0.21864722669124603,0.00011353656009305269,0.884459354433169,0.7032005042369914,0.4,0.7,0.85
611,0.1273518055677414,0.0627967044711113,0.21447081863880157,0.00014256419672165066,0.8846320453539993,0.7033218946238067,0.4,0.7,0.85
612,0.12772469222545624,0.06332780420780182,0.2141663283109665,9.799224062589929e-05,0.8837978850059529,0.7027616313000444,0.4,0.7,0.85
613,0.1263817548751831,0.06201540678739548,0.21393781900405884,0.00012332794722169638,0.8825302465329438,0.7015477274318931,0.4,0.7,0.85
614,0.1270378977060318,0.06244605779647827,0.21487553417682648,8.611569501226768e-05,0.8829789696279202,0.7025001750822887,0.4,0.7,0.85
615,0.1257614642381668,0.059351883828639984,0.22075027227401733,0.00012299150694161654,0.881961784233712,0.7012582580479492,0.4,0.7,0.85
616,0.1265082061290741,0.06021406874060631,0.2205190509557724,9.228006092598662e-05,0.8783542350270482,0.6965240329621589,0.4,0.7,0.85
617,0.1264657974243164,0.06224382668733597,0.21334107220172882,0.00014643289614468813,0.8782275352342431,0.6962905899105915,0.4,0.7,0.85
618,0.12761153280735016,0.06351437419652939,0.21301007270812988,0.0001294255635002628,0.880398470207827,0.6992599855265309,0.4,0.7,0.85
619,0.12604622542858124,0.060990262776613235,0.21632923185825348,0.0001047901387210004,0.8827379966145065,0.7026682540794174,0.4,0.7,0.85
620,0.12580369412899017,0.05904389172792435,0.2219027876853943,0.00012597932072822005,0.882621630947033,0.702929710297173,0.4,0.7,0.85
621,0.1270393282175064,0.06063948944211006,0.22064834833145142,0.000136895730975084,0.8813069764740648,0.7016224292083947,0.4,0.7,0.85
622,0.1255621463060379,0.06159886345267296,0.21245339512825012,0.00015150077524594963,0.879915243091082,0.6995587926325373,0.4,0.7,0.85
623,0.12640206515789032,0.06352440267801285,0.20850032567977905,0.00021838310931343585,0.8805538664147761,0.7003991876181807,0.4,0.7,0.85
624,0.12683504819869995,0.06238570064306259,0.21405474841594696,0.00015528456424362957,0.8811064431990353,0.700856735999253,0.4,0.7,0.85
625,0.1264227330684662,0.0595107302069664,0.22237470746040344,0.00013305406901054084,0.8810514417385928,0.7005205780049958,0.4,0.7,0.85
626,0.125247061252594,0.057690367102622986,0.2248072773218155,7.633020868524909e-05,0.8799541455215659,0.6985876695380163,0.4,0.7,0.85
627,0.12624739110469818,0.060778435319662094,0.2179109752178192,6.377598765539005e-05,0.8798161294344928,0.6977659499964984,0.4,0.7,0.85
628,0.1270434409379959,0.06178820878267288,0.21699504554271698,0.00010447463864693418,0.880462353891695,0.6981207834348812,0.4,0.7,0.85
629,0.1269797682762146,0.06301147490739822,0.21261411905288696,0.00012270237493794411,0.881608673149551,0.6995307794663492,0.4,0.7,0.85
630,0.12579241394996643,0.06090556085109711,0.2157941609621048,9.905917249852791e-05,0.8836178918725948,0.7025468636926023,0.4,0.7,0.85
631,0.12624512612819672,0.05911660194396973,0.22318674623966217,0.00011499803804326802,0.883623345938084,0.7029173446276936,0.4,0.7,0.85
632,0.12533652782440186,0.05819273740053177,0.22345192730426788,7.21402611816302e-05,0.883235700047315,0.7025001750822887,0.4,0.7,0.85
633,0.1270047277212143,0.060991767793893814,0.21940499544143677,0.0001276390830753371,0.8819902671328697,0.7012209071596984,0.4,0.7,0.85
634,0.125644713640213,0.0617680586874485,0.2122187316417694,0.00014068576274439692,0.8827909056280843,0.7022013679762823,0.4,0.7,0.85
635,0.12512828409671783,0.06011403352022171,0.2157873809337616,0.00018535133858677,0.8829021469358891,0.7026122277470411,0.4,0.7,0.85
636,0.1270710676908493,0.06224488466978073,0.21536976099014282,0.0001435024751117453,0.8819579409639604,0.7007540210565633,0.4,0.7,0.85
637,0.12522444128990173,0.06100469455122948,0.2137233465909958,6.849332567071542e-05,0.8810376913734822,0.6995494549104746,0.4,0.7,0.85
638,0.12415564060211182,0.05895831435918808,0.21653084456920624,0.0001587100705364719,0.8817902889968042,0.7006886570021243,0.4,0.7,0.85
639,0.1286606341600418,0.06144845485687256,0.22335407137870789,0.00013730101636610925,0.8825167950888138,0.7015664028760185,0.4,0.7,0.85
640,0.125739187002182,0.05798807367682457,0.22532282769680023,0.00010283954907208681,0.8815542268280727,0.7004458762284941,0.4,0.7,0.85
641,0.1270386129617691,0.06133449450135231,0.21825556457042694,0.00015163247007876635,0.8802721547419972,0.6987744239792704,0.4,0.7,0.85
642,0.12667685747146606,0.06249422952532768,0.2131059318780899,0.0001672306243563071,0.8805569410305771,0.6990732310852767,0.4,0.7,0.85
643,0.12639129161834717,0.06128086522221565,0.21635407209396362,0.000136134956846945,0.8810833408775296,0.6995307794663492,0.4,0.7,0.85
644,0.12639468908309937,0.05948237329721451,0.22225244343280792,0.00015771595644764602,0.8797882870802936,0.6981768097672573,0.4,0.7,0.85
645,0.12724491953849792,0.061048947274684906,0.2199777513742447,0.0001350893871858716,0.8777424291856197,0.6957583397530173,0.4,0.7,0.85
646,0.1284184604883194,0.06404270231723785,0.2139756977558136,0.00012202789366710931,0.8790477744051901,0.6970376076756075,0.4,0.7,0.85
647,0.12626101076602936,0.06076912581920624,0.21755580604076385,0.0001500898797530681,0.8791932208137826,0.6973644279478022,0.4,0.7,0.85
648,0.1262018382549286,0.05947777256369591,0.22156983613967896,0.00016873735876288265,0.8767511218077374,0.6943390059994865,0.4,0.7,0.85
649,0.12785978615283966,0.06268411129713058,0.2165200561285019,0.00014643670874647796,0.876182531399514,0.6938534444522259,0.4,0.7,0.85
650,0.12724152207374573,0.06235945597290993,0.21583418548107147,8.786514808889478e-05,0.8785698851630999,0.6968228400681654,0.4,0.7,0.85
651,0.1258738934993744,0.059351857751607895,0.221294566988945,8.91110030352138e-05,0.8799015781319659,0.6987744239792704,0.4,0.7,0.85
652,0.1254725307226181,0.05824257433414459,0.2237025946378708,7.944080425659195e-05,0.8801892255213609,0.6992319723603428,0.4,0.7,0.85
653,0.12550543248653412,0.05964723601937294,0.21895365417003632,0.00011472468031570315,0.8789381558112802,0.6983542264864487,0.4,0.7,0.85
654,0.12571027874946594,0.06191953644156456,0.21185171604156494,0.00015681490185670555,0.8792411762796808,0.6987744239792704,0.4,0.7,0.85
655,0.1263955980539322,0.06279537081718445,0.2115393728017807,9.227715054294094e-05,0.8798631881374491,0.6991946214720919,0.4,0.7,0.85
656,0.1271306425333023,0.06236483156681061,0.21536345779895782,0.00010451788693899289,0.8802780904586132,0.6995587926325373,0.4,0.7,0.85
657,0.1273103952407837,0.0606394000351429,0.2215021252632141,0.0001469069393351674,0.8777768905043908,0.6963092653547168,0.4,0.7,0.85
658,0.12642088532447815,0.061575036495923996,0.21580125391483307,7.031265704426914e-05,0.876388744173176,0.6940682120596681,0.4,0.7,0.8
659,0.12497434765100479,0.06058046221733093,0.21424566209316254,8.012224861886352e-05,0.8768273466578074,0.6942456287788595,0.4,0.7,0.8
660,0.12597933411598206,0.0608794130384922,0.21629460155963898,0.00014102320710662752,0.8788931468521913,0.6969909190652941,0.4,0.7,0.8
661,0.12744514644145966,0.06040919944643974,0.22280274331569672,0.00013007235247641802,0.8794850530969068,0.6980367439363168,0.4,0.7,0.85
662,0.1254977583885193,0.05811108276247978,0.224200040102005,8.444211562164128e-05,0.8797999877015368,0.6986623713145179,0.4,0.7,0.85
663,0.12571829557418823,0.0594809427857399,0.22031018137931824,9.620625496609136e-05,0.8790588344814747,0.6977659499964984,0.4,0.7,0.85
664,0.12654408812522888,0.062127165496349335,0.21406660974025726,0.00013128491991665214,0.878127738329698,0.6968788664005416,0.6,0.7,0.85
665,0.12673042714595795,0.06203051656484604,0.21493704617023468,0.00014586174802388996,0.8782006750489805,0.6970749585638585,0.6,0.7,0.85
666,0.12667180597782135,0.0601612813770771,0.22122891247272491,9.456490079173818e-05,0.8784155565310819,0.69749515605668,0.6,0.7,0.9
667,0.1260206699371338,0.05885370448231697,0.22346210479736328,8.555749082006514e-05,0.877797387943065,0.6963839671312184,0.6,0.7,0.9
668,0.12645596265792847,0.060847509652376175,0.21825429797172546,8.810706640360877e-05,0.8782626370979727,0.6962439013002778,0.6,0.7,0.9
669,0.12706471979618073,0.06226825341582298,0.2153058648109436,0.0001364607596769929,0.8783822908962334,0.6961505240796507,0.6,0.7,0.9
670,0.1252293884754181,0.06033133715391159,0.21604740619659424,5.589254942606203e-05,0.8796500147752371,0.6974764806125546,0.4,0.7,0.9
671,0.1266297549009323,0.061174094676971436,0.2177504003047943,8.702063496457413e-05,0.8808393359513118,0.6988864766440228,0.4,0.7,0.9
672,0.12597621977329254,0.059178587049245834,0.22221508622169495,8.873197657521814e-05,0.8810415773462309,0.6989425029763989,0.4,0.7,0.9
673,0.1265755295753479,0.06057966127991676,0.21925365924835205,0.00014650981756858528,0.8816317327680595,0.6995868057987255,0.4,0.7,0.9
674,0.12663660943508148,0.06091146543622017,0.21826519072055817,0.000163725417223759,0.8801355051508356,0.6976632350538087,0.4,0.7,0.9
675,0.12593987584114075,0.0617532879114151,0.21332791447639465,0.0001254656381206587,0.8787946737405605,0.6966734365151622,0.6,0.7,0.9
676,0.12564484775066376,0.06134116277098656,0.21366272866725922,0.0001365763891953975,0.8789946518766261,0.697215024394799,0.6,0.7,0.9
677,0.12638963758945465,0.06030746176838875,0.21970145404338837,0.00011449486919445917,0.8790989752988783,0.6970469453976702,0.6,0.7,0.9
678,0.12450198829174042,0.05780396983027458,0.22187258303165436,9.082978795049712e-05,0.8772245699381148,0.6942643042229849,0.6,0.7,0.85
679,0.1274079829454422,0.06270991265773773,0.2151797115802765,9.610673441784456e-05,0.876806849219133,0.6934799355697179,0.6,0.7,0.85
680,0.12665896117687225,0.06200379878282547,0.21507835388183594,8.776393224252388e-05,0.8761332094377041,0.6925274879193222,0.6,0.7,0.85
681,0.1262829303741455,0.06122830882668495,0.21642865240573883,8.401512604905292e-05,0.8768657366523243,0.6938721198963513,0.6,0.7,0.85
682,0.1261826455593109,0.05908316746354103,0.22303999960422516,0.00012498212163336575,0.8768768821346034,0.6940682120596681,0.6,0.7,0.85
683,0.1260354369878769,0.06026139855384827,0.21886160969734192,7.703406299697235e-05,0.87715244457578,0.6943950323318627,0.6,0.7,0.85
684,0.12645752727985382,0.06131722033023834,0.2165188044309616,0.00012311351019889116,0.8780184186567688,0.6948432429908724,0.6,0.7,0.85
685,0.12702061235904694,0.06198497116565704,0.21602289378643036,0.0001525195111753419,0.8790372267648724,0.6960851600252119,0.6,0.7,0.85
686,0.1265919953584671,0.06078983470797539,0.21871808171272278,0.00012448492634575814,0.8805744492594446,0.6981581343231319,0.6,0.7,0.85
687,0.12490352243185043,0.05958840250968933,0.21710120141506195,0.0001231723726959899,0.8807104156026504,0.6986623713145179,0.6,0.7,0.85
688,0.12534435093402863,0.059848442673683167,0.217980295419693,6.788047176087275e-05,0.8809614665234123,0.6990172047529006,0.6,0.7,0.9
689,0.1259118914604187,0.060867343097925186,0.21608828008174896,0.00014537879906129092,0.8806862457062138,0.6983075378761351,0.6,0.7,0.85
690,0.12775318324565887,0.06381788849830627,0.21275155246257782,7.321996963582933e-05,0.8810862446813418,0.6986250204262671,0.6,0.7,0.85
691,0.12592272460460663,0.060101643204689026,0.21879681944847107,0.00012135603174101561,0.8806752710359235,0.6977192613861849,0.6,0.7,0.85
692,0.12612996995449066,0.05946313589811325,0.22151803970336914,0.0001409448159392923,0.8796938280504032,0.6962345635782151,0.6,0.7,0.85
693,0.12611491978168488,0.059886205941438675,0.22022125124931335,0.00010822676995303482,0.8781568190708171,0.6943670191656746,0.6,0.7,0.85
694,0.12622515857219696,0.061689864844083786,0.21438027918338776,0.00014747021486982703,0.8783441998226972,0.6945444358848659,0.6,0.7,0.85
695,0.12771767377853394,0.06252507120370865,0.2168346792459488,9.478786523686722e-05,0.8802642546875081,0.6977379368303103,0.6,0.7,0.85
696,0.12521353363990784,0.05840824171900749,0.22240282595157623,5.629524457617663e-05,0.8816696957326042,0.7000350164577352,0.6,0.7,0.85
697,0.125965878367424,0.05999622121453285,0.21941563487052917,9.66389779932797e-05,0.8820968111109784,0.7011275299390713,0.6,0.7,0.9
698,0.12645305693149567,0.061683718115091324,0.21550127863883972,7.930536958156154e-05,0.8825400682223083,0.7018745477040876,0.6,0.7,0.9
699,0.1268228441476822,0.061613794416189194,0.21677112579345703,0.00011847491259686649,0.882181106827526,0.7018278590937741,0.6,0.7,0.9
700,0.12647946178913116,0.060982368886470795,0.21788276731967926,8.817456546239555e-05,0.8809692384689097,0.7005859420594346,0.6,0.8,0.9
701,0.12619486451148987,0.060661789029836655,0.21802690625190735,8.333711593877524e-05,0.8797147098160526,0.6990452179190887,0.6,0.7,0.9
702,0.1260775923728943,0.061150748282670975,0.2159993201494217,8.469635940855369e-05,0.879934245924853,0.6992039591941546,0.6,0.7,0.9
703,0.12430720031261444,0.057793743908405304,0.22130009531974792,8.228527440223843e-05,0.8790053703289327,0.6979060158274389,0.6,0.7,0.9
