node,throughput_raw,delay_raw,loss_raw,txPackets,rxPackets,bytes_,uptime_ratio,degree_centrality,closeness,betweenness,clustering_coeff,k_shell,throughput,delay,loss,soft_label,run_split,mask,true_label
0,0.0,0.0,0.0,0,0,0,1.0,0.0515463917525773,0.2440251572327044,0.3202526900539827,0.0888888888888888,4,0.001,1.0,1.0,0.6563402,val,0,0.6563402
1,1101.82101010101,0.038757601076647,-287.962962962963,27,7802,8181021,1.0,0.0257731958762886,0.2008281573498964,0.026005848753031,0.2,4,33.19368932645195,0.962688503038172,1.0,0.4508643,val,0,0.4508643
2,839.1397979797979,0.1765951586415602,-219.2962962962963,27,5948,6230613,1.0,0.0206185567010309,0.2002063983488132,0.0178852253634584,0.0,4,28.967909813788737,0.8499100074103242,1.0,0.35511485,val,0,0.35511485
3,1074.4641077441077,0.2108023198574023,0.1271602980814967,12614,11010,7977896,1.0,0.0463917525773195,0.2861356932153392,0.5623984200903168,0.0833333333333333,4,32.77901933774267,0.8258986488543987,0.8728397019185032,0.86894447,val,0,0.86894447
4,1700.1823569023568,0.2866587964555491,-572.6666666666666,27,15489,12623854,1.0,0.0257731958762886,0.2306777645659928,0.0227068157815081,0.4,4,41.23326761126696,0.7772068265143575,1.0,0.4597367,val,0,0.4597367
5,0.5006060606060605,0.001001348275862,0.9926675094816688,3955,29,3717,1.0,0.0257731958762886,0.2304038004750593,0.0271663578484795,0.1,4,0.7075359076443121,0.9989996534194616,0.0073324905183311,0.24199931,val,0,0.24199931
6,1521.3356228956227,0.134810242827532,-0.917100575500137,7298,13991,11295917,1.0,0.0463917525773195,0.3035993740219092,0.6437915192428839,0.0277777777777777,4,39.00430263311502,0.8812045946187143,1.0,1.0,val,0,1.0
7,988.5964983164982,0.033141140068542,-258.3703703703704,27,7003,7340329,1.0,0.0206185567010309,0.2409937888198757,0.0302961490491537,0.0,4,31.441954444921173,0.9679219626600648,1.0,0.47938687,val,0,0.47938687
8,325.5177104377104,0.3669548015066724,-85.03703703703704,27,2323,2416969,1.0,0.0103092783505154,0.2380368098159509,0.0116987289547516,0.0,2,18.04210939545901,0.7315530834653707,1.0,0.15482472,val,0,0.15482472
9,295.7760269360269,0.4032111397810219,0.4104357181280258,3718,2192,2196137,1.0,0.0515463917525773,0.2861356932153392,0.5619230123543462,0.1555555555555555,4,17.198140246434406,0.7126511268689436,0.5895642818719742,0.74735063,val,0,0.74735063
10,966.490101010101,0.0287444613756008,-0.3969624300559552,6255,8738,7176189,1.0,0.0206185567010309,0.229585798816568,0.0166067221005525,0.1666666666666666,4,31.08842392290257,0.972058696348008,1.0,0.46208385,val,0,0.46208385
11,2569.311919191919,0.0155434201970172,-5.5575604474918805,2771,18171,19077141,1.0,0.0463917525773195,0.2323353293413173,0.0559659276381138,0.1111111111111111,4,50.6883805244547,0.9846944799327224,1.0,0.6714364,val,0,0.6714364
12,1701.9336026936026,0.0625085913685666,-1.6046643913538112,5274,13737,12636857,1.0,0.0257731958762886,0.2440251572327044,0.3177619453352587,0.0,3,41.254497981354746,0.9411688603025296,1.0,0.6246164,val,0,0.6246164
13,426.5026262626262,0.0010176765014768,-111.85185185185183,27,3047,3166782,1.0,0.0154639175257731,0.2039957939011566,0.0423605980520675,0.0,3,20.651940036292626,0.998983358111084,1.0,0.318597,val,0,0.318597
14,0.5151515151515151,0.0010012448275862,-0.074074074074074,27,29,3825,1.0,0.0103092783505154,0.2016632016632016,0.0174515843764281,0.0,2,0.7177412591954814,0.9989997566608834,1.0,0.14175573,val,0,0.14175573
15,1358.5185185185182,0.1414961691939345,0.1344294003868472,14476,12530,10087000,1.0,0.0360824742268041,0.1739910313901345,0.0098551873376936,0.0476190476190476,4,36.85808621616861,0.8760432378026711,0.8655705996131529,0.39920485,val,0,0.39920485
16,0.0,0.0,1.0,6594,0,0,1.0,0.0257731958762886,0.172291296625222,0.0008605903055985,0.3,4,0.001,1.0,0.0,0.14582641,val,0,0.14582641
17,660.6917171717171,0.2186832799335469,0.4272801413619682,14714,8427,4905636,1.0,0.0309278350515463,0.1738351254480286,0.0013055895193601,0.0666666666666666,4,25.70392417845409,0.8205577416755307,0.5727198586380318,0.26814362,val,0,0.26814362
18,0.0,0.0,1.0,5874,0,0,1.0,0.0154639175257731,0.1706244503078276,0.0011177923442225,0.0,3,0.001,1.0,0.0,0.028538119,val,0,0.028538119
19,262.4242424242424,0.3337305389221557,0.7286758732737612,13541,3674,1948500,1.0,0.0206185567010309,0.1724444444444444,0.0004235121750211,0.3333333333333333,4,16.199513678633764,0.7497766383966453,0.2713241267262388,0.12770152,val,0,0.12770152
20,587.8685521885521,0.1728795921035429,0.4329033214709371,13488,7649,4364924,1.0,0.0257731958762886,0.1732142857142857,0.0009033654592118,0.1,4,24.24600076690076,0.8526024382490227,0.5670966785290629,0.25368884,val,0,0.25368884
21,14.900471380471378,0.04546875,0.9733959539679992,68561,1824,110636,1.0,0.0309278350515463,0.2014537902388369,0.0372364429960177,0.0666666666666666,4,3.860113000997688,0.9565087430877298,0.0266040460320007,0.22172743,val,0,0.22172743
22,14.24107744107744,0.1344847094801223,0.8242250492743236,11162,1962,105740,1.0,0.0257731958762886,0.1519185591229444,0.0009355846036578,0.0,4,3.773735343274279,0.8814574508088788,0.1757749507256764,0.09501891,val,0,0.09501891
23,0.0,0.0,1.0,37537,0,0,1.0,0.0257731958762886,0.1727515583259127,0.0017996935789788,0.3,4,0.001,1.0,0.0,0.14701414,val,0,0.14701414
24,14.70276094276094,0.1992996550024642,0.713983648153369,7094,2029,109168,1.0,0.0309278350515463,0.1735241502683363,0.0013043437994028,0.1333333333333333,4,3.834418070941266,0.8338199680362164,0.286016351846631,0.15033162,val,0,0.15033162
25,717.7352188552188,0.2014754174397031,0.7992224058855028,42953,8624,5329184,1.0,0.0412371134020618,0.1741472172351885,0.0015017806294981,0.2142857142857142,4,26.790580804738426,0.8323099960970992,0.2007775941144972,0.27435318,val,0,0.27435318
26,959.9563636363636,0.2975730433293372,0.1943428768540876,14495,11678,7127676,1.0,0.0360824742268041,0.1739910313901345,0.0014025257722175,0.1428571428571428,4,30.983162599004697,0.7706695242636832,0.8056571231459124,0.3253679,val,0,0.3253679
27,18.436632996632994,0.071407712305026,0.8355774025788987,14037,2308,136892,1.0,0.0309278350515463,0.1736794986571172,0.0024204811622684,0.2,4,4.293790166814512,0.9333515043013836,0.1644225974211013,0.17853941,val,0,0.17853941
28,16.685252525252523,0.0733901879871618,0.8110215752534442,11541,2181,123888,1.0,0.0360824742268041,0.1739910313901345,0.0020560053517694,0.0952380952380952,4,4.084758686293784,0.9316276701534004,0.1889784247465558,0.19732834,val,0,0.19732834
29,0.0,0.0,1.0,10037,0,0,1.0,0.0309278350515463,0.1526357199055861,0.0023668760715392,0.0,4,0.001,1.0,0.0,0.12591752,val,0,0.12591752
30,1116.578047138047,0.3290737113402062,-0.6433714527742482,7083,11640,8290592,1.0,0.0360824742268041,0.1736794986571172,0.0041982947463424,0.1428571428571428,4,33.41523676615276,0.7524037165640902,1.0,0.3553977,val,0,0.3553977
31,0.0,0.0,1.0,35764,0,0,1.0,0.0360824742268041,0.2027168234064786,0.0355333889146184,0.1904761904761904,4,0.001,1.0,0.0,0.24714062,val,0,0.24714062
32,785.1663299663298,0.1338326933625891,0.4407975460122699,13040,7292,5829860,1.0,0.0309278350515463,0.1736794986571172,0.0029215475572507,0.0,4,28.0208195984045,0.8819643372906424,0.55920245398773,0.29771924,val,0,0.29771924
33,0.0,0.0,1.0,10616,0,0,1.0,0.0309278350515463,0.2014537902388369,0.0381780523840241,0.0666666666666666,4,0.001,1.0,0.0,0.22070464,val,0,0.22070464
34,1184.803232323232,0.1799695365561326,-0.0151069654263408,9863,10012,8797164,1.0,0.0309278350515463,0.1736794986571172,0.0030452488534321,0.1333333333333333,4,34.420970836442606,0.8474795060545436,1.0,0.37524587,val,0,0.37524587
35,296.2311111111111,0.2078474893162393,0.5794675951926317,8903,3744,2199516,1.0,0.0360824742268041,0.2033542976939203,0.0379056506052927,0.0476190476190476,4,17.21136578285149,0.8279190947907658,0.4205324048073683,0.3005373,val,0,0.3005373
36,756.5090909090908,0.2805950778696405,-0.7672443085287122,5886,10402,5617080,1.0,0.0257731958762886,0.2006204756980351,0.0160560486584737,0.3,4,27.50471035857478,0.780886962070454,1.0,0.35468915,val,0,0.35468915
37,14.94141414141414,0.0788109037328094,0.827076609478512,11774,2036,110940,1.0,0.0309278350515463,0.1733690795352993,0.0072550502041447,0.0666666666666666,4,3.865412674141551,0.9269465079930924,0.1729233905214879,0.17215528,val,0,0.17215528
38,0.0,0.0,1.0,34137,0,0,1.0,0.0309278350515463,0.2006204756980351,0.0119486392922641,0.2666666666666666,4,0.001,1.0,0.0,0.21366023,val,0,0.21366023
39,12.625993265993264,0.0249085054678007,0.9556190681622088,37088,1646,93748,1.0,0.0360824742268041,0.174303683737646,0.0034854282397148,0.0952380952380952,4,3.553307510755756,0.9756968496847124,0.0443809318377912,0.194113,val,0,0.194113
40,976.624377104377,0.0386441317278398,0.8049463765245196,35339,6893,7251436,1.0,0.0360824742268041,0.2027168234064786,0.0323088281303654,0.0952380952380952,4,31.25099003398736,0.9627936744190204,0.1950536234754804,0.37633952,val,0,0.37633952
41,309.46585858585854,0.2747619654714475,0.6616946715787582,11129,3765,2297784,1.0,0.0206185567010309,0.1514441842310694,0.0003700326346018,0.1666666666666666,4,17.591641753567476,0.7844601793011358,0.3383053284212418,0.11793853,val,0,0.11793853
42,0.0,0.0,1.0,34757,0,0,1.0,0.0257731958762886,0.1719858156028368,0.0005441806974844,0.1,4,0.001,1.0,0.0,0.13705978,val,0,0.13705978
43,0.0,0.0,1.0,9492,0,0,1.0,0.0206185567010309,0.1721384205856255,0.0021407077867737,0.1666666666666666,4,0.001,1.0,0.0,0.11993864,val,0,0.11993864
44,850.7469360269359,0.06090609024929,0.2208654318964104,12202,9507,6316796,1.0,0.0309278350515463,0.1515625,0.001042522487691,0.1333333333333333,4,29.16756652562801,0.9425904980572049,0.7791345681035896,0.3279087,val,0,0.3279087
45,1128.2429629629628,0.12675831803005,-0.2547787378894999,7638,9584,8377204,1.0,0.0257731958762886,0.1730597680642283,0.0020884755968351,0.0,4,33.58932812610224,0.8875017685676677,1.0,0.3601195,val,0,0.3601195
46,12.228417508417508,0.0024706128293241,0.8063227953410982,9015,1746,90796,1.0,0.0206185567010309,0.1718334809565987,0.0002982390541815,0.1666666666666666,4,3.4969155706733197,0.997535476055152,0.1936772046589018,0.15788507,val,0,0.15788507
47,406.2545454545454,0.6770551378446116,0.1039461020211742,6234,5586,3016440,1.0,0.0463917525773195,0.1754068716094032,0.0042023922519088,0.1666666666666666,4,20.1557571540874,0.5962833167699079,0.8960538979788258,0.27230978,val,0,0.27230978
48,774.4878114478114,0.1440730747611017,0.2678259080152279,9719,7116,5750572,1.0,0.0257731958762886,0.1724444444444444,0.0034602920893717,0.2,4,27.82962113374545,0.8740700415564047,0.7321740919847721,0.30327803,val,0,0.30327803
49,0.0,0.0,1.0,6981,0,0,1.0,0.0154639175257731,0.1712268314210061,0.0003739752404353,0.0,3,0.001,1.0,0.0,0.029044123,val,0,0.029044123
50,210.6494276094276,0.3591547663551402,0.7836810609736374,12366,2675,1564072,1.0,0.0257731958762886,0.1725978647686832,0.0024518067798341,0.1,4,14.513766864926128,0.735751383693934,0.2163189390263625,0.120659806,val,0,0.120659806
51,0.0,0.0,1.0,34951,0,0,1.0,0.0257731958762886,0.1947791164658634,0.0049234244202461,0.3,4,0.001,1.0,0.0,0.1816321,val,0,0.1816321
52,212.3652525252525,0.3437435040831478,0.6726609963547995,8230,2694,1576812,1.0,0.0257731958762886,0.1685490877497828,0.0007918948056536,0.2,4,14.572757238259769,0.7441896440513861,0.3273390036452005,0.1366417,val,0,0.1366417
53,0.0,0.0,1.0,6671,0,0,1.0,0.0206185567010309,0.1945837512537613,0.0005240486237762,0.3333333333333333,4,0.001,1.0,0.0,0.15944703,val,0,0.15944703
54,0.0,0.0,1.0,9605,0,0,1.0,0.0257731958762886,0.1682567215958369,0.0007966607400398,0.1,4,0.001,1.0,0.0,0.13161443,val,0,0.13161443
55,529.3457239057238,0.2856146818923328,0.8424326547398725,38904,6130,3930392,1.0,0.0463917525773195,0.1971544715447154,0.0129815046573316,0.1111111111111111,4,23.007514531250955,0.7778380366099051,0.1575673452601275,0.28912434,val,0,0.28912434
56,612.4035016835016,0.2723250523012552,0.5227159261108337,16024,7648,4547096,1.0,0.0206185567010309,0.2301304863582443,0.0240633131624531,0.1666666666666666,4,24.74678772454117,0.7859626737611581,0.4772840738891662,0.29607603,val,0,0.29607603
57,392.7466666666666,0.2618156565656566,0.9270507118608384,37999,2772,2916144,1.0,0.0309278350515463,0.1961577350859454,0.0048233328001474,0.0666666666666666,4,19.817837108692427,0.7925087906435931,0.0729492881391615,0.20042266,val,0,0.20042266
58,0.0,0.0,1.0,6054,0,0,1.0,0.0360824742268041,0.1691368788142981,0.0018345199305083,0.1428571428571428,4,0.001,1.0,0.0,0.17705089,val,0,0.17705089
59,276.7078787878788,0.3427066052227343,0.8106273635217687,10313,1953,2054556,1.0,0.0206185567010309,0.1675302245250431,0.0004919120353096,0.1666666666666666,4,16.634538760899826,0.7447643410036815,0.1893726364782313,0.10204921,val,0,0.10204921
60,578.0821548821548,1.2782883674377226,0.7545985481141859,36642,8992,4292260,1.0,0.0309278350515463,0.2317801672640382,0.0365686999401179,0.2666666666666666,4,24.043339116731577,0.4389260000149367,0.245401451885814,0.17843233,val,0,0.17843233
61,0.0,0.0,1.0,7168,0,0,1.0,0.0206185567010309,0.1941941941941942,0.0047851383877771,0.0,4,0.001,1.0,0.0,0.1475596,val,0,0.1475596
62,1151.0588552188551,0.390032287569743,0.0478968910563441,11483,10933,8546612,1.0,0.0257731958762886,0.2312276519666269,0.0348585957247354,0.1,4,33.927258306837224,0.7194077496921641,0.9521031089436558,0.39653248,val,0,0.39653248
63,738.1074747474746,0.032709062170706,0.1102330565229038,7466,6643,5480448,1.0,0.0360824742268041,0.1959595959595959,0.0076836333930815,0.0952380952380952,4,27.16813346086688,0.968326934110607,0.8897669434770962,0.43481666,val,0,0.43481666
64,703.7252525252525,0.2610927912951488,0.5099607494630822,13503,6617,5225160,1.0,0.0257731958762886,0.1681109185441941,0.00053466822336,0.2,4,26.52782036891181,0.7929630610075844,0.4900392505369177,0.22458084,val,0,0.22458084
65,0.0,0.0,1.0,9292,0,0,1.0,0.0206185567010309,0.1932270916334661,0.0061856941911426,0.1666666666666666,4,0.001,1.0,0.0,0.15364142,val,0,0.15364142
66,475.7731986531986,0.0284817450863609,0.5486559139784947,7440,3358,3532616,1.0,0.0309278350515463,0.1949748743718592,0.0070726895298372,0.0,4,21.812225921560565,0.97230699988363,0.4513440860215053,0.3284947,val,0,0.3284947
67,0.0,0.0,1.0,31758,0,0,1.0,0.0257731958762886,0.1947791164658634,0.0047877224710727,0.2,4,0.001,1.0,0.0,0.17748927,val,0,0.17748927
68,0.0,0.0,1.0,6524,0,0,1.0,0.0257731958762886,0.1957618567103935,0.000924590966663,0.0,4,0.001,1.0,0.0,0.16876526,val,0,0.16876526
69,486.9661952861952,0.0069557171952283,0.5553686934023286,7730,3437,3615724,1.0,0.0257731958762886,0.1959595959595959,0.0060758233385932,0.0,4,22.06731058117856,0.993092330599599,0.4446313065976713,0.31687158,val,0,0.31687158
70,537.5929966329966,0.0080893386545039,0.4535258074566414,9629,5262,3991628,1.0,0.0360824742268041,0.1961577350859454,0.0125243056872749,0.1904761904761904,4,23.18605179052692,0.9919755736477672,0.5464741925433586,0.38812503,val,0,0.38812503
71,0.0,0.0,1.0,10737,0,0,1.0,0.0309278350515463,0.1959595959595959,0.0124543659652698,0.0666666666666666,4,0.001,1.0,0.0,0.19881389,val,0,0.19881389
72,0.0,0.0,1.0,35327,0,0,1.0,0.0412371134020618,0.1969543147208121,0.008053726271236,0.1785714285714285,4,0.001,1.0,0.0,0.24434231,val,0,0.24434231
73,522.3870707070706,0.0982069433143477,0.450193856248136,6706,3687,3878724,1.0,0.0309278350515463,0.168695652173913,0.0013185606771054,0.2,4,22.855788582043512,0.9105751935805808,0.549806143751864,0.2873466,val,0,0.2873466
74,17.552053872053868,0.0080988908606921,0.9409174311926606,38150,2254,130324,1.0,0.0257731958762886,0.1951710261569416,0.0052985269453406,0.1,4,4.189517260025774,0.991966174217514,0.0590825688073394,0.19565952,val,0,0.19565952
75,11.892255892255893,0.0382355712603062,0.8353534374090953,10313,1698,88300,1.0,0.0360824742268041,0.1700262927256792,0.001914489291246,0.0952380952380952,4,3.4485151721075398,0.9631725474268884,0.1646465625909047,0.19802082,val,0,0.19802082
76,689.241212121212,0.030203151684521,0.5239819673342695,13531,6441,5117616,1.0,0.0360824742268041,0.1691368788142981,0.0013940385463077,0.1904761904761904,4,26.25340383876369,0.9706823342220076,0.4760180326657305,0.33567697,val,0,0.33567697
77,10.626801346801344,0.0183582491582491,0.8506186500352078,9941,1485,78904,1.0,0.0257731958762886,0.1679653679653679,0.0006134162829852,0.2,4,3.259877658256724,0.981972700497665,0.1493813499647922,0.16132346,val,0,0.16132346
78,18.01589225589225,0.0194948480845442,0.9655632553414104,65947,2271,133768,1.0,0.0360824742268041,0.1961577350859454,0.0038418183699727,0.0476190476190476,4,4.244513312017322,0.98087793369317,0.0344367446585894,0.22847095,val,0,0.22847095
79,28.18424242424242,0.0181907325912503,0.7137246183488958,13494,3863,209268,1.0,0.0309278350515463,0.1961577350859454,0.008141931960104,0.0666666666666666,4,5.308883444213333,0.98213425833787,0.2862753816511042,0.24992517,val,0,0.24992517
80,0.0,0.0,1.0,6952,0,0,1.0,0.0154639175257731,0.1666666666666666,0.0001589760416746,0.3333333333333333,3,0.001,1.0,0.0,0.03567593,val,0,0.03567593
81,747.6638383838383,0.1267164487398143,0.4688475088072471,9935,5277,5551404,1.0,0.0360824742268041,0.1961577350859454,0.0065471688944063,0.1428571428571428,4,27.34344234700229,0.8875347485327463,0.5311524911927529,0.35570288,val,0,0.35570288
82,1019.5744107744108,0.1159708180363362,0.0614895308772859,11319,10623,7570340,1.0,0.0360824742268041,0.2340168878166465,0.0707433037556963,0.0476190476190476,4,31.93077530806934,0.8960807790293309,0.938510469122714,0.5200133,val,0,0.5200133
83,265.89898989898984,0.0779847963281698,0.708552796588914,11961,3486,1974300,1.0,0.0257731958762886,0.1685490877497828,0.0009030840183725,0.2,4,16.306409503596733,0.9276568680803275,0.291447203411086,0.21153721,val,0,0.21153721
84,538.9640404040404,0.0709043112513144,0.6367109158628593,10471,3804,4001808,1.0,0.0360824742268041,0.1971544715447154,0.0088809603099775,0.0952380952380952,4,23.21559909638432,0.9337902457704508,0.3632890841371406,0.3355952,val,0,0.3355952
85,218.0207407407407,0.0617571628232005,0.7536157024793388,11616,2862,1618804,1.0,0.0360824742268041,0.1688424717145343,0.0016244807842478,0.1904761904761904,4,14.765525447499003,0.9418349458938532,0.2463842975206611,0.24718453,val,0,0.24718453
86,553.1323905723905,0.0375448258196721,0.6038157093566064,9854,3904,4107008,1.0,0.0309278350515463,0.2320574162679425,0.0494894961349745,0.2,4,23.518766795314555,0.963813779525129,0.3961842906433935,0.41040406,val,0,0.41040406
87,0.0,0.0,1.0,6220,0,0,1.0,0.0360824742268041,0.2449494949494949,0.0611679224039675,0.0476190476190476,4,0.001,1.0,0.0,0.3181373,val,0,0.3181373
88,336.38033670033667,0.335791799656273,0.8899665009725524,37016,4073,2497624,1.0,0.0257731958762886,0.2421972534332085,0.0416475298052138,0.3,4,18.34067440691145,0.748619657836888,0.1100334990274476,0.25930545,val,0,0.25930545
89,921.5272727272726,1.0369978691500277,0.6792476711219118,39504,12671,6842340,1.0,0.0360824742268041,0.1754068716094032,0.0010162808424119,0.1904761904761904,4,30.35666769800784,0.4909185302276566,0.3207523288780882,0.14884077,val,0,0.14884077
90,15.310437710437707,0.3184726622381195,0.8627340955320194,14257,1957,113680,1.0,0.0309278350515463,0.2434127979924717,0.0389880706690705,0.0666666666666666,4,3.912855569841252,0.7584533442676701,0.1372659044679806,0.22209798,val,0,0.22209798
91,1409.946936026936,0.2149092159559835,-0.0589023537636914,17164,18175,10468856,1.0,0.0309278350515463,0.2431077694235588,0.0468832660315485,0.0666666666666666,4,37.549260139541175,0.823106769515386,1.0,0.5023057,val,0,0.5023057
92,16.61198653198653,0.2514265734265734,0.7861202512713132,10029,2145,123344,1.0,0.0206185567010309,0.2016632016632016,0.0031419215543995,0.1666666666666666,4,4.075780604005389,0.7990880337963946,0.2138797487286867,0.13016209,val,0,0.13016209
93,209.3257912457912,0.4889720332577476,0.7795551112221945,12003,2646,1554244,1.0,0.0309278350515463,0.2031413612565445,0.0035586719484481,0.1333333333333333,4,14.468095667564242,0.6716042864902457,0.2204448887778055,0.1640944,val,0,0.1640944
94,295.67676767676767,0.244062349478191,0.6999116678711957,12453,3737,2195400,1.0,0.0309278350515463,0.2031413612565445,0.008083191757942,0.0666666666666666,4,17.195254248680584,0.803818233402401,0.3000883321288042,0.2380269,val,0,0.2380269
95,715.6482154882154,0.1828828202581926,0.4688468385310212,15167,8056,5313688,1.0,0.0257731958762886,0.2020833333333333,0.0040495244477403,0.2,4,26.751602129371904,0.8453922762879639,0.5311531614689787,0.3046602,val,0,0.3046602
96,0.0,0.0,1.0,6458,0,0,1.0,0.0206185567010309,0.1735241502683363,0.0003650995598541,0.0,4,0.001,1.0,0.0,0.11428386,val,0,0.11428386
97,439.7909764309764,0.0849544092018124,0.8326381799620826,34285,5738,3265448,1.0,0.0360824742268041,0.2042105263157894,0.0100466923232801,0.0952380952380952,4,20.971193991544126,0.921697715147024,0.1673618200379174,0.30620858,val,0,0.30620858
98,28.490774410774407,0.1441221234309623,0.6357054396494236,10497,3824,211544,1.0,0.0257731958762886,0.1738351254480286,0.0006874336010065,0.3,4,5.337675094156107,0.8740325700557446,0.3642945603505764,0.16900122,val,0,0.16900122
99,1210.175892255892,0.7301608337221964,0.5431785883467551,42220,19287,8985556,1.0,0.0360824742268041,0.2042105263157894,0.0038949361448159,0.1904761904761904,4,34.787582457766334,0.5779809486547222,0.4568214116532448,0.26420432,val,0,0.26420432
100,503.0658585858585,0.3534039829302988,0.4164591485829479,8433,4921,3735264,1.0,0.0309278350515463,0.174303683737646,0.0010545834700527,0.2,4,22.429129710843853,0.7388776836867789,0.583540851417052,0.23027927,val,0,0.23027927
101,0.0,0.0,1.0,7754,0,0,1.0,0.0257731958762886,0.2031413612565445,0.004039051298813,0.1,4,0.001,1.0,0.0,0.18553239,val,0,0.18553239
102,13.908686868686868,0.0099439385628085,0.9547294444858327,40269,1823,103272,1.0,0.0257731958762886,0.2027168234064786,0.0025030055143296,0.3,4,3.729435328395824,0.9901539697570152,0.0452705555141672,0.20917836,val,0,0.20917836
103,405.850505050505,0.3832585159757063,0.694448926900113,12394,3787,3013440,1.0,0.0206185567010309,0.2016632016632016,0.0004391997381153,0.1666666666666666,4,20.14573170799475,0.7229306658521687,0.305551073099887,0.17417565,val,0,0.17417565
104,0.0,0.0,1.0,38449,0,0,1.0,0.0412371134020618,0.2042105263157894,0.0026289183933006,0.1785714285714285,4,0.001,1.0,0.0,0.25231627,val,0,0.25231627
105,466.847138047138,0.2003972685887708,0.5045112781954887,6650,3295,3466340,1.0,0.0257731958762886,0.2025052192066805,0.0005888279885395,0.1,4,21.60664571485213,0.8330575436710507,0.4954887218045113,0.26936066,val,0,0.26936066
106,421.7680808080808,0.383748375812094,0.5355153203342619,8616,4002,3131628,1.0,0.0257731958762886,0.1747747747747747,0.0010958960440825,0.1,4,20.53699300793767,0.7226747416510029,0.4644846796657381,0.17577818,val,0,0.17577818
107,0.0,0.0,1.0,9588,0,0,1.0,0.0206185567010309,0.1736794986571172,0.0004292256776098,0.0,4,0.001,1.0,0.0,0.114550374,val,0,0.114550374
108,0.0,0.0,1.0,12505,0,0,1.0,0.0309278350515463,0.1749323715058611,0.0011935786320167,0.0,4,0.001,1.0,0.0,0.15865456,val,0,0.15865456
109,0.0,0.0,1.0,7032,0,0,1.0,0.0206185567010309,0.1735241502683363,0.0005144483978413,0.1666666666666666,4,0.001,1.0,0.0,0.12114775,val,0,0.12114775
110,0.0,0.0,1.0,6464,0,0,1.0,0.0412371134020618,0.2050739957716701,0.0130195558644893,0.0,4,0.001,1.0,0.0,0.25186095,val,0,0.25186095
111,0.0,0.0,1.0,11437,0,0,1.0,0.0206185567010309,0.1733690795352993,0.0005329724789155,0.1666666666666666,4,0.001,1.0,0.0,0.120925575,val,0,0.120925575
112,307.9278114478114,0.1612657580919932,0.5454310789881259,11622,5283,2286364,1.0,0.0412371134020618,0.204857444561774,0.0093663461632587,0.0714285714285714,4,17.547872020498993,0.8611293263680148,0.454568921011874,0.32870907,val,0,0.32870907
113,559.3497643097643,0.2999832082886745,0.5205960435043248,11677,5598,4153172,1.0,0.0309278350515463,0.2031413612565445,0.0055525456091664,0.1333333333333333,4,23.650576426585552,0.7692407052829715,0.4794039564956752,0.27565894,val,0,0.27565894
114,869.5321212121211,0.0829860192960514,0.7514929514929515,45045,11194,6456276,1.0,0.0360824742268041,0.2046413502109704,0.0035265992546586,0.1904761904761904,4,29.487830069574823,0.9233729542049002,0.2485070485070485,0.35254598,val,0,0.35254598
115,11.0610101010101,0.2367556313993174,0.831744573331802,8707,1465,82128,1.0,0.0309278350515463,0.2027168234064786,0.0103992607170855,0.1333333333333333,4,3.3258098413785024,0.8085671693029268,0.168255426668198,0.1706124,val,0,0.1706124
116,630.5454545454545,1.4085928489042676,0.7221331965899622,31202,8670,4681800,1.0,0.0360824742268041,0.2039957939011566,0.0064323228777585,0.0476190476190476,4,25.110664179695732,0.4151801747875015,0.2778668034100378,0.13205408,val,0,0.13205408
117,1005.4092929292927,0.5121156310057656,0.2888922633057474,13171,9366,7465164,1.0,0.0463917525773195,0.2057264050901378,0.0057602453988864,0.1111111111111111,4,31.70818969807789,0.661325086187266,0.7111077366942525,0.36206335,val,0,0.36206335
118,311.8453872053872,0.37535302135393,0.78419452887538,10199,2201,2315452,1.0,0.0257731958762886,0.2431077694235588,0.0342545041092127,0.1,4,17.6591446057103,0.7270860531615195,0.21580547112462,0.25189883,val,0,0.25189883
119,1295.5835690235688,0.3319537797800855,-0.0039095438865465,13045,13096,9619708,1.0,0.0463917525773195,0.2050739957716701,0.0076107188160497,0.0555555555555555,4,35.994215785644904,0.7507768026042966,1.0,0.45193842,val,0,0.45193842
120,418.46626262626256,0.3662852125693161,0.8702948933109566,41710,5410,3107112,1.0,0.0463917525773195,0.204857444561774,0.0062654385006289,0.1111111111111111,4,20.456447971880717,0.7319116029364672,0.1297051066890434,0.264964,val,0,0.264964
121,214.1489562289562,0.3712560813799204,0.6423034330011074,12642,4522,1590056,1.0,0.0309278350515463,0.1744604316546762,0.0011388446261049,0.0666666666666666,4,14.6338292059514,0.7292583884066945,0.3576965669988926,0.15963069,val,0,0.15963069
122,0.0,0.0,1.0,6449,0,0,1.0,0.0309278350515463,0.2035676810073452,0.002196488144087,0.0,4,0.001,1.0,0.0,0.20203207,val,0,0.20203207
123,1490.2270707070704,0.0029720146415668,-0.2907105166278071,8149,10518,11064936,1.0,0.0360824742268041,0.2317801672640382,0.0155676758889728,0.2857142857142857,4,38.603459323059,0.9970367920558292,1.0,0.57185274,val,0,0.57185274
124,580.0522558922559,0.0010534098680996,0.349022102083002,6289,4094,4306888,1.0,0.0206185567010309,0.1932270916334661,0.0038418786135254,0.1666666666666666,4,24.084274057821546,0.9989476986365408,0.650977897916998,0.3360909,val,0,0.3360909
125,0.0,0.0,1.0,11125,0,0,1.0,0.0206185567010309,0.1668099742046431,0.000309642935571,0.1666666666666666,4,0.001,1.0,0.0,0.11099307,val,0,0.11099307
126,519.9784511784511,0.0011962425068119,0.6539368222536539,10605,3670,3860840,1.0,0.0309278350515463,0.1682567215958369,0.0010433279663021,0.0666666666666666,4,22.80303602984592,0.99880518677955,0.3460631777463461,0.28798375,val,0,0.28798375
127,0.0,0.0,1.0,9946,0,0,1.0,0.0154639175257731,0.1913214990138067,5.564161458611541e-05,0.6666666666666666,3,0.001,1.0,0.0,0.08607896,val,0,0.08607896
128,441.6274747474747,0.0029071992300288,0.4887649663769067,6097,3117,3279084,1.0,0.0206185567010309,0.193419740777667,0.0015919224909129,0.1666666666666666,3,21.01493458822736,0.9971012280774724,0.5112350336230933,0.24228285,val,0,0.24228285
129,706.343973063973,0.0581422846966034,0.3366804489072652,11851,7861,5244604,1.0,0.0463917525773195,0.1961577350859454,0.0110597107846186,0.1666666666666666,4,26.577132540286826,0.945052489124112,0.6633195510927348,0.43892753,val,0,0.43892753
130,703.4391919191918,0.1397623941958887,0.2151838671411625,8430,6616,5223036,1.0,0.0309278350515463,0.1947791164658634,0.0041650489650062,0.0666666666666666,4,26.52242811130217,0.8773758505214657,0.7848161328588374,0.35597086,val,0,0.35597086
131,384.103973063973,0.1034360014754703,0.1678944137507673,3258,2711,2851972,1.0,0.0206185567010309,0.1930348258706467,0.0004424621191887,0.1666666666666666,4,19.59857071482441,0.9062600809315992,0.8321055862492327,0.30441722,val,0,0.30441722
132,27.0006734006734,0.1131233062330623,0.6405960845427097,10267,3690,200480,1.0,0.0206185567010309,0.1672413793103448,0.0005266558308596,0.0,4,5.196217316536463,0.8983730682848744,0.3594039154572903,0.13437775,val,0,0.13437775
133,685.7977104377104,0.1378127737226277,0.3340894361633182,12344,8220,5092048,1.0,0.0463917525773195,0.1961577350859454,0.0024068972709536,0.1388888888888889,4,26.187739716090626,0.8788792172971128,0.6659105638366818,0.40570948,val,0,0.40570948
134,742.8923905723905,0.132289569128101,0.4613160362613316,12796,6893,5515976,1.0,0.0360824742268041,0.1951710261569416,0.0035601094772613,0.0952380952380952,4,27.256052384239183,0.8831663094538899,0.5386839637386683,0.34965563,val,0,0.34965563
135,951.2727272727273,0.8647859327217127,0.6623993392525295,38744,13080,7063200,1.0,0.0309278350515463,0.194,0.0028358358281973,0.2666666666666666,4,30.842709483324047,0.5362545815328353,0.3376006607474705,0.18207167,val,0,0.18207167
136,2154.5179797979795,0.3806071492724986,-0.7998706757193663,9279,16701,15997296,1.0,0.0515463917525773,0.2340168878166465,0.0579557835406882,0.0888888888888888,4,46.41678555003545,0.72431900742144,1.0,0.5746909,val,0,0.5746909
137,0.0,0.0,1.0,35634,0,0,1.0,0.0360824742268041,0.1955645161290322,0.0024204632265099,0.1428571428571428,4,0.001,1.0,0.0,0.21690367,val,0,0.21690367
138,414.4242424242424,0.4231794871794871,0.7099940511600238,10086,2925,3077100,1.0,0.0360824742268041,0.1951710261569416,0.0036121900285139,0.1428571428571428,4,20.357412493346065,0.7026520611127126,0.2900059488399762,0.21854419,val,0,0.21854419
139,540.2424242424241,0.3647315852682146,0.5204453829909772,10418,4996,4011300,1.0,0.0360824742268041,0.1953675730110775,0.0018238791341189,0.0476190476190476,4,23.24311565264916,0.7327448201497199,0.4795546170090228,0.26337516,val,0,0.26337516
140,328.6249158249158,0.0101606920587503,0.7124758428172643,13971,4017,2440040,1.0,0.0206185567010309,0.1938061938061938,0.0032426237236343,0.0,4,18.12801469617993,0.9899415091691576,0.2875241571827357,0.25290337,val,0,0.25290337
141,0.0,0.0,1.0,37668,0,0,1.0,0.0257731958762886,0.1936127744510978,0.0051109988065813,0.1,4,0.001,1.0,0.0,0.17184526,val,0,0.17184526
142,1226.4425589225589,0.0529430263030185,-0.182078935291418,8716,10303,9106336,1.0,0.0360824742268041,0.1684027777777778,0.0017009607856784,0.0952380952380952,4,35.02060193546877,0.9497190019018346,1.0,0.4290111,val,0,0.4290111
143,431.8545454545454,0.6210643314247221,0.447319434102755,10744,5938,3206520,1.0,0.0257731958762886,0.194,0.0003807158246023,0.3,4,20.78111032776029,0.6168786646000158,0.5526805658972449,0.1833169,val,0,0.1833169
144,1853.4545454545453,0.9949578183245048,0.3205087186050232,37506,25485,13761900,1.0,0.0360824742268041,0.1945837512537613,0.0033447345169475,0.0952380952380952,4,43.05176589240615,0.501263731400529,0.6794912813949767,0.2782034,val,0,0.2782034
145,323.4634343434343,0.4110214629872974,0.7576947569518149,9422,2283,2401716,1.0,0.0309278350515463,0.1953675730110775,0.0043407242354948,0.1333333333333333,4,17.98508925036054,0.708706441561054,0.2423052430481851,0.18445565,val,0,0.18445565
146,483.4338047138047,0.1318112029014709,0.8819204872594038,42031,4963,3589496,1.0,0.0463917525773195,0.2331730769230769,0.0539613052699958,0.1388888888888889,4,21.987128182502705,0.8835395845494687,0.1180795127405962,0.39852154,val,0,0.39852154
147,388.77952861952855,0.0030133345481049,0.9114438778803332,30986,2744,2886688,1.0,0.0360824742268041,0.1959595959595959,0.0035888966661895,0.1428571428571428,4,19.71749298515226,0.9969957183575604,0.0885561221196669,0.30655417,val,0,0.30655417
148,0.0,0.0,1.0,9285,0,0,1.0,0.0154639175257731,0.1928429423459244,0.0002488524242169,0.0,3,0.001,1.0,0.0,0.061319947,val,0,0.061319947
149,0.0,0.0,1.0,39114,0,0,1.0,0.0257731958762886,0.1943887775551102,0.0018342231752306,0.2,4,0.001,1.0,0.0,0.17533568,val,0,0.17533568
150,2246.036363636363,0.6451060453971441,0.0911953387087281,33982,30883,16676820,1.0,0.0360824742268041,0.2309523809523809,0.038649555757349,0.238095238095238,4,47.39236610084332,0.6078635494641262,0.908804661291272,0.4481677,val,0,0.4481677
151,0.0,0.0,1.0,10200,0,0,1.0,0.0309278350515463,0.2301304863582443,0.0130388121988463,0.2666666666666666,4,0.001,1.0,0.0,0.25839284,val,0,0.25839284
152,883.5620202020201,0.2585037602820211,0.7777313448428971,38287,8510,6560448,1.0,0.0515463917525773,0.1963562753036437,0.0092362343898052,0.2222222222222222,4,29.724771171566992,0.7945943679786127,0.2222686551571029,0.35332286,val,0,0.35332286
153,0.0,0.0,1.0,10392,0,0,1.0,0.0309278350515463,0.1681109185441941,0.0008626040021264,0.2,4,0.001,1.0,0.0,0.15641375,val,0,0.15641375
154,820.7073400673399,0.6116409533001708,0.2602702108963093,18208,13469,6093752,1.0,0.0309278350515463,0.194,0.00277881642125,0.1333333333333333,4,28.647990175007735,0.6204855975844319,0.7397297891036907,0.25677523,val,0,0.25677523
155,379.6455218855218,0.2413671510119356,0.6391385767790262,10680,3854,2818868,1.0,0.0206185567010309,0.228235294117647,0.0104965733244137,0.3333333333333333,4,19.484494422117344,0.8055634460641411,0.3608614232209738,0.26393008,val,0,0.26393008
156,2175.7667340067337,0.3010707420421662,-0.4533984228313931,13315,19352,16155068,1.0,0.0309278350515463,0.1679653679653679,0.0014210338445154,0.0666666666666666,4,46.64511480323243,0.7685977154711786,1.0,0.37977368,val,0,0.37977368
157,0.0,0.0,1.0,10397,0,0,1.0,0.0257731958762886,0.194,0.0033101394032968,0.2,4,0.001,1.0,0.0,0.17553832,val,0,0.17553832
158,179.27973063973062,0.4346858776946766,0.5642254601226994,5216,2273,1331152,1.0,0.0257731958762886,0.1943887775551102,0.0002445918663001,0.5,4,13.38953814138974,0.6970166888426119,0.4357745398773006,0.17872517,val,0,0.17872517
159,0.0,0.0,1.0,9860,0,0,1.0,0.0309278350515463,0.1379800853485064,0.0014707450227721,0.0666666666666666,4,0.001,1.0,0.0,0.10622715,val,0,0.10622715
160,10.0223569023569,0.0078271837875611,0.8918612559510315,13233,1431,74416,1.0,0.0206185567010309,0.1547049441786284,0.0042973020605091,0.0,3,3.1658107811991703,0.9922336052118128,0.1081387440489685,0.05153282,val,0,0.05153282
161,883.1455892255891,0.3124497080900751,-0.5146538655886812,7916,11990,6557356,1.0,0.0309278350515463,0.2077087794432548,0.1314743496210833,0.0,4,29.71776556582929,0.7619339574201565,1.0,0.43648788,val,0,0.43648788
162,594.9290235690235,0.0067055013098356,0.231233980227023,5462,4199,4417348,1.0,0.0154639175257731,0.1363316936050597,0.0004359903490558,0.0,3,24.391166937418625,0.9933391629417828,0.7687660197729769,0.17573105,val,0,0.17573105
163,11.524309764309765,0.0096509754562618,0.9573743226567948,37278,1589,85568,1.0,0.0309278350515463,0.1786372007366482,0.0208676299870681,0.0,4,3.394747525856637,0.9904412755587144,0.0426256773432051,0.19004491,val,0,0.19004491
164,708.0985858585858,0.0084027310924369,0.460521344918776,15882,8568,5257632,1.0,0.0257731958762886,0.2059447983014862,0.0969895458511185,0.0,3,26.6101218873305,0.9916672864587206,0.5394786550812241,0.3495505,val,0,0.3495505
165,0.0,0.0,1.0,3300,0,0,1.0,0.0257731958762886,0.1375886524822695,0.0005189157357844,0.2,4,0.001,1.0,0.0,0.08965156,val,0,0.08965156
166,1130.1446464646465,0.0335278325804369,-0.3869070451348932,7821,10847,8391324,1.0,0.0309278350515463,0.1771689497716895,0.0290310589913976,0.0,3,33.61762406037414,0.9675598164621004,1.0,0.37255022,val,0,0.37255022
167,0.0,0.0,1.0,10613,0,0,1.0,0.0257731958762886,0.1383737517831669,0.0009133075762796,0.2,4,0.001,1.0,0.0,0.09103583,val,0,0.09103583
168,0.0,0.0,1.0,9279,0,0,1.0,0.0206185567010309,0.1375886524822695,0.0010778575625538,0.0,3,0.001,1.0,0.0,0.0,val,0,0.0
169,0.0,0.0,1.0,6117,0,0,1.0,0.0257731958762886,0.1776556776556776,0.0173610470389489,0.1,4,0.001,1.0,0.0,0.15448005,val,0,0.15448005
170,437.8020202020202,0.0010652330097087,0.510998575724007,6319,3090,3250680,1.0,0.0412371134020618,0.1561996779388083,0.0033825180451963,0.1428571428571428,4,20.923719105408104,0.9989359005041998,0.489001424275993,0.3284328,val,0,0.3284328
171,968.2127946127944,0.0236896477760216,0.2124822190611664,11248,8858,7188980,1.0,0.0309278350515463,0.1776556776556776,0.0261063574828864,0.0666666666666666,4,31.1161179393059,0.9768585646758392,0.7875177809388336,0.39999065,val,0,0.39999065
172,322.0282828282828,0.0392266774641369,0.6777752926265563,13413,4322,2391060,1.0,0.0257731958762886,0.1768459434822242,0.0260724296980373,0.0,3,17.945146525684397,0.9622539737337616,0.3222247073734436,0.19271767,val,0,0.19271767
173,12.798922558922555,0.0165491217443973,0.7219134242883611,5937,1651,95032,1.0,0.0257731958762886,0.177007299270073,0.013912340708452,0.1,3,3.577558323622769,0.983720293106939,0.2780865757116388,0.13659152,val,0,0.13659152
174,471.664377104377,0.029225923700811,0.6566979478189131,9697,3329,3502108,1.0,0.0206185567010309,0.1768459434822242,0.004421797199293,0.0,3,21.717835483868484,0.971603976320648,0.3433020521810869,0.18173763,val,0,0.18173763
175,0.0,0.0,1.0,5259,0,0,1.0,0.0206185567010309,0.1536025336500396,0.0064209529409038,0.0,3,0.001,1.0,0.0,0.026799655,val,0,0.026799655
176,703.240404040404,0.0604793996647874,0.2137294836468192,8347,6563,5221560,1.0,0.0309278350515463,0.1555733761026463,0.0021017162629523,0.0666666666666666,4,26.51868030352197,0.9429697552975526,0.7862705163531808,0.32248443,val,0,0.32248443
177,416.4078114478114,0.0868798911194283,0.7513115586393637,11818,2939,3091828,1.0,0.0154639175257731,0.1538461538461538,0.0002853937900142,0.0,3,20.406072930571707,0.9200648647294902,0.2486884413606362,0.08555792,val,0,0.08555792
178,1556.7714478114476,0.2084770003937229,-0.264329398378609,14062,17779,11559028,1.0,0.0309278350515463,0.1554487179487179,0.0024472487254924,0.0666666666666666,4,39.45594313676265,0.8274878211783916,1.0,0.35676727,val,0,0.35676727
179,927.2280134680134,0.2250369031160268,-0.2717067892886124,7394,9403,6884668,1.0,0.0309278350515463,0.1776556776556776,0.0113203529313779,0.1333333333333333,4,30.45041895389969,0.8163019395222962,1.0,0.35759553,val,0,0.35759553
180,700.6249158249158,0.2562592517694641,-0.4894578313253012,3320,4945,5202140,1.0,0.0360824742268041,0.1559485530546623,0.0040624003953954,0.1428571428571428,4,26.469320293972714,0.7960140381784108,1.0,0.3188513,val,0,0.3188513
181,254.37845117845117,0.2252299662265889,0.7367442612350469,12372,3257,1888760,1.0,0.0257731958762886,0.1549520766773162,0.0009759050041353,0.1,4,15.949246131979129,0.8161733124106958,0.2632557387649531,0.13754791,val,0,0.13754791
182,410.3935353535353,0.2359828052550232,0.856318010215412,36024,5176,3047172,1.0,0.0257731958762886,0.154828411811652,0.0024468754097246,0.1,4,20.25817208816075,0.8090727441743558,0.143681989784588,0.13580917,val,0,0.13580917
183,12.767676767676766,0.0011320241360394,0.8686031425688338,13874,1823,94800,1.0,0.0360824742268041,0.1559485530546623,0.0075588558655702,0.1428571428571428,4,3.573188739442232,0.9988692558935808,0.1313968574311662,0.19200961,val,0,0.19200961
184,294.2879461279461,0.2022608018207283,0.6410707553097901,15914,5712,2185088,1.0,0.0309278350515463,0.1550759392486011,0.0044928643073774,0.1333333333333333,4,17.1548228532954,0.8317662843915227,0.3589292446902099,0.18596177,val,0,0.18596177
185,1209.790707070707,0.0122086306323917,-0.9543457497612226,5235,10231,8982696,1.0,0.0257731958762886,0.1774931381518755,0.0167382857069572,0.1,4,34.7820457717873,0.9879386222731924,1.0,0.42323568,val,0,0.42323568
186,378.8401346801346,0.0219959760479041,0.670481452249408,12670,4175,2812888,1.0,0.0309278350515463,0.1556982343499197,0.0056626060939398,0.0666666666666666,4,19.463816061608643,0.9784774338026618,0.329518547750592,0.2481715,val,0,0.2481715
187,478.15164983164976,0.3550935468895079,0.5161181624171628,8903,4308,3550276,1.0,0.0412371134020618,0.1567043618739903,0.0047989932424524,0.1785714285714285,4,21.86667900783404,0.7379564328200128,0.4838818375828372,0.23061022,val,0,0.23061022
188,514.604175084175,0.3428434411935672,0.5911431513903193,12623,5161,3820936,1.0,0.0257731958762886,0.1774931381518755,0.0237790388009393,0.1,4,22.684888716592265,0.7446884493930016,0.4088568486096807,0.20144431,val,0,0.20144431
189,921.9841077441076,0.2155708867381637,0.2652315971554872,10406,7646,6845732,1.0,0.0257731958762886,0.1550759392486011,0.0017108425733766,0.2,4,30.36419122492986,0.8226587284295513,0.7347684028445127,0.26623031,val,0,0.26623031
190,329.1544781144781,0.3122482172659687,0.830133243988557,38801,6591,2443972,1.0,0.0360824742268041,0.1561996779388083,0.0077636613278405,0.0952380952380952,4,18.14261500210149,0.7620509495402259,0.1698667560114429,0.15890545,val,0,0.15890545
191,259.68161616161615,0.2925719478945774,0.7268514687629293,12085,3301,1928136,1.0,0.0309278350515463,0.155324259407526,0.0031080875987665,0.1333333333333333,4,16.114639839649417,0.7736513248866826,0.2731485312370707,0.14660648,val,0,0.14660648
192,0.0,0.0,1.0,10886,0,0,1.0,0.0257731958762886,0.154828411811652,0.0034945682133332,0.0,3,0.001,1.0,0.0,0.047990378,val,0,0.047990378
193,469.6533333333333,0.0028768723733687,0.2250599931436407,5834,4521,3487176,1.0,0.0206185567010309,0.1768459434822242,0.0182732573470246,0.3333333333333333,4,21.671486666431846,0.997131380279455,0.7749400068563592,0.33287686,val,0,0.33287686
194,424.6254545454545,0.0013777410744077,0.5346273291925466,6440,2997,3152844,1.0,0.0206185567010309,0.1547049441786284,0.0025543035625296,0.0,3,20.60644208846968,0.998624154484471,0.4653726708074533,0.17077957,val,0,0.17077957
