dataset,seed,method,beta_scale,Delta_I
Cora,0,Ours,0.8,0.04206487217386659
Cora,0,PageRank,0.8,0.3043890955138042
Cora,0,Degree,0.8,0.3058699551733408
Cora,0,Betweenness,0.8,0.27443296427442915
Cora,1,Ours,0.8,-0.02815229547253524
Cora,1,PageRank,0.8,0.25389503958123205
Cora,1,Degree,0.8,0.24715115138662208
Cora,1,Betweenness,0.8,0.18875511996867536
Cora,2,Ours,0.8,0.029193387847815087
Cora,2,PageRank,0.8,0.27201859862190053
Cora,2,Degree,0.8,0.2692893467054712
Cora,2,Betweenness,0.8,0.22339272235110308
Cora,3,Ours,0.8,0.015018222945377446
Cora,3,PageRank,0.8,0.40501643947751453
Cora,3,Degree,0.8,0.4041192073497976
Cora,3,Betweenness,0.8,0.3615046363367004
Cora,4,Ours,0.8,0.022562629543836595
Cora,4,PageRank,0.8,0.27258283161620966
Cora,4,Degree,0.8,0.2740628562368298
Cora,4,Betweenness,0.8,0.23356152545573158
Cora,0,Ours,0.9,0.07770778600995824
Cora,0,PageRank,0.9,0.36819142980430736
Cora,0,Degree,0.9,0.3751929419047258
Cora,0,Betweenness,0.9,0.3354146805054309
Cora,1,Ours,0.9,0.022113020909559356
Cora,1,PageRank,0.9,0.32312023686081925
Cora,1,Degree,0.9,0.3256572668896739
Cora,1,Betweenness,0.9,0.25710705170852916
Cora,2,Ours,0.9,0.0643996577153144
Cora,2,PageRank,0.9,0.3422605207461946
Cora,2,Degree,0.9,0.34215207458853536
Cora,2,Betweenness,0.9,0.30120590391803653
Cora,3,Ours,0.9,0.023968933593762808
Cora,3,PageRank,0.9,0.4622101648150797
Cora,3,Degree,0.9,0.4639068270458204
Cora,3,Betweenness,0.9,0.41879143804758084
Cora,4,Ours,0.9,0.028551631759239176
Cora,4,PageRank,0.9,0.33417185666868227
Cora,4,Degree,0.9,0.33174103461780685
Cora,4,Betweenness,0.9,0.2869576355818518
Cora,0,Ours,1.0,0.11641161297787465
Cora,0,PageRank,1.0,0.44832924225848486
Cora,0,Degree,1.0,0.45396854161060685
Cora,0,Betweenness,1.0,0.40439285608532743
Cora,1,Ours,1.0,-0.046145435971384215
Cora,1,PageRank,1.0,0.38070949888140376
Cora,1,Degree,1.0,0.3713253806168382
Cora,1,Betweenness,1.0,0.3191677371712889
Cora,2,Ours,1.0,0.07657841146562555
Cora,2,PageRank,1.0,0.4166282390347875
Cora,2,Degree,1.0,0.41756318589546004
Cora,2,Betweenness,1.0,0.3632160605229415
Cora,3,Ours,1.0,0.017470122954770198
Cora,3,PageRank,1.0,0.5248881617913377
Cora,3,Degree,1.0,0.5249629924829357
Cora,3,Betweenness,1.0,0.48015790569004424
Cora,4,Ours,1.0,0.09959627792656055
Cora,4,PageRank,1.0,0.415254544253306
Cora,4,Degree,1.0,0.41178308459927243
Cora,4,Betweenness,1.0,0.3834643570643316
Cora,0,Ours,1.1,0.17047676424674774
Cora,0,PageRank,1.1,0.5277348164360567
Cora,0,Degree,1.1,0.5261483889052281
Cora,0,Betweenness,1.1,0.4949908236477068
Cora,1,Ours,1.1,0.027684880692849186
Cora,1,PageRank,1.1,0.4796869888324964
Cora,1,Degree,1.1,0.47988779462241793
Cora,1,Betweenness,1.1,0.4205958034333033
Cora,2,Ours,1.1,0.08305762141751388
Cora,2,PageRank,1.1,0.4898774540981827
Cora,2,Degree,1.1,0.4792007735951307
Cora,2,Betweenness,1.1,0.4381917207821386
Cora,3,Ours,1.1,0.0715504555842238
Cora,3,PageRank,1.1,0.5883179314437228
Cora,3,Degree,1.1,0.592481065986089
Cora,3,Betweenness,1.1,0.5473360462243892
Cora,4,Ours,1.1,0.03654157035048951
Cora,4,PageRank,1.1,0.46426932014524336
Cora,4,Degree,1.1,0.4736358774426692
Cora,4,Betweenness,1.1,0.43728170462789406
Cora,0,Ours,1.2,0.24772696786790632
Cora,0,PageRank,1.2,0.6132344256488806
Cora,0,Degree,1.2,0.6198421766019309
Cora,0,Betweenness,1.2,0.5627759424182974
Cora,1,Ours,1.2,0.04976739576118514
Cora,1,PageRank,1.2,0.5622371568397924
Cora,1,Degree,1.2,0.5630109560908215
Cora,1,Betweenness,1.2,0.5015892270551516
Cora,2,Ours,1.2,0.13030868270580617
Cora,2,PageRank,1.2,0.5400583461896612
Cora,2,Degree,1.2,0.5460547759190236
Cora,2,Betweenness,1.2,0.49975967989270226
Cora,3,Ours,1.2,0.07413486716908639
Cora,3,PageRank,1.2,0.6569966193505429
Cora,3,Degree,1.2,0.6564907934181076
Cora,3,Betweenness,1.2,0.618165319638986
Cora,4,Ours,1.2,0.08826006579142097
Cora,4,PageRank,1.2,0.5681696744440536
Cora,4,Degree,1.2,0.5656593179002893
Cora,4,Betweenness,1.2,0.530692612833963
Cora,0,Ours,1.5,0.31532814571557066
Cora,0,PageRank,1.5,0.786208131120665
Cora,0,Degree,1.5,0.7843272147624882
Cora,0,Betweenness,1.5,0.75026954703958
Cora,1,Ours,1.5,0.10822737341572997
Cora,1,PageRank,1.5,0.7603603456284382
Cora,1,Degree,1.5,0.7621100360197332
Cora,1,Betweenness,1.5,0.7170288560333512
Cora,2,Ours,1.5,0.1431275496427626
Cora,2,PageRank,1.5,0.7519603626633329
Cora,2,Degree,1.5,0.7472673814136447
Cora,2,Betweenness,1.5,0.7133539742120896
Cora,3,Ours,1.5,0.13653280655369093
Cora,3,PageRank,1.5,0.8135607743867019
Cora,3,Degree,1.5,0.8189871197660844
Cora,3,Betweenness,1.5,0.7820271863052282
Cora,4,Ours,1.5,0.18712470980364726
Cora,4,PageRank,1.5,0.773868617304039
Cora,4,Degree,1.5,0.7759946974519245
Cora,4,Betweenness,1.5,0.7423396504585226
Cora,0,Ours,2.0,0.4809461795479939
Cora,0,PageRank,2.0,0.9487124721693713
Cora,0,Degree,2.0,0.9491282494360962
Cora,0,Betweenness,2.0,0.9348635810096861
Cora,1,Ours,2.0,0.2505692157617194
Cora,1,PageRank,2.0,0.9415465426368613
Cora,1,Degree,2.0,0.9412168081401778
Cora,1,Betweenness,2.0,0.9211731314185754
Cora,2,Ours,2.0,0.18822144850530662
Cora,2,PageRank,2.0,0.9371618897879147
Cora,2,Degree,2.0,0.9368759662530026
Cora,2,Betweenness,2.0,0.9193569031108733
Cora,3,Ours,2.0,0.20619707077699884
Cora,3,PageRank,2.0,0.9527980078521819
Cora,3,Degree,2.0,0.9531137359804568
Cora,3,Betweenness,2.0,0.9360832531067247
Cora,4,Ours,2.0,0.3424884465114293
Cora,4,PageRank,2.0,0.9448404176520475
Cora,4,Degree,2.0,0.9459909071141623
Cora,4,Betweenness,2.0,0.9319814173341049
CiteSeer,0,Ours,0.8,0.09071459645276488
CiteSeer,0,PageRank,0.8,0.5512989111426738
CiteSeer,0,Degree,0.8,0.5506598013531548
CiteSeer,0,Betweenness,0.8,0.46772472987812774
CiteSeer,1,Ours,0.8,0.1099988048625975
CiteSeer,1,PageRank,0.8,0.4836138462034497
CiteSeer,1,Degree,0.8,0.47165248631763385
CiteSeer,1,Betweenness,0.8,0.39803821663244515
CiteSeer,2,Ours,0.8,0.01226393834983728
CiteSeer,2,PageRank,0.8,0.41359313963056793
CiteSeer,2,Degree,0.8,0.40133841755217375
CiteSeer,2,Betweenness,0.8,0.35288212596866597
CiteSeer,3,Ours,0.8,0.05241569813239441
CiteSeer,3,PageRank,0.8,0.6164208662221599
CiteSeer,3,Degree,0.8,0.6153854632210674
CiteSeer,3,Betweenness,0.8,0.5211017059958533
CiteSeer,4,Ours,0.8,0.018028944345134447
CiteSeer,4,PageRank,0.8,0.6437792868900386
CiteSeer,4,Degree,0.8,0.6489561559174836
CiteSeer,4,Betweenness,0.8,0.5420078364557293
CiteSeer,0,Ours,0.9,0.09117605817219765
CiteSeer,0,PageRank,0.9,0.636739280788437
CiteSeer,0,Degree,0.9,0.6350148504633323
CiteSeer,0,Betweenness,0.9,0.5464830285344464
CiteSeer,1,Ours,0.9,0.06772565218526004
CiteSeer,1,PageRank,0.9,0.5714346769345031
CiteSeer,1,Degree,0.9,0.5701190678612891
CiteSeer,1,Betweenness,0.9,0.48410344604773786
CiteSeer,2,Ours,0.9,0.005938110828149421
CiteSeer,2,PageRank,0.9,0.4987679108780352
CiteSeer,2,Degree,0.9,0.48906117328202825
CiteSeer,2,Betweenness,0.9,0.4182035369551976
CiteSeer,3,Ours,0.9,0.03741227204113397
CiteSeer,3,PageRank,0.9,0.7087631104946964
CiteSeer,3,Degree,0.9,0.7096045530377183
CiteSeer,3,Betweenness,0.9,0.5919898530607283
CiteSeer,4,Ours,0.9,0.045730920915296513
CiteSeer,4,PageRank,0.9,0.7298621868226484
CiteSeer,4,Degree,0.9,0.7347476794752942
CiteSeer,4,Betweenness,0.9,0.594814321524113
CiteSeer,0,Ours,1.0,0.162310693566529
CiteSeer,0,PageRank,1.0,0.7216592646892028
CiteSeer,0,Degree,1.0,0.7139103668040006
CiteSeer,0,Betweenness,1.0,0.6076727964711321
CiteSeer,1,Ours,1.0,0.14250266626926833
CiteSeer,1,PageRank,1.0,0.6908046306067958
CiteSeer,1,Degree,1.0,0.6843047386868204
CiteSeer,1,Betweenness,1.0,0.6024895486563675
CiteSeer,2,Ours,1.0,0.03367839291639567
CiteSeer,2,PageRank,1.0,0.5756558357779433
CiteSeer,2,Degree,1.0,0.5671046330092806
CiteSeer,2,Betweenness,1.0,0.4782599566384544
CiteSeer,3,Ours,1.0,0.10312521997881596
CiteSeer,3,PageRank,1.0,0.8007046633751227
CiteSeer,3,Degree,1.0,0.8033915300408355
CiteSeer,3,Betweenness,1.0,0.7067802528095718
CiteSeer,4,Ours,1.0,0.0630728021962666
CiteSeer,4,PageRank,1.0,0.7905112497547963
CiteSeer,4,Degree,1.0,0.7964827544782885
CiteSeer,4,Betweenness,1.0,0.6581129539459214
CiteSeer,0,Ours,1.1,0.20016500312663688
CiteSeer,0,PageRank,1.1,0.7813081624909294
CiteSeer,0,Degree,1.1,0.7809495850533313
CiteSeer,0,Betweenness,1.1,0.6642997034407725
CiteSeer,1,Ours,1.1,0.16950769718421713
CiteSeer,1,PageRank,1.1,0.7630939432049447
CiteSeer,1,Degree,1.1,0.7578039618576722
CiteSeer,1,Betweenness,1.1,0.6618629587431957
CiteSeer,2,Ours,1.1,0.13806043634575169
CiteSeer,2,PageRank,1.1,0.6739454467540256
CiteSeer,2,Degree,1.1,0.6686482878422078
CiteSeer,2,Betweenness,1.1,0.5848253660104147
CiteSeer,3,Ours,1.1,0.09516156976428092
CiteSeer,3,PageRank,1.1,0.8324360008398111
CiteSeer,3,Degree,1.1,0.8308984140692461
CiteSeer,3,Betweenness,1.1,0.716158143344011
CiteSeer,4,Ours,1.1,0.04169380050005626
CiteSeer,4,PageRank,1.1,0.8313028088146562
CiteSeer,4,Degree,1.1,0.838744368878653
CiteSeer,4,Betweenness,1.1,0.6882828440387486
CiteSeer,0,Ours,1.2,0.12862529274419138
CiteSeer,0,PageRank,1.2,0.8206896878353082
CiteSeer,0,Degree,1.2,0.8165084682244278
CiteSeer,0,Betweenness,1.2,0.6887550845340948
CiteSeer,1,Ours,1.2,0.14789355533975576
CiteSeer,1,PageRank,1.2,0.8073454021630901
CiteSeer,1,Degree,1.2,0.8054359149991942
CiteSeer,1,Betweenness,1.2,0.6796585417987471
CiteSeer,2,Ours,1.2,0.12437027516040332
CiteSeer,2,PageRank,1.2,0.7365819386819377
CiteSeer,2,Degree,1.2,0.7301929740488031
CiteSeer,2,Betweenness,1.2,0.631272970895277
CiteSeer,3,Ours,1.2,0.06574974624096856
CiteSeer,3,PageRank,1.2,0.863971270313008
CiteSeer,3,Degree,1.2,0.8663762003765754
CiteSeer,3,Betweenness,1.2,0.7410971621068129
CiteSeer,4,Ours,1.2,0.03166062045318428
CiteSeer,4,PageRank,1.2,0.8578338041760692
CiteSeer,4,Degree,1.2,0.8605890523730395
CiteSeer,4,Betweenness,1.2,0.687971507455923
CiteSeer,0,Ours,1.5,0.1835011667374876
CiteSeer,0,PageRank,1.5,0.8917095618754199
CiteSeer,0,Degree,1.5,0.8934080888257443
CiteSeer,0,Betweenness,1.5,0.7262957748228864
CiteSeer,1,Ours,1.5,0.1113854504074901
CiteSeer,1,PageRank,1.5,0.8887915461981855
CiteSeer,1,Degree,1.5,0.8879086950196269
CiteSeer,1,Betweenness,1.5,0.7329897152616208
CiteSeer,2,Ours,1.5,0.16471584373435982
CiteSeer,2,PageRank,1.5,0.8528599277134221
CiteSeer,2,Degree,1.5,0.8495068619661356
CiteSeer,2,Betweenness,1.5,0.729329412465889
CiteSeer,3,Ours,1.5,0.17869131435530838
CiteSeer,3,PageRank,1.5,0.920141152944551
CiteSeer,3,Degree,1.5,0.9230596886987917
CiteSeer,3,Betweenness,1.5,0.7650877997270399
CiteSeer,4,Ours,1.5,0.048077545944124236
CiteSeer,4,PageRank,1.5,0.9140363856877101
CiteSeer,4,Degree,1.5,0.9189069892325543
CiteSeer,4,Betweenness,1.5,0.73361932158978
CiteSeer,0,Ours,2.0,0.21563934725570552
CiteSeer,0,PageRank,2.0,0.9411620689095056
CiteSeer,0,Degree,2.0,0.9452005044161584
CiteSeer,0,Betweenness,2.0,0.7825675022931218
CiteSeer,1,Ours,2.0,0.14878944423984458
CiteSeer,1,PageRank,2.0,0.9430016275051584
CiteSeer,1,Degree,2.0,0.9461294316907248
CiteSeer,1,Betweenness,2.0,0.7701144865446076
CiteSeer,2,Ours,2.0,0.22669177558761514
CiteSeer,2,PageRank,2.0,0.9329413967943291
CiteSeer,2,Degree,2.0,0.9315643259894377
CiteSeer,2,Betweenness,2.0,0.8155278434115504
CiteSeer,3,Ours,2.0,0.20983544483611072
CiteSeer,3,PageRank,2.0,0.9525169785788842
CiteSeer,3,Degree,2.0,0.9596860472112143
CiteSeer,3,Betweenness,2.0,0.7925815958912239
CiteSeer,4,Ours,2.0,0.14957207444274034
CiteSeer,4,PageRank,2.0,0.9526510767225942
CiteSeer,4,Degree,2.0,0.9594456627935011
CiteSeer,4,Betweenness,2.0,0.7915442749904805
PubMed,0,Ours,0.8,0.1289184655797432
PubMed,0,PageRank,0.8,0.40435237792020295
PubMed,0,Degree,0.8,0.39632291417595517
PubMed,0,Betweenness,0.8,0.367226446529594
PubMed,1,Ours,0.8,0.17018372113451583
PubMed,1,PageRank,0.8,0.53903914943931
PubMed,1,Degree,0.8,0.5471410757680233
PubMed,1,Betweenness,0.8,0.5043317211569385
PubMed,2,Ours,0.8,0.03178281912715925
PubMed,2,PageRank,0.8,0.4826803540713493
PubMed,2,Degree,0.8,0.4836098793256938
PubMed,2,Betweenness,0.8,0.45890484092506706
PubMed,3,Ours,0.8,-0.0005049174789119558
PubMed,3,PageRank,0.8,0.5262412629429193
PubMed,3,Degree,0.8,0.539553948785758
PubMed,3,Betweenness,0.8,0.474339654608207
PubMed,4,Ours,0.8,0.12936041866007705
PubMed,4,PageRank,0.8,0.4352745270169234
PubMed,4,Degree,0.8,0.4324920692759815
PubMed,4,Betweenness,0.8,0.42408153393000486
PubMed,0,Ours,0.9,0.18557302715878188
PubMed,0,PageRank,0.9,0.5706997018603573
PubMed,0,Degree,0.9,0.5737323078209106
PubMed,0,Betweenness,0.9,0.5353762154617817
PubMed,1,Ours,0.9,0.09911703949465692
PubMed,1,PageRank,0.9,0.7090043229544558
PubMed,1,Degree,0.9,0.7200873280656956
PubMed,1,Betweenness,0.9,0.6751638778783837
PubMed,2,Ours,0.9,0.0785799065194151
PubMed,2,PageRank,0.9,0.6921775077597051
PubMed,2,Degree,0.9,0.6938883996868723
PubMed,2,Betweenness,0.9,0.674740556149133
PubMed,3,Ours,0.9,0.1266124241819903
PubMed,3,PageRank,0.9,0.7288705231912243
PubMed,3,Degree,0.9,0.7348692772369272
PubMed,3,Betweenness,0.9,0.6866955896597359
PubMed,4,Ours,0.9,0.1456168906451051
PubMed,4,PageRank,0.9,0.6515305598808506
PubMed,4,Degree,0.9,0.6523349249115722
PubMed,4,Betweenness,0.9,0.6401955995595917
PubMed,0,Ours,1.0,0.28377708970041654
PubMed,0,PageRank,1.0,0.7675252646994026
PubMed,0,Degree,1.0,0.7666561073007904
PubMed,0,Betweenness,1.0,0.7408591572945601
PubMed,1,Ours,1.0,0.21176793510313557
PubMed,1,PageRank,1.0,0.852425805124429
PubMed,1,Degree,1.0,0.8584244107584349
PubMed,1,Betweenness,1.0,0.829864193375336
PubMed,2,Ours,1.0,0.07408318292658343
PubMed,2,PageRank,1.0,0.8392617051578897
PubMed,2,Degree,1.0,0.8428460871684688
PubMed,2,Betweenness,1.0,0.8287617174199873
PubMed,3,Ours,1.0,0.1647393764567597
PubMed,3,PageRank,1.0,0.8633371235535767
PubMed,3,Degree,1.0,0.867845601566615
PubMed,3,Betweenness,1.0,0.8358371197839887
PubMed,4,Ours,1.0,0.1833955301706606
PubMed,4,PageRank,1.0,0.79805707070502
PubMed,4,Degree,1.0,0.8008020411597693
PubMed,4,Betweenness,1.0,0.7879570589582879
PubMed,0,Ours,1.1,0.3926103269251665
PubMed,0,PageRank,1.1,0.8823856602257896
PubMed,0,Degree,1.1,0.8845876493419754
PubMed,0,Betweenness,1.1,0.8654875901204919
PubMed,1,Ours,1.1,0.12234822399199247
PubMed,1,PageRank,1.1,0.9150937411309071
PubMed,1,Degree,1.1,0.9214276083188354
PubMed,1,Betweenness,1.1,0.8967705903303651
PubMed,2,Ours,1.1,0.26428093994976687
PubMed,2,PageRank,1.1,0.9227192628343454
PubMed,2,Degree,1.1,0.9239731346172172
PubMed,2,Betweenness,1.1,0.9121105475225166
PubMed,3,Ours,1.1,0.1013298700143817
PubMed,3,PageRank,1.1,0.9268423870387685
PubMed,3,Degree,1.1,0.9307498311402914
PubMed,3,Betweenness,1.1,0.9056752353259301
PubMed,4,Ours,1.1,0.15995001204918136
PubMed,4,PageRank,1.1,0.8869493351391129
PubMed,4,Degree,1.1,0.889973141787554
PubMed,4,Betweenness,1.1,0.8810986350574412
PubMed,0,Ours,1.2,0.41014121058240255
PubMed,0,PageRank,1.2,0.9333314341450459
PubMed,0,Degree,1.2,0.9353816768711505
PubMed,0,Betweenness,1.2,0.9179717440354654
PubMed,1,Ours,1.2,0.30810674342930994
PubMed,1,PageRank,1.2,0.9562218594170967
PubMed,1,Degree,1.2,0.9595867685938992
PubMed,1,Betweenness,1.2,0.9378805438160702
PubMed,2,Ours,1.2,0.1473337574884787
PubMed,2,PageRank,1.2,0.9530529408363713
PubMed,2,Degree,1.2,0.9550280735499674
PubMed,2,Betweenness,1.2,0.9435753841220518
PubMed,3,Ours,1.2,0.17837622684192317
PubMed,3,PageRank,1.2,0.9597043616055895
PubMed,3,Degree,1.2,0.9634852038789863
PubMed,3,Betweenness,1.2,0.9441110737935169
PubMed,4,Ours,1.2,0.24138331519570103
PubMed,4,PageRank,1.2,0.9367290064211147
PubMed,4,Degree,1.2,0.9394801853825792
PubMed,4,Betweenness,1.2,0.9316958609196302
PubMed,0,Ours,1.5,0.30431967819859956
PubMed,0,PageRank,1.5,0.9823006425705852
PubMed,0,Degree,1.5,0.983651436191869
PubMed,0,Betweenness,1.5,0.9658851380170101
PubMed,1,Ours,1.5,0.164229220275345
PubMed,1,PageRank,1.5,0.9867874236712587
PubMed,1,Degree,1.5,0.988978470242238
PubMed,1,Betweenness,1.5,0.9629271854072206
PubMed,2,Ours,1.5,0.18152351996586266
PubMed,2,PageRank,1.5,0.9859854200649097
PubMed,2,Degree,1.5,0.987517984551782
PubMed,2,Betweenness,1.5,0.9741515876589372
PubMed,3,Ours,1.5,0.2250315185195302
PubMed,3,PageRank,1.5,0.9872860789279244
PubMed,3,Degree,1.5,0.9897542000128472
PubMed,3,Betweenness,1.5,0.9631302004214315
PubMed,4,Ours,1.5,0.21098325822258662
PubMed,4,PageRank,1.5,0.9826991264889954
PubMed,4,Degree,1.5,0.9839888128112866
PubMed,4,Betweenness,1.5,0.9706915078001006
PubMed,0,Ours,2.0,0.2292239911833811
PubMed,0,PageRank,2.0,0.9899236597744989
PubMed,0,Degree,2.0,0.9949166754319042
PubMed,0,Betweenness,2.0,0.9683371225743539
PubMed,1,Ours,2.0,0.17170859137918404
PubMed,1,PageRank,2.0,0.988055149039901
PubMed,1,Degree,2.0,0.996127202439229
PubMed,1,Betweenness,2.0,0.9531981393041355
PubMed,2,Ours,2.0,0.13878297683188406
PubMed,2,PageRank,2.0,0.9899742235201298
PubMed,2,Degree,2.0,0.9952082987410824
PubMed,2,Betweenness,2.0,0.9677217079119906
PubMed,3,Ours,2.0,0.1469856636057584
PubMed,3,PageRank,2.0,0.9886433898515524
PubMed,3,Degree,2.0,0.9959923557090903
PubMed,3,Betweenness,2.0,0.945920812873043
PubMed,4,Ours,2.0,0.15929940842340595
PubMed,4,PageRank,2.0,0.9911371331045681
PubMed,4,Degree,2.0,0.9948857560024758
PubMed,4,Betweenness,2.0,0.9719480938988387
Computers,0,Ours,0.8,0.017013985435459178
Computers,0,PageRank,0.8,0.25701704257833197
Computers,0,Degree,0.8,0.26253506824325884
Computers,0,Betweenness,0.8,0.2022877049238416
Computers,1,Ours,0.8,-0.04509954713849733
Computers,1,PageRank,0.8,0.2519018581565876
Computers,1,Degree,0.8,0.2561587519377147
Computers,1,Betweenness,0.8,0.22440486642527385
Computers,2,Ours,0.8,-0.022492057243782244
Computers,2,PageRank,0.8,0.2521469304259445
Computers,2,Degree,0.8,0.25781018196443584
Computers,2,Betweenness,0.8,0.21227035822503906
Computers,3,Ours,0.8,-0.037393584090170295
Computers,3,PageRank,0.8,0.1930416431393216
Computers,3,Degree,0.8,0.19607268854845666
Computers,3,Betweenness,0.8,0.17342439819398836
Computers,4,Ours,0.8,0.040673320775689005
Computers,4,PageRank,0.8,0.32061022419064866
Computers,4,Degree,0.8,0.3194861045002396
Computers,4,Betweenness,0.8,0.25250002872869526
Computers,0,Ours,0.9,0.013096192224209149
Computers,0,PageRank,0.9,0.3893136938970407
Computers,0,Degree,0.9,0.3956277484668769
Computers,0,Betweenness,0.9,0.33886139709613344
Computers,1,Ours,0.9,0.008699388831299058
Computers,1,PageRank,0.9,0.3705810421871806
Computers,1,Degree,0.9,0.3729438625355552
Computers,1,Betweenness,0.9,0.33038705626097403
Computers,2,Ours,0.9,0.08389575896781125
Computers,2,PageRank,0.9,0.39779351021981274
Computers,2,Degree,0.9,0.40683824668363155
Computers,2,Betweenness,0.9,0.3520540036442528
Computers,3,Ours,0.9,-0.045395653253491104
Computers,3,PageRank,0.9,0.27813589235237773
Computers,3,Degree,0.9,0.28148646759684637
Computers,3,Betweenness,0.9,0.2600667690971564
Computers,4,Ours,0.9,-0.029583933354545216
Computers,4,PageRank,0.9,0.41036531828866124
Computers,4,Degree,0.9,0.4069107525613766
Computers,4,Betweenness,0.9,0.33363765855666366
Computers,0,Ours,1.0,-0.022509313351545563
Computers,0,PageRank,1.0,0.510928493075716
Computers,0,Degree,1.0,0.5093456763314983
Computers,0,Betweenness,1.0,0.4514585341269286
Computers,1,Ours,1.0,0.152153372585324
Computers,1,PageRank,1.0,0.5441052438152295
Computers,1,Degree,1.0,0.5496455910120419
Computers,1,Betweenness,1.0,0.5133546465048354
Computers,2,Ours,1.0,0.12264541213544038
Computers,2,PageRank,1.0,0.5532745357732584
Computers,2,Degree,1.0,0.5608962959206437
Computers,2,Betweenness,1.0,0.5088389233270438
Computers,3,Ours,1.0,0.010323748265369559
Computers,3,PageRank,1.0,0.445231849517161
Computers,3,Degree,1.0,0.44155052065634176
Computers,3,Betweenness,1.0,0.42253839463171594
Computers,4,Ours,1.0,0.08192705962191014
Computers,4,PageRank,1.0,0.5491808279917704
Computers,4,Degree,1.0,0.5508465327487487
Computers,4,Betweenness,1.0,0.48335677104359015
Computers,0,Ours,1.1,0.198813482670283
Computers,0,PageRank,1.1,0.6842809302386301
Computers,0,Degree,1.1,0.6872077635560613
Computers,0,Betweenness,1.1,0.646611922305862
Computers,1,Ours,1.1,0.23917526851165147
Computers,1,PageRank,1.1,0.6929200330633906
Computers,1,Degree,1.1,0.6971574709243116
Computers,1,Betweenness,1.1,0.6666360286712749
Computers,2,Ours,1.1,0.29120724398448616
Computers,2,PageRank,1.1,0.7146723828148714
Computers,2,Degree,1.1,0.7179236360804381
Computers,2,Betweenness,1.1,0.6744639752985461
Computers,3,Ours,1.1,0.1645084936266226
Computers,3,PageRank,1.1,0.6209911385424489
Computers,3,Degree,1.1,0.6203017959799063
Computers,3,Betweenness,1.1,0.6036868261632501
Computers,4,Ours,1.1,0.1542923478058988
Computers,4,PageRank,1.1,0.7114855696152576
Computers,4,Degree,1.1,0.7085378205180725
Computers,4,Betweenness,1.1,0.656753907153437
Computers,0,Ours,1.2,0.2508869160450991
Computers,0,PageRank,1.2,0.804469093198731
Computers,0,Degree,1.2,0.8069797959026013
Computers,0,Betweenness,1.2,0.7729958436747753
Computers,1,Ours,1.2,0.18984869091226403
Computers,1,PageRank,1.2,0.788320699505577
Computers,1,Degree,1.2,0.7899447895280007
Computers,1,Betweenness,1.2,0.7678431808862499
Computers,2,Ours,1.2,0.21849361793800326
Computers,2,PageRank,1.2,0.8031553785037495
Computers,2,Degree,1.2,0.8071627704275847
Computers,2,Betweenness,1.2,0.7733071998927954
Computers,3,Ours,1.2,0.15760407102730858
Computers,3,PageRank,1.2,0.7415691346527266
Computers,3,Degree,1.2,0.7424686069071261
Computers,3,Betweenness,1.2,0.7285698790894843
Computers,4,Ours,1.2,0.2527117240062641
Computers,4,PageRank,1.2,0.8279631275580683
Computers,4,Degree,1.2,0.8277676882647259
Computers,4,Betweenness,1.2,0.7836955394496311
Computers,0,Ours,1.5,0.28968281944396684
Computers,0,PageRank,1.5,0.9554311519001085
Computers,0,Degree,1.5,0.9560222213090542
Computers,0,Betweenness,1.5,0.9383898563137104
Computers,1,Ours,1.5,0.22513248668591002
Computers,1,PageRank,1.5,0.9489099568767995
Computers,1,Degree,1.5,0.9495222171176659
Computers,1,Betweenness,1.5,0.9353184745004888
Computers,2,Ours,1.5,0.3073075629350438
Computers,2,PageRank,1.5,0.9555681521248881
Computers,2,Degree,1.5,0.9562830488822825
Computers,2,Betweenness,1.5,0.9397301274082168
Computers,3,Ours,1.5,0.2978763337383893
Computers,3,PageRank,1.5,0.9376820242795851
Computers,3,Degree,1.5,0.9374620325543214
Computers,3,Betweenness,1.5,0.926267644889219
Computers,4,Ours,1.5,0.2298162709986769
Computers,4,PageRank,1.5,0.9547158771050444
Computers,4,Degree,1.5,0.9550658954765942
Computers,4,Betweenness,1.5,0.9326408127186869
Computers,0,Ours,2.0,0.1969078475414725
Computers,0,PageRank,2.0,0.9858087106971823
Computers,0,Degree,2.0,0.9858606848154812
Computers,0,Betweenness,2.0,0.9544322853406738
Computers,1,Ours,2.0,0.18976504529030874
Computers,1,PageRank,2.0,0.984674037653782
Computers,1,Degree,2.0,0.9850926682251648
Computers,1,Betweenness,2.0,0.9564806572582255
Computers,2,Ours,2.0,0.2406627756194412
Computers,2,PageRank,2.0,0.9861899915209208
Computers,2,Degree,2.0,0.9865288000298935
Computers,2,Betweenness,2.0,0.9563605003526418
Computers,3,Ours,2.0,0.18579156619542866
Computers,3,PageRank,2.0,0.9820328048434787
Computers,3,Degree,2.0,0.9819378096459505
Computers,3,Betweenness,2.0,0.9626001156191789
Computers,4,Ours,2.0,0.163487555934807
Computers,4,PageRank,2.0,0.9862568710874378
Computers,4,Degree,2.0,0.9861252742346149
Computers,4,Betweenness,2.0,0.946120468306512
Photo,0,Ours,0.8,-0.03880695803992617
Photo,0,PageRank,0.8,0.4957036075836176
Photo,0,Degree,0.8,0.49769934473252836
Photo,0,Betweenness,0.8,0.4344035084334214
Photo,1,Ours,0.8,0.09138834752826883
Photo,1,PageRank,0.8,0.4233003586575679
Photo,1,Degree,0.8,0.4186557487676493
Photo,1,Betweenness,0.8,0.37420041469074355
Photo,2,Ours,0.8,0.020115798452101312
Photo,2,PageRank,0.8,0.5007539463981039
Photo,2,Degree,0.8,0.5064823063282319
Photo,2,Betweenness,0.8,0.45040864202555164
Photo,3,Ours,0.8,0.0253470192560172
Photo,3,PageRank,0.8,0.431443847993289
Photo,3,Degree,0.8,0.4363344366280917
Photo,3,Betweenness,0.8,0.3712844527767164
Photo,4,Ours,0.8,0.1106872139325956
Photo,4,PageRank,0.8,0.5150198540680425
Photo,4,Degree,0.8,0.520029506830038
Photo,4,Betweenness,0.8,0.47800597683495333
Photo,0,Ours,0.9,0.04749575354664949
Photo,0,PageRank,0.9,0.6787906970753266
Photo,0,Degree,0.9,0.6837996462746279
Photo,0,Betweenness,0.9,0.6316135133329385
Photo,1,Ours,0.9,0.19480984832700576
Photo,1,PageRank,0.9,0.5882666540319408
Photo,1,Degree,0.9,0.583771346178292
Photo,1,Betweenness,0.9,0.543972084496903
Photo,2,Ours,0.9,0.13123817237901458
Photo,2,PageRank,0.9,0.6763075106482435
Photo,2,Degree,0.9,0.6786719531163296
Photo,2,Betweenness,0.9,0.6303751893344615
Photo,3,Ours,0.9,0.024206045875661154
Photo,3,PageRank,0.9,0.5864110699564811
Photo,3,Degree,0.9,0.5921422919444922
Photo,3,Betweenness,0.9,0.5303518716079302
Photo,4,Ours,0.9,0.1373310666294294
Photo,4,PageRank,0.9,0.6549247979723264
Photo,4,Degree,0.9,0.6604955223373373
Photo,4,Betweenness,0.9,0.6122093604067925
Photo,0,Ours,1.0,0.18134990042081625
Photo,0,PageRank,1.0,0.8121145173940981
Photo,0,Degree,1.0,0.8149150763523074
Photo,0,Betweenness,1.0,0.77296883985305
Photo,1,Ours,1.0,0.15065232500749348
Photo,1,PageRank,1.0,0.740468429413508
Photo,1,Degree,1.0,0.7317564174622322
Photo,1,Betweenness,1.0,0.7016240377585966
Photo,2,Ours,1.0,-0.0008165857863804016
Photo,2,PageRank,1.0,0.7930824445911092
Photo,2,Degree,1.0,0.7971635247354962
Photo,2,Betweenness,1.0,0.7561159991978099
Photo,3,Ours,1.0,0.09297322005631561
Photo,3,PageRank,1.0,0.7647017832673014
Photo,3,Degree,1.0,0.770789976696008
Photo,3,Betweenness,1.0,0.7211561726521835
Photo,4,Ours,1.0,0.16054005803188118
Photo,4,PageRank,1.0,0.7880294894965505
Photo,4,Degree,1.0,0.7958983745038849
Photo,4,Betweenness,1.0,0.7555670100296239
Photo,0,Ours,1.1,0.18467830233234245
Photo,0,PageRank,1.1,0.8937653081237312
Photo,0,Degree,1.1,0.8983489237516783
Photo,0,Betweenness,1.1,0.8673386124968795
Photo,1,Ours,1.1,0.21812422213199045
Photo,1,PageRank,1.1,0.8470007834251123
Photo,1,Degree,1.1,0.8437389688348929
Photo,1,Betweenness,1.1,0.8148406305724544
Photo,2,Ours,1.1,0.050644082185175805
Photo,2,PageRank,1.1,0.881852830741251
Photo,2,Degree,1.1,0.8848699575350357
Photo,2,Betweenness,1.1,0.8592217613800545
Photo,3,Ours,1.1,0.1642839278105984
Photo,3,PageRank,1.1,0.8600922011414495
Photo,3,Degree,1.1,0.8635047326772419
Photo,3,Betweenness,1.1,0.8238117595988234
Photo,4,Ours,1.1,0.13037939689721542
Photo,4,PageRank,1.1,0.876359088878917
Photo,4,Degree,1.1,0.8794161493078158
Photo,4,Betweenness,1.1,0.8476984452831285
Photo,0,Ours,1.2,0.04141056865637327
Photo,0,PageRank,1.2,0.9268253624236628
Photo,0,Degree,1.2,0.9271865368233888
Photo,0,Betweenness,1.2,0.8954362074371165
Photo,1,Ours,1.2,0.20156109357476787
Photo,1,PageRank,1.2,0.9036879778666815
Photo,1,Degree,1.2,0.902979516571807
Photo,1,Betweenness,1.2,0.8763149355877927
Photo,2,Ours,1.2,0.049071303243193795
Photo,2,PageRank,1.2,0.9256834667167274
Photo,2,Degree,1.2,0.9264373212170508
Photo,2,Betweenness,1.2,0.9004981515791161
Photo,3,Ours,1.2,0.07676542901082568
Photo,3,PageRank,1.2,0.9095579954198139
Photo,3,Degree,1.2,0.9097711084385097
Photo,3,Betweenness,1.2,0.8730921580632647
Photo,4,Ours,1.2,0.15227794278291804
Photo,4,PageRank,1.2,0.9263854142252262
Photo,4,Degree,1.2,0.9277365338138702
Photo,4,Betweenness,1.2,0.8978990838113782
Photo,0,Ours,1.5,0.11966925399677446
Photo,0,PageRank,1.5,0.9719603575573267
Photo,0,Degree,1.5,0.9727632343882485
Photo,0,Betweenness,1.5,0.9328579114773116
Photo,1,Ours,1.5,0.19856689064649163
Photo,1,PageRank,1.5,0.9610192330607837
Photo,1,Degree,1.5,0.9599465970525897
Photo,1,Betweenness,1.5,0.9332728018440818
Photo,2,Ours,1.5,0.07316127749468511
Photo,2,PageRank,1.5,0.9696999038246751
Photo,2,Degree,1.5,0.9706204339793049
Photo,2,Betweenness,1.5,0.9355181284731476
Photo,3,Ours,1.5,0.018229391591867553
Photo,3,PageRank,1.5,0.9600043061435055
Photo,3,Degree,1.5,0.9622107376780685
Photo,3,Betweenness,1.5,0.919543193024763
Photo,4,Ours,1.5,0.11252103003883022
Photo,4,PageRank,1.5,0.9703249653466358
Photo,4,Degree,1.5,0.9715948642721489
Photo,4,Betweenness,1.5,0.9363238361174281
Photo,0,Ours,2.0,0.08093212087405133
Photo,0,PageRank,2.0,0.9867344896821006
Photo,0,Degree,2.0,0.9869182606404502
Photo,0,Betweenness,2.0,0.8810625141824586
Photo,1,Ours,2.0,0.18627432351080273
Photo,1,PageRank,2.0,0.9825798224258209
Photo,1,Degree,2.0,0.9821333362543235
Photo,1,Betweenness,2.0,0.891746294859036
Photo,2,Ours,2.0,0.11399302567263842
Photo,2,PageRank,2.0,0.9863727626158576
Photo,2,Degree,2.0,0.9866007421344137
Photo,2,Betweenness,2.0,0.8932765757605712
Photo,3,Ours,2.0,0.09160908639219731
Photo,3,PageRank,2.0,0.9816133261851135
Photo,3,Degree,2.0,0.9831123709600794
Photo,3,Betweenness,2.0,0.8711784500907539
Photo,4,Ours,2.0,0.10733971385138266
Photo,4,PageRank,2.0,0.9866994531168402
Photo,4,Degree,2.0,0.9877707039605883
Photo,4,Betweenness,2.0,0.8869875752922796
CS,0,Ours,0.8,0.21545309396481058
CS,0,PageRank,0.8,0.6601353497106923
CS,0,Degree,0.8,0.6501077132580761
CS,0,Betweenness,0.8,0.6079954967343256
CS,1,Ours,0.8,0.12575443741177786
CS,1,PageRank,0.8,0.5744998080645829
CS,1,Degree,0.8,0.5817334523768988
CS,1,Betweenness,0.8,0.5338917702773808
CS,2,Ours,0.8,0.23008216964564895
CS,2,PageRank,0.8,0.593028150698032
CS,2,Degree,0.8,0.6036478992018034
CS,2,Betweenness,0.8,0.5698364769709984
CS,3,Ours,0.8,0.17740626321473954
CS,3,PageRank,0.8,0.6312747342616868
CS,3,Degree,0.8,0.6376012040569117
CS,3,Betweenness,0.8,0.6247765570432816
CS,4,Ours,0.8,0.2584589347381465
CS,4,PageRank,0.8,0.6279900266455455
CS,4,Degree,0.8,0.6376163344052771
CS,4,Betweenness,0.8,0.5988538768026073
CS,0,Ours,0.9,0.4217030868520702
CS,0,PageRank,0.9,0.8451697539648981
CS,0,Degree,0.9,0.844593636154536
CS,0,Betweenness,0.9,0.8190166276574302
CS,1,Ours,0.9,0.4808202711144247
CS,1,PageRank,0.9,0.8244185737948566
CS,1,Degree,0.9,0.8273840282974636
CS,1,Betweenness,0.9,0.8015469537932434
CS,2,Ours,0.9,0.4733070062106107
CS,2,PageRank,0.9,0.8401641662859259
CS,2,Degree,0.9,0.8398651623447037
CS,2,Betweenness,0.9,0.822223929812588
CS,3,Ours,0.9,0.40452067984418266
CS,3,PageRank,0.9,0.8493567695894542
CS,3,Degree,0.9,0.857058967720516
CS,3,Betweenness,0.9,0.8471465404928408
CS,4,Ours,0.9,0.4001342361067973
CS,4,PageRank,0.9,0.8372650057562876
CS,4,Degree,0.9,0.8446987396547295
CS,4,Betweenness,0.9,0.8212495851525886
CS,0,Ours,1.0,0.48865333567972596
CS,0,PageRank,1.0,0.9439562741533414
CS,0,Degree,1.0,0.9434840254311769
CS,0,Betweenness,1.0,0.931254244090176
CS,1,Ours,1.0,0.4761280505209597
CS,1,PageRank,1.0,0.9372361888997083
CS,1,Degree,1.0,0.9397656898393759
CS,1,Betweenness,1.0,0.92392321644392
CS,2,Ours,1.0,0.5610617544214128
CS,2,PageRank,1.0,0.9442366343037915
CS,2,Degree,1.0,0.9466493975995661
CS,2,Betweenness,1.0,0.9355213336111248
CS,3,Ours,1.0,0.5758279158634367
CS,3,PageRank,1.0,0.955100433082083
CS,3,Degree,1.0,0.9566279643918006
CS,3,Betweenness,1.0,0.9521092867330675
CS,4,Ours,1.0,0.5664662776443994
CS,4,PageRank,1.0,0.9489203849196477
CS,4,Degree,1.0,0.9516517294653607
CS,4,Betweenness,1.0,0.9424677178710346
CS,0,Ours,1.1,0.49991223434227333
CS,0,PageRank,1.1,0.9807433119033396
CS,0,Degree,1.1,0.9809209325396684
CS,0,Betweenness,1.1,0.9743713549922761
CS,1,Ours,1.1,0.5227923647163706
CS,1,PageRank,1.1,0.9773192378777561
CS,1,Degree,1.1,0.978907720143127
CS,1,Betweenness,1.1,0.9695218562254495
CS,2,Ours,1.1,0.4995213539984106
CS,2,PageRank,1.1,0.980770102886422
CS,2,Degree,1.1,0.9816564502312651
CS,2,Betweenness,1.1,0.9769236335737002
CS,3,Ours,1.1,0.48390190452377146
CS,3,PageRank,1.1,0.9820872752811254
CS,3,Degree,1.1,0.9831648415155803
CS,3,Betweenness,1.1,0.9803770842320586
CS,4,Ours,1.1,0.5315997046734819
CS,4,PageRank,1.1,0.9805349369879427
CS,4,Degree,1.1,0.9822785373652058
CS,4,Betweenness,1.1,0.9756410248604838
CS,0,Ours,1.2,0.38483289085917294
CS,0,PageRank,1.2,0.9897670254947261
CS,0,Degree,1.2,0.9900136084475304
CS,0,Betweenness,1.2,0.9849493585867108
CS,1,Ours,1.2,0.37199190454292863
CS,1,PageRank,1.2,0.988455894062043
CS,1,Degree,1.2,0.9891870192767798
CS,1,Betweenness,1.2,0.9828467862248083
CS,2,Ours,1.2,0.3948962549543443
CS,2,PageRank,1.2,0.9902464170158636
CS,2,Degree,1.2,0.9905493959917246
CS,2,Betweenness,1.2,0.9862538766087242
CS,3,Ours,1.2,0.3981695844307554
CS,3,PageRank,1.2,0.9908893532022919
CS,3,Degree,1.2,0.991400298965683
CS,3,Betweenness,1.2,0.9887295025061946
CS,4,Ours,1.2,0.39621379591496747
CS,4,PageRank,1.2,0.9897056388728116
CS,4,Degree,1.2,0.9907295861879037
CS,4,Betweenness,1.2,0.9867305890073409
CS,0,Ours,1.5,0.29085905893755093
CS,0,PageRank,1.5,0.996106581053822
CS,0,Degree,1.5,0.9963720139034176
CS,0,Betweenness,1.5,0.9883728494957734
CS,1,Ours,1.5,0.26152146495893897
CS,1,PageRank,1.5,0.9951911513190193
CS,1,Degree,1.5,0.9960312997274494
CS,1,Betweenness,1.5,0.984475951129353
CS,2,Ours,1.5,0.23187810744858875
CS,2,PageRank,1.5,0.9957304453348602
CS,2,Degree,1.5,0.9963183022583776
CS,2,Betweenness,1.5,0.9896453092407648
CS,3,Ours,1.5,0.2298983035457033
CS,3,PageRank,1.5,0.9962093857341302
CS,3,Degree,1.5,0.9967031906836281
CS,3,Betweenness,1.5,0.9913642313259763
CS,4,Ours,1.5,0.2579188531598818
CS,4,PageRank,1.5,0.9955942733533848
CS,4,Degree,1.5,0.9964483558716398
CS,4,Betweenness,1.5,0.9884014899942101
CS,0,Ours,2.0,0.13610912304312275
CS,0,PageRank,2.0,0.9935397028272053
CS,0,Degree,2.0,0.9965905209215505
CS,0,Betweenness,2.0,0.8965412072475699
CS,1,Ours,2.0,0.15355329274507956
CS,1,PageRank,2.0,0.9895395819252757
CS,1,Degree,2.0,0.9963892868323443
CS,1,Betweenness,2.0,0.86554104807213
CS,2,Ours,2.0,0.16550810530787258
CS,2,PageRank,2.0,0.9924719675034156
CS,2,Degree,2.0,0.9965331849942273
CS,2,Betweenness,2.0,0.9002936692357233
CS,3,Ours,2.0,0.14108956153761268
CS,3,PageRank,2.0,0.9930696534748938
CS,3,Degree,2.0,0.9968150423194365
CS,3,Betweenness,2.0,0.9221091052508495
CS,4,Ours,2.0,0.1384681676132754
CS,4,PageRank,2.0,0.9915530605199901
CS,4,Degree,2.0,0.996577272621651
CS,4,Betweenness,2.0,0.8886705045479585
Physics,0,Ours,0.8,0.3671372134028141
Physics,0,PageRank,0.8,0.9620252946446972
Physics,0,Degree,0.8,0.9644027505235233
Physics,0,Betweenness,0.8,0.9565091023860087
Physics,1,Ours,0.8,0.48391680667966264
Physics,1,PageRank,0.8,0.9458552978850836
Physics,1,Degree,0.8,0.9471903876853244
Physics,1,Betweenness,0.8,0.9408890512857147
Physics,2,Ours,0.8,0.4685707657288228
Physics,2,PageRank,0.8,0.9495404767530433
Physics,2,Degree,0.8,0.9521634022966042
Physics,2,Betweenness,0.8,0.9445143636103851
Physics,3,Ours,0.8,0.3649878170366243
Physics,3,PageRank,0.8,0.9502660717149543
Physics,3,Degree,0.8,0.9494191636078869
Physics,3,Betweenness,0.8,0.9405187380354787
Physics,4,Ours,0.8,0.5093323570588167
Physics,4,PageRank,0.8,0.962780349713705
Physics,4,Degree,0.8,0.964752623300031
Physics,4,Betweenness,0.8,0.9582823013679761
Physics,0,Ours,0.9,0.26024163125628075
Physics,0,PageRank,0.9,0.98407689023177
Physics,0,Degree,0.9,0.9852180897739952
Physics,0,Betweenness,0.9,0.9809351620655463
Physics,1,Ours,0.9,0.3123439570802545
Physics,1,PageRank,0.9,0.9748986235279048
Physics,1,Degree,0.9,0.9752696899093258
Physics,1,Betweenness,0.9,0.9699655516334231
Physics,2,Ours,0.9,0.3764185486670534
Physics,2,PageRank,0.9,0.9783186095530801
Physics,2,Degree,0.9,0.9789961699891034
Physics,2,Betweenness,0.9,0.9759955160284739
Physics,3,Ours,0.9,0.28550337474907445
Physics,3,PageRank,0.9,0.9781295336139127
Physics,3,Degree,0.9,0.9784870193476993
Physics,3,Betweenness,0.9,0.9723940995213366
Physics,4,Ours,0.9,0.3906249400439683
Physics,4,PageRank,0.9,0.9838313592003809
Physics,4,Degree,0.9,0.9845850509345696
Physics,4,Betweenness,0.9,0.9797290115310027
Physics,0,Ours,1.0,0.21025978743853307
Physics,0,PageRank,1.0,0.9909021906126864
Physics,0,Degree,1.0,0.9915811457975112
Physics,0,Betweenness,1.0,0.9868109749164592
Physics,1,Ours,1.0,0.3930331522686273
Physics,1,PageRank,1.0,0.9869251466841684
Physics,1,Degree,1.0,0.9878902781351339
Physics,1,Betweenness,1.0,0.982989085262013
Physics,2,Ours,1.0,0.34460159776558313
Physics,2,PageRank,1.0,0.9876910570623122
Physics,2,Degree,1.0,0.9886785326668772
Physics,2,Betweenness,1.0,0.984477238251654
Physics,3,Ours,1.0,0.23279766984982703
Physics,3,PageRank,1.0,0.9887426429833194
Physics,3,Degree,1.0,0.9889290499876928
Physics,3,Betweenness,1.0,0.9842390216303992
Physics,4,Ours,1.0,0.21873830877041242
Physics,4,PageRank,1.0,0.989852396207052
Physics,4,Degree,1.0,0.9908495287274699
Physics,4,Betweenness,1.0,0.9853981537492005
Physics,0,Ours,1.1,0.21351178019691494
Physics,0,PageRank,1.1,0.9938799992636945
Physics,0,Degree,1.1,0.9944990338931162
Physics,0,Betweenness,1.1,0.9896507081418137
Physics,1,Ours,1.1,0.35063860374235944
Physics,1,PageRank,1.1,0.9913097580671851
Physics,1,Degree,1.1,0.9919584230896809
Physics,1,Betweenness,1.1,0.9862665280802522
Physics,2,Ours,1.1,0.28329589404687244
Physics,2,PageRank,1.1,0.9918499953702534
Physics,2,Degree,1.1,0.9926520158971601
Physics,2,Betweenness,1.1,0.9883829991284094
Physics,3,Ours,1.1,0.14021886801974207
Physics,3,PageRank,1.1,0.9927659541669305
Physics,3,Degree,1.1,0.9930476325181098
Physics,3,Betweenness,1.1,0.9874992034919913
Physics,4,Ours,1.1,0.22456497282405677
Physics,4,PageRank,1.1,0.9933241286408391
Physics,4,Degree,1.1,0.9940806606100145
Physics,4,Betweenness,1.1,0.9886729525879152
Physics,0,Ours,1.2,0.14338667424468077
Physics,0,PageRank,1.2,0.9953416953293285
Physics,0,Degree,1.2,0.9959598004518152
Physics,0,Betweenness,1.2,0.9864243563761048
Physics,1,Ours,1.2,0.2959566678968341
Physics,1,PageRank,1.2,0.9938256109855025
Physics,1,Degree,1.2,0.9943965286538605
Physics,1,Betweenness,1.2,0.9870765776856193
Physics,2,Ours,1.2,0.22245577253203186
Physics,2,PageRank,1.2,0.9939248917237589
Physics,2,Degree,1.2,0.9945936196474935
Physics,2,Betweenness,1.2,0.9872423548539876
Physics,3,Ours,1.2,0.1770565735261025
Physics,3,PageRank,1.2,0.9946110942029361
Physics,3,Degree,1.2,0.9949633791179815
Physics,3,Betweenness,1.2,0.9863441368831778
Physics,4,Ours,1.2,0.1835538931612909
Physics,4,PageRank,1.2,0.9949697898431125
Physics,4,Degree,1.2,0.9957111411223051
Physics,4,Betweenness,1.2,0.9873366272776581
Physics,0,Ours,1.5,0.1308651065586035
Physics,0,PageRank,1.5,0.9965138129081416
Physics,0,Degree,1.5,0.9978035083089954
Physics,0,Betweenness,1.5,0.9367083110506313
Physics,1,Ours,1.5,0.2156902099781116
Physics,1,PageRank,1.5,0.995560699646012
Physics,1,Degree,1.5,0.9970720004932755
Physics,1,Betweenness,1.5,0.9368058392631915
Physics,2,Ours,1.5,0.21267714328503648
Physics,2,PageRank,1.5,0.9955979808835186
Physics,2,Degree,1.5,0.9972497678409312
Physics,2,Betweenness,1.5,0.9353690984837834
Physics,3,Ours,1.5,0.13668740066651322
Physics,3,PageRank,1.5,0.9962934152772284
Physics,3,Degree,1.5,0.9974118269848342
Physics,3,Betweenness,1.5,0.9233114121429816
Physics,4,Ours,1.5,0.17591520282360182
Physics,4,PageRank,1.5,0.9963549878060259
Physics,4,Degree,1.5,0.9978526899811307
Physics,4,Betweenness,1.5,0.9293405109616105
Physics,0,Ours,2.0,0.11999028892240893
Physics,0,PageRank,2.0,0.9602757498103689
Physics,0,Degree,2.0,0.9977858524808111
Physics,0,Betweenness,2.0,0.7929139018617288
Physics,1,Ours,2.0,0.206114570582829
Physics,1,PageRank,2.0,0.9597605848358952
Physics,1,Degree,2.0,0.9972428932704206
Physics,1,Betweenness,2.0,0.8032567323755151
Physics,2,Ours,2.0,0.17968104149019254
Physics,2,PageRank,2.0,0.9511351293904439
Physics,2,Degree,2.0,0.9977030755357807
Physics,2,Betweenness,2.0,0.7958515696727814
Physics,3,Ours,2.0,0.15474069384213496
Physics,3,PageRank,2.0,0.963292095584059
Physics,3,Degree,2.0,0.9977718490911825
Physics,3,Betweenness,2.0,0.7743719191916492
Physics,4,Ours,2.0,0.1157657517282784
Physics,4,PageRank,2.0,0.9555314818859028
Physics,4,Degree,2.0,0.9979686703795171
Physics,4,Betweenness,2.0,0.774319404088205
