dataset,method,beta_scale,ratio,mean,std
CS,Betweenness,0.8,0.01,0.4454316439549024,0.0247511854015138
CS,Betweenness,0.8,0.05,0.5870708355657188,0.03578910113102692
CS,Betweenness,0.8,0.1,0.6186600579225539,0.037711121855823954
CS,Betweenness,0.9,0.01,0.6919679512737976,0.01623247365915228
CS,Betweenness,0.9,0.05,0.8222367273817381,0.016278123173189153
CS,Betweenness,0.9,0.1,0.8416650640675123,0.014409639307078576
CS,Betweenness,1.0,0.01,0.8434361345660595,0.011535057099447448
CS,Betweenness,1.0,0.05,0.9370551597498645,0.010774665943159066
CS,Betweenness,1.0,0.1,0.9471749936674293,0.008046670799826948
CS,Betweenness,1.1,0.01,0.8874683805394741,0.005448820860320082
CS,Betweenness,1.1,0.05,0.9753669907767936,0.003960939170367371
CS,Betweenness,1.1,0.1,0.9812219070407995,0.0025754711482529288
CS,Betweenness,1.2,0.01,0.848626443171345,0.011642139434074165
CS,Betweenness,1.2,0.05,0.9859020225867556,0.0021821436814102287
CS,Betweenness,1.2,0.1,0.9904577426850054,0.0012783272202621858
CS,Betweenness,1.5,0.01,0.5652084340787897,0.02591500524101565
CS,Betweenness,1.5,0.05,0.9884519662372154,0.0025358853936628123
CS,Betweenness,1.5,0.1,0.996319023553238,0.0006810085129126296
CS,Betweenness,2.0,0.01,0.29977049022531993,0.009975222626920702
CS,Betweenness,2.0,0.05,0.8946311068708462,0.020448189357013556
CS,Betweenness,2.0,0.1,0.9961625056034865,0.0009476378567059166
CS,Betweenness_Adaptive,0.8,0.01,0.435060294996031,0.03928407774971421
CS,Betweenness_Adaptive,0.8,0.05,0.584964262680239,0.039666864122951694
CS,Betweenness_Adaptive,0.8,0.1,0.6183729318835801,0.0381612460151905
CS,Betweenness_Adaptive,0.9,0.01,0.6985452007042529,0.01591410587801254
CS,Betweenness_Adaptive,0.9,0.05,0.8222706994252296,0.014466729506526704
CS,Betweenness_Adaptive,0.9,0.1,0.8432816917678773,0.014189761301835245
CS,Betweenness_Adaptive,1.0,0.01,0.8414796435776613,0.012581949481218378
CS,Betweenness_Adaptive,1.0,0.05,0.9360796716370201,0.010106837104336752
CS,Betweenness_Adaptive,1.0,0.1,0.946974397479803,0.008266416501748452
CS,Betweenness_Adaptive,1.1,0.01,0.8800399796965082,0.003583640306568589
CS,Betweenness_Adaptive,1.1,0.05,0.9758879626215767,0.003526130627901951
CS,Betweenness_Adaptive,1.1,0.1,0.9812468412120545,0.0025675088280486813
CS,Betweenness_Adaptive,1.2,0.01,0.8542119169210316,0.010123014780275892
CS,Betweenness_Adaptive,1.2,0.05,0.9858645835708952,0.002631792879923808
CS,Betweenness_Adaptive,1.2,0.1,0.9904073265907354,0.001298662548333836
CS,Betweenness_Adaptive,1.5,0.01,0.5621753976089718,0.018752922662680093
CS,Betweenness_Adaptive,1.5,0.05,0.9888740663558664,0.0024850374935475603
CS,Betweenness_Adaptive,1.5,0.1,0.9963575908438191,0.0006172795628950684
CS,Betweenness_Adaptive,2.0,0.01,0.29824561870356486,0.00591841490183589
CS,Betweenness_Adaptive,2.0,0.05,0.8952113376588005,0.02025672250487249
CS,Betweenness_Adaptive,2.0,0.1,0.9961383546395883,0.000977097290493637
CS,Degree,0.8,0.01,0.528093339257546,0.025478619157277938
CS,Degree,0.8,0.05,0.6221413206597934,0.028440313010000856
CS,Degree,0.8,0.1,0.6433907421441172,0.033006639897907475
CS,Degree,0.9,0.01,0.7797269659734519,0.009701566780943933
CS,Degree,0.9,0.05,0.8427201068343898,0.01068145641278392
CS,Degree,0.9,0.1,0.8545232743035795,0.009980465357561679
CS,Degree,1.0,0.01,0.9130222072920662,0.008340315069903232
CS,Degree,1.0,0.05,0.947635761345456,0.006654614294208121
CS,Degree,1.0,0.1,0.9525789486583095,0.006301222745061576
CS,Degree,1.1,0.01,0.9625847387080657,0.0019158174868251377
CS,Degree,1.1,0.05,0.9813856963589693,0.001611846902165672
CS,Degree,1.1,0.1,0.9836612260557388,0.0016744679813844542
CS,Degree,1.2,0.01,0.9707999830065018,0.0020386874192710133
CS,Degree,1.2,0.05,0.9903759817739243,0.0008290477261822142
CS,Degree,1.2,0.1,0.9919630458545893,0.0008494287436881779
CS,Degree,1.5,0.01,0.8471991728429031,0.009926238684248164
CS,Degree,1.5,0.05,0.9963746324889025,0.00024209655172655707
CS,Degree,1.5,0.1,0.99742694023443,0.0002439249061558048
CS,Degree,2.0,0.01,0.4165183851440002,0.013438550922185719
CS,Degree,2.0,0.05,0.996581061537842,0.00015323229349490085
CS,Degree,2.0,0.1,0.9987415875754729,8.465938506115149e-05
CS,Degree_Adaptive,0.8,0.01,0.527915005939049,0.025297389749417313
CS,Degree_Adaptive,0.8,0.05,0.6217411865472737,0.0320882573382587
CS,Degree_Adaptive,0.8,0.1,0.6442243072547621,0.03009432661375556
CS,Degree_Adaptive,0.9,0.01,0.7806476622370624,0.008126121393192914
CS,Degree_Adaptive,0.9,0.05,0.8434801459487472,0.00881707653293722
CS,Degree_Adaptive,0.9,0.1,0.8549849975959907,0.010609302630025397
CS,Degree_Adaptive,1.0,0.01,0.9146183119568398,0.007327816765076126
CS,Degree_Adaptive,1.0,0.05,0.9471803717010185,0.00652071996737072
CS,Degree_Adaptive,1.0,0.1,0.9524185747064404,0.006441978764806998
CS,Degree_Adaptive,1.1,0.01,0.9608951242248093,0.0021774023970510684
CS,Degree_Adaptive,1.1,0.05,0.9812307192655304,0.0018471269550420734
CS,Degree_Adaptive,1.1,0.1,0.9836986720054781,0.0016141051418475756
CS,Degree_Adaptive,1.2,0.01,0.970653928545846,0.0013568597343310237
CS,Degree_Adaptive,1.2,0.05,0.9903111131357558,0.00090618588783653
CS,Degree_Adaptive,1.2,0.1,0.9918648285362373,0.0007828396603191316
CS,Degree_Adaptive,1.5,0.01,0.8503115173565792,0.011641683025365118
CS,Degree_Adaptive,1.5,0.05,0.9963921460512646,0.00019229177189539394
CS,Degree_Adaptive,1.5,0.1,0.9974220406769005,0.00023861538886814408
CS,Degree_Adaptive,2.0,0.01,0.41704089510107634,0.02453243642990119
CS,Degree_Adaptive,2.0,0.05,0.9965905242048898,0.00019312523109618065
CS,Degree_Adaptive,2.0,0.1,0.9987286960943447,0.00010484483650286218
CS,Ours,0.8,0.01,0.031079260497685834,0.06179697622485823
CS,Ours,0.8,0.05,0.20143097979502472,0.05141455067509619
CS,Ours,0.8,0.1,0.31135092176808066,0.04776388416047773
CS,Ours,0.9,0.01,0.15825067949904342,0.05706169820930022
CS,Ours,0.9,0.05,0.4360970560256171,0.03834815725195734
CS,Ours,0.9,0.1,0.5802003530413308,0.03023862654601903
CS,Ours,1.0,0.01,0.13511118902501107,0.0725804542297157
CS,Ours,1.0,0.05,0.5336274668259869,0.04727779837983771
CS,Ours,1.0,0.1,0.7385167745837793,0.02156581489210146
CS,Ours,1.1,0.01,0.12853261566919005,0.060835111249651054
CS,Ours,1.1,0.05,0.5075455124508615,0.019318028605761504
CS,Ours,1.1,0.1,0.7554183689511962,0.021104667199380197
CS,Ours,1.2,0.01,0.06665875506645647,0.021273060900073592
CS,Ours,1.2,0.05,0.3892208861404337,0.01092339357589275
CS,Ours,1.2,0.1,0.6744329698323838,0.032534166046020586
CS,Ours,1.5,0.01,0.049213155176694,0.04554157736109607
CS,Ours,1.5,0.05,0.2544151576101327,0.024999640966442395
CS,Ours,1.5,0.1,0.441889549104832,0.03298323244160533
CS,Ours,2.0,0.01,0.0321320951580457,0.008453208072811613
CS,Ours,2.0,0.05,0.14694565004939258,0.012367472315382681
CS,Ours,2.0,0.1,0.2987536595478099,0.01658912044102519
CS,Ours_Adaptive,0.8,0.01,0.04109473545186569,0.08791252661722637
CS,Ours_Adaptive,0.8,0.05,0.2141408815108782,0.02677024680497975
CS,Ours_Adaptive,0.8,0.1,0.31108689260327965,0.04825992195116694
CS,Ours_Adaptive,0.9,0.01,0.1885843628792639,0.057407822589656626
CS,Ours_Adaptive,0.9,0.05,0.4492534644665076,0.030121995897372238
CS,Ours_Adaptive,0.9,0.1,0.594497793149696,0.04173105516798506
CS,Ours_Adaptive,1.0,0.01,0.14957972656927992,0.07626383191244336
CS,Ours_Adaptive,1.0,0.05,0.5245890314550203,0.040156596784090434
CS,Ours_Adaptive,1.0,0.1,0.7380291067449131,0.026238719763758266
CS,Ours_Adaptive,1.1,0.01,0.12453108688110473,0.049425033556127505
CS,Ours_Adaptive,1.1,0.05,0.5022630945974484,0.012082486954660552
CS,Ours_Adaptive,1.1,0.1,0.7523117612602085,0.031724837395489064
CS,Ours_Adaptive,1.2,0.01,0.07259403276421003,0.023311986528373893
CS,Ours_Adaptive,1.2,0.05,0.4075435312765901,0.024670730330824266
CS,Ours_Adaptive,1.2,0.1,0.6735699195090546,0.030200639447070552
CS,Ours_Adaptive,1.5,0.01,0.06613638762770212,0.024207447264515982
CS,Ours_Adaptive,1.5,0.05,0.2497331862925855,0.012351839169176046
CS,Ours_Adaptive,1.5,0.1,0.45477212987129445,0.029005007817950602
CS,Ours_Adaptive,2.0,0.01,0.022864262736820278,0.025165503430993684
CS,Ours_Adaptive,2.0,0.05,0.16066836372389925,0.012592472979946477
CS,Ours_Adaptive,2.0,0.1,0.2978214227268426,0.02661609374011387
CS,PageRank,0.8,0.01,0.5107563900701632,0.028635499219814398
CS,PageRank,0.8,0.05,0.6173856138761079,0.03378379604844465
CS,PageRank,0.8,0.1,0.6425092517595615,0.029287416438215193
CS,PageRank,0.9,0.01,0.7696435613271634,0.008406408379814923
CS,PageRank,0.9,0.05,0.8392748538782845,0.009512285416599722
CS,PageRank,0.9,0.1,0.8543436845956759,0.009388578777172588
CS,PageRank,1.0,0.01,0.9039234242322394,0.007674069393996526
CS,PageRank,1.0,0.05,0.9458899830717143,0.0066214928576245205
CS,PageRank,1.0,0.1,0.9525583230765096,0.006017447054976055
CS,PageRank,1.1,0.01,0.9518029231496381,0.002757898712014781
CS,PageRank,1.1,0.05,0.9802909729873172,0.0017714122812677354
CS,PageRank,1.1,0.1,0.9836081458974253,0.001723305942216204
CS,PageRank,1.2,0.01,0.9565279057102959,0.001425012251107608
CS,PageRank,1.2,0.05,0.9898128657295473,0.0008946735478913343
CS,PageRank,1.2,0.1,0.9918268101736023,0.0008338786775449816
CS,PageRank,1.5,0.01,0.7845114877658987,0.0141328975747068
CS,PageRank,1.5,0.05,0.9957663673590433,0.0004104238266979597
CS,PageRank,1.5,0.1,0.9973819498532477,0.00022439029436363615
CS,PageRank,2.0,0.01,0.42252803647574266,0.00893298740110286
CS,PageRank,2.0,0.05,0.9920347932501562,0.0015799490360986395
CS,PageRank,2.0,0.1,0.9986712914903514,0.00011964960807720746
CS,PageRank_Adaptive,0.8,0.01,0.5130707433492872,0.02955808921797512
CS,PageRank_Adaptive,0.8,0.05,0.6173049919013426,0.035199654350706946
CS,PageRank_Adaptive,0.8,0.1,0.6424096297552719,0.031024797436272265
CS,PageRank_Adaptive,0.9,0.01,0.7691787504875481,0.006874122599721866
CS,PageRank_Adaptive,0.9,0.05,0.8386658947358858,0.011338361898688384
CS,PageRank_Adaptive,0.9,0.1,0.8548550098054379,0.009661861091729623
CS,PageRank_Adaptive,1.0,0.01,0.9038604470726561,0.009755514722976318
CS,PageRank_Adaptive,1.0,0.05,0.9459731561994007,0.0070308900662003305
CS,PageRank_Adaptive,1.0,0.1,0.9524374321151979,0.005962837222876389
CS,PageRank_Adaptive,1.1,0.01,0.9520311732610637,0.002657758040580388
CS,PageRank_Adaptive,1.1,0.05,0.9805218443952695,0.0017656896155969248
CS,PageRank_Adaptive,1.1,0.1,0.9836450457474635,0.0016323716315715562
CS,PageRank_Adaptive,1.2,0.01,0.9568306580178587,0.0031877057227118373
CS,PageRank_Adaptive,1.2,0.05,0.9898490763985217,0.0009214320695303097
CS,PageRank_Adaptive,1.2,0.1,0.9917966111038415,0.0007785566216372124
CS,PageRank_Adaptive,1.5,0.01,0.7764568278524642,0.01560693583151607
CS,PageRank_Adaptive,1.5,0.05,0.9958209943471565,0.0004796027015533616
CS,PageRank_Adaptive,1.5,0.1,0.9973449872449063,0.00023420917773729822
CS,PageRank_Adaptive,2.0,0.01,0.42324022352538543,0.009244942414017554
CS,PageRank_Adaptive,2.0,0.05,0.9919023979200388,0.0013963662778006384
CS,PageRank_Adaptive,2.0,0.1,0.9986747003181679,0.00010048122662383968
CiteSeer,Betweenness,0.8,0.01,0.35445111121988315,0.055689469849960295
CiteSeer,Betweenness,0.8,0.05,0.45635092298616425,0.08025786236758892
CiteSeer,Betweenness,0.8,0.1,0.46317751669018614,0.08239392395491765
CiteSeer,Betweenness,0.9,0.01,0.4163387640316662,0.05198193186083814
CiteSeer,Betweenness,0.9,0.05,0.5271188372244446,0.07562864157532134
CiteSeer,Betweenness,0.9,0.1,0.5482280811159796,0.08440760493575301
CiteSeer,Betweenness,1.0,0.01,0.4748511863023719,0.04326612829650029
CiteSeer,Betweenness,1.0,0.05,0.6106631017042894,0.08528824205669794
CiteSeer,Betweenness,1.0,0.1,0.6277762814842365,0.0922546930790533
CiteSeer,Betweenness,1.1,0.01,0.48481637418341883,0.027274076595457598
CiteSeer,Betweenness,1.1,0.05,0.6630858031154284,0.04893676809633088
CiteSeer,Betweenness,1.1,0.1,0.6935827753159659,0.055723712941003985
CiteSeer,Betweenness,1.2,0.01,0.49116089666176227,0.01691461319219371
CiteSeer,Betweenness,1.2,0.05,0.685751053358171,0.03899399485580514
CiteSeer,Betweenness,1.2,0.1,0.7219093290613883,0.03872633226618685
CiteSeer,Betweenness,1.5,0.01,0.5209227278233748,0.023567776233494864
CiteSeer,Betweenness,1.5,0.05,0.7374644047734432,0.015722403239448915
CiteSeer,Betweenness,1.5,0.1,0.7942477994915753,0.024018149958599348
CiteSeer,Betweenness,2.0,0.01,0.5893490359882796,0.04551414168397851
CiteSeer,Betweenness,2.0,0.05,0.7904671406261968,0.016660618067471045
CiteSeer,Betweenness,2.0,0.1,0.8586247443160122,0.008567593427712732
CiteSeer,Betweenness_Adaptive,0.8,0.01,0.36215131694825475,0.04536226671955447
CiteSeer,Betweenness_Adaptive,0.8,0.05,0.44737189282322587,0.06900194131367111
CiteSeer,Betweenness_Adaptive,0.8,0.1,0.4654748845594162,0.08286536566151514
CiteSeer,Betweenness_Adaptive,0.9,0.01,0.4162961872222385,0.05069147872880387
CiteSeer,Betweenness_Adaptive,0.9,0.05,0.5288634744937429,0.08493553574526498
CiteSeer,Betweenness_Adaptive,0.9,0.1,0.5470667064194259,0.08112026399576686
CiteSeer,Betweenness_Adaptive,1.0,0.01,0.4738956882817284,0.052250623128522224
CiteSeer,Betweenness_Adaptive,1.0,0.05,0.6123184344709399,0.08425616782598895
CiteSeer,Betweenness_Adaptive,1.0,0.1,0.634368461344539,0.08403348901105591
CiteSeer,Betweenness_Adaptive,1.1,0.01,0.4964902831635946,0.030834586729053762
CiteSeer,Betweenness_Adaptive,1.1,0.05,0.655926962348739,0.04821028111263504
CiteSeer,Betweenness_Adaptive,1.1,0.1,0.6941456476625826,0.05682663026706681
CiteSeer,Betweenness_Adaptive,1.2,0.01,0.5073902403405424,0.028156620712401433
CiteSeer,Betweenness_Adaptive,1.2,0.05,0.6764319900050848,0.03945774420967091
CiteSeer,Betweenness_Adaptive,1.2,0.1,0.7244536060505422,0.04589004306637596
CiteSeer,Betweenness_Adaptive,1.5,0.01,0.5255371711044405,0.021164808655349015
CiteSeer,Betweenness_Adaptive,1.5,0.05,0.7370281071885894,0.020709239980605955
CiteSeer,Betweenness_Adaptive,1.5,0.1,0.7970543793391085,0.02121055555857873
CiteSeer,Betweenness_Adaptive,2.0,0.01,0.5809202545736946,0.038935519745427215
CiteSeer,Betweenness_Adaptive,2.0,0.05,0.7911130866186031,0.01583697895100034
CiteSeer,Betweenness_Adaptive,2.0,0.1,0.8610477342673584,0.009699931867824701
CiteSeer,Degree,0.8,0.01,0.4985223127357828,0.0974375704361436
CiteSeer,Degree,0.8,0.05,0.5375984648723027,0.10190390517652811
CiteSeer,Degree,0.8,0.1,0.5461257103952537,0.09416865603193167
CiteSeer,Degree,0.9,0.01,0.5832666351151842,0.10511310996733925
CiteSeer,Degree,0.9,0.05,0.6277094648239324,0.10094225589221642
CiteSeer,Degree,0.9,0.1,0.6378928913180785,0.09434952550084705
CiteSeer,Degree,1.0,0.01,0.6698690789037783,0.09481976112999141
CiteSeer,Degree,1.0,0.05,0.7130388046038452,0.09650090202729361
CiteSeer,Degree,1.0,0.1,0.7269141909804046,0.08778466349983362
CiteSeer,Degree,1.1,0.01,0.7300778328146975,0.06687186383156454
CiteSeer,Degree,1.1,0.05,0.7754089235402221,0.0686092725800949
CiteSeer,Degree,1.1,0.1,0.7881656429123759,0.0636772533916381
CiteSeer,Degree,1.2,0.01,0.7637215568614641,0.05073612273559825
CiteSeer,Degree,1.2,0.05,0.8158205220044079,0.05477336996337933
CiteSeer,Degree,1.2,0.1,0.8286234254398147,0.04956626222504447
CiteSeer,Degree,1.5,0.01,0.8237451303816012,0.031570221208423045
CiteSeer,Degree,1.5,0.05,0.8945580647485706,0.029497288544398096
CiteSeer,Degree,1.5,0.1,0.9063071497289513,0.02529021553067152
CiteSeer,Degree,2.0,0.01,0.7981821192000027,0.035985913379855
CiteSeer,Degree,2.0,0.05,0.9484051944202072,0.011706980450990695
CiteSeer,Degree,2.0,0.1,0.9588400236663397,0.008117157152940289
CiteSeer,Degree_Adaptive,0.8,0.01,0.5027337505368701,0.09395742214987333
CiteSeer,Degree_Adaptive,0.8,0.05,0.5368909970477256,0.1001381907177477
CiteSeer,Degree_Adaptive,0.8,0.1,0.5453866970651741,0.0941793137271275
CiteSeer,Degree_Adaptive,0.9,0.01,0.5824303874006296,0.0987341739939176
CiteSeer,Degree_Adaptive,0.9,0.05,0.6268744021089081,0.10272134032641633
CiteSeer,Degree_Adaptive,0.9,0.1,0.6390415803811893,0.0938305628985757
CiteSeer,Degree_Adaptive,1.0,0.01,0.6689806326406704,0.09600954945561334
CiteSeer,Degree_Adaptive,1.0,0.05,0.7142655595934894,0.09417687900848165
CiteSeer,Degree_Adaptive,1.0,0.1,0.7278433965027961,0.09019159547216536
CiteSeer,Degree_Adaptive,1.1,0.01,0.7277211627940605,0.06830360292461427
CiteSeer,Degree_Adaptive,1.1,0.05,0.7751023946465967,0.0688640033231881
CiteSeer,Degree_Adaptive,1.1,0.1,0.7889050416339652,0.062303490022298375
CiteSeer,Degree_Adaptive,1.2,0.01,0.7637563082153237,0.05448362180328998
CiteSeer,Degree_Adaptive,1.2,0.05,0.8156774316849551,0.055023624743062986
CiteSeer,Degree_Adaptive,1.2,0.1,0.8279082976733767,0.04838561013717844
CiteSeer,Degree_Adaptive,1.5,0.01,0.8238619683778886,0.03676979960682729
CiteSeer,Degree_Adaptive,1.5,0.05,0.8937691536682628,0.030208671706341235
CiteSeer,Degree_Adaptive,1.5,0.1,0.9060730884597131,0.02549632304750386
CiteSeer,Degree_Adaptive,2.0,0.01,0.797571233217468,0.03334094127517364
CiteSeer,Degree_Adaptive,2.0,0.05,0.9488770501089195,0.011161470279031053
CiteSeer,Degree_Adaptive,2.0,0.1,0.9589564921816744,0.008309182827522603
CiteSeer,Ours,0.8,0.01,0.007606464531961269,0.02846462600157252
CiteSeer,Ours,0.8,0.05,0.056684396428545704,0.04326119368787696
CiteSeer,Ours,0.8,0.1,0.05805681643296131,0.06815393711969432
CiteSeer,Ours,0.9,0.01,0.0011491885513859907,0.04015635496357337
CiteSeer,Ours,0.9,0.05,0.04959660282840752,0.032120783281207085
CiteSeer,Ours,0.9,0.1,0.11117349621565012,0.06113960328544677
CiteSeer,Ours,1.0,0.01,0.0328910371128735,0.010342088610935225
CiteSeer,Ours,1.0,0.05,0.1009379549854551,0.05351784954262694
CiteSeer,Ours,1.0,0.1,0.16284458057991497,0.05307738226570249
CiteSeer,Ours,1.1,0.01,0.029526796092058372,0.06694733560234233
CiteSeer,Ours,1.1,0.05,0.12891770138418857,0.062359443299689316
CiteSeer,Ours,1.1,0.1,0.20341087158531926,0.054681207584316854
CiteSeer,Ours,1.2,0.01,0.007576968098409355,0.053716459291182836
CiteSeer,Ours,1.2,0.05,0.09965989798770067,0.048861750561340414
CiteSeer,Ours,1.2,0.1,0.18864937191246173,0.043970420923020594
CiteSeer,Ours,1.5,0.01,0.03402529853220789,0.03697868541018338
CiteSeer,Ours,1.5,0.05,0.137274264235754,0.05751439836319169
CiteSeer,Ours,1.5,0.1,0.2412165390227384,0.017399552856123927
CiteSeer,Ours,2.0,0.01,0.0530628267026674,0.03674750338016983
CiteSeer,Ours,2.0,0.05,0.19010561727240324,0.03784765082273936
CiteSeer,Ours,2.0,0.1,0.3454789448459538,0.02904937136628832
CiteSeer,Ours_Adaptive,0.8,0.01,0.03777950234367757,0.06485268862427586
CiteSeer,Ours_Adaptive,0.8,0.05,0.04936423822706202,0.05283984180777224
CiteSeer,Ours_Adaptive,0.8,0.1,0.09245818109302842,0.04993380043557298
CiteSeer,Ours_Adaptive,0.9,0.01,-0.01527503275788814,0.029063034771954238
CiteSeer,Ours_Adaptive,0.9,0.05,0.05619061614001695,0.045849251982785194
CiteSeer,Ours_Adaptive,0.9,0.1,0.11272667385911964,0.045531494199411916
CiteSeer,Ours_Adaptive,1.0,0.01,0.020594692023948504,0.031725578392298996
CiteSeer,Ours_Adaptive,1.0,0.05,0.08885223036179081,0.048010739154397845
CiteSeer,Ours_Adaptive,1.0,0.1,0.16030333413918776,0.0790020963624973
CiteSeer,Ours_Adaptive,1.1,0.01,0.03086251631004463,0.02644275896364675
CiteSeer,Ours_Adaptive,1.1,0.05,0.09953128353750697,0.05689606615481898
CiteSeer,Ours_Adaptive,1.1,0.1,0.18430848663863433,0.0746494371357254
CiteSeer,Ours_Adaptive,1.2,0.01,0.024005586430508846,0.0805398376677789
CiteSeer,Ours_Adaptive,1.2,0.05,0.07256182480453721,0.07189924740330203
CiteSeer,Ours_Adaptive,1.2,0.1,0.1900339864102464,0.058332879825058186
CiteSeer,Ours_Adaptive,1.5,0.01,0.0413934065550431,0.0547328337153951
CiteSeer,Ours_Adaptive,1.5,0.05,0.12567269547784696,0.05529536766547393
CiteSeer,Ours_Adaptive,1.5,0.1,0.25721497536777765,0.027336837540081625
CiteSeer,Ours_Adaptive,2.0,0.01,0.05278109908884153,0.04239081983974917
CiteSeer,Ours_Adaptive,2.0,0.05,0.18987964970633114,0.03410527638421594
CiteSeer,Ours_Adaptive,2.0,0.1,0.34374379369383984,0.02765013877057406
CiteSeer,PageRank,0.8,0.01,0.4879422244038814,0.08730279736661191
CiteSeer,PageRank,0.8,0.05,0.541741210017778,0.09471125619660462
CiteSeer,PageRank,0.8,0.1,0.549164103788787,0.09188531610484925
CiteSeer,PageRank,0.9,0.01,0.5739092559697727,0.0878181580892026
CiteSeer,PageRank,0.9,0.05,0.6291134331836641,0.09600694000283116
CiteSeer,PageRank,0.9,0.1,0.6441895010603834,0.09151585436901105
CiteSeer,PageRank,1.0,0.01,0.6590733793983865,0.08953023839715997
CiteSeer,PageRank,1.0,0.05,0.7158671288407722,0.09095333475285525
CiteSeer,PageRank,1.0,0.1,0.7314536498754396,0.08510370881686903
CiteSeer,PageRank,1.1,0.01,0.7175276229182096,0.058240545308034145
CiteSeer,PageRank,1.1,0.05,0.7764172724208734,0.0649084489906326
CiteSeer,PageRank,1.1,0.1,0.7916975373425007,0.05809181802235439
CiteSeer,PageRank,1.2,0.01,0.74583914279348,0.04481234877179018
CiteSeer,PageRank,1.2,0.05,0.8172844206338826,0.05110573589307872
CiteSeer,PageRank,1.2,0.1,0.8313038581980645,0.04693877991163291
CiteSeer,PageRank,1.5,0.01,0.7968678874654316,0.030078910389785076
CiteSeer,PageRank,1.5,0.05,0.8935077148838577,0.026497568525584693
CiteSeer,PageRank,1.5,0.1,0.908048435456157,0.02419116210123692
CiteSeer,PageRank,2.0,0.01,0.7504148888668218,0.0411904336869037
CiteSeer,PageRank,2.0,0.05,0.9444546297020942,0.008332015319185673
CiteSeer,PageRank,2.0,0.1,0.9596157845220376,0.007497188896694672
CiteSeer,PageRank_Adaptive,0.8,0.01,0.49057122353111093,0.08927610560216971
CiteSeer,PageRank_Adaptive,0.8,0.05,0.540905548562122,0.09751528745436523
CiteSeer,PageRank_Adaptive,0.8,0.1,0.5510750607874568,0.08959787055776001
CiteSeer,PageRank_Adaptive,0.9,0.01,0.573792244177621,0.09186443717331244
CiteSeer,PageRank_Adaptive,0.9,0.05,0.6313682618352803,0.09675128034777934
CiteSeer,PageRank_Adaptive,0.9,0.1,0.6431883569234234,0.09180873827205417
CiteSeer,PageRank_Adaptive,1.0,0.01,0.6595310004675322,0.08797218738513055
CiteSeer,PageRank_Adaptive,1.0,0.05,0.7151803730773857,0.09271646110391933
CiteSeer,PageRank_Adaptive,1.0,0.1,0.7319109418151561,0.08328563069022123
CiteSeer,PageRank_Adaptive,1.1,0.01,0.7130801621323197,0.05811166792628444
CiteSeer,PageRank_Adaptive,1.1,0.05,0.7770223026045716,0.06450880808583659
CiteSeer,PageRank_Adaptive,1.1,0.1,0.7916862041116388,0.059847598075619915
CiteSeer,PageRank_Adaptive,1.2,0.01,0.7460978340423675,0.04460161579746281
CiteSeer,PageRank_Adaptive,1.2,0.05,0.816556576684573,0.05174637610528953
CiteSeer,PageRank_Adaptive,1.2,0.1,0.831512943956145,0.04571313965418553
CiteSeer,PageRank_Adaptive,1.5,0.01,0.798628212013,0.029842879542930325
CiteSeer,PageRank_Adaptive,1.5,0.05,0.8924912879823218,0.027200610828157716
CiteSeer,PageRank_Adaptive,1.5,0.1,0.9079570879894414,0.023574345725269175
CiteSeer,PageRank_Adaptive,2.0,0.01,0.7482695729233556,0.04083822457617937
CiteSeer,PageRank_Adaptive,2.0,0.05,0.944213095230506,0.008092768474795845
CiteSeer,PageRank_Adaptive,2.0,0.1,0.9599605265245204,0.007210964290395582
Computers,Betweenness,0.8,0.01,0.19220558272332852,0.02871345531420016
Computers,Betweenness,0.8,0.05,0.21297747129936764,0.029033750236839784
Computers,Betweenness,0.8,0.1,0.20406226150732848,0.042767242912617166
Computers,Betweenness,0.9,0.01,0.2945199577924109,0.04205125513026725
Computers,Betweenness,0.9,0.05,0.3230013769310361,0.03613875678466047
Computers,Betweenness,0.9,0.1,0.3222166222617234,0.04971158442550214
Computers,Betweenness,1.0,0.01,0.434551613336268,0.03978396972447272
Computers,Betweenness,1.0,0.05,0.47590945392682277,0.03869196422955583
Computers,Betweenness,1.0,0.1,0.4826322701259718,0.04463891110377973
Computers,Betweenness,1.1,0.01,0.5989322587405514,0.03833664073226384
Computers,Betweenness,1.1,0.05,0.6496305319184741,0.027733397768641702
Computers,Betweenness,1.1,0.1,0.6575564144721798,0.03741051065054017
Computers,Betweenness,1.2,0.01,0.7171619720902676,0.01509443097855907
Computers,Betweenness,1.2,0.05,0.7652823285985872,0.021314930925068944
Computers,Betweenness,1.2,0.1,0.7742058851572124,0.030139912949331552
Computers,Betweenness,1.5,0.01,0.8790509020929729,0.007889458611753563
Computers,Betweenness,1.5,0.05,0.9344693831660644,0.00534739834919381
Computers,Betweenness,1.5,0.1,0.9437460772661416,0.006614100728894511
Computers,Betweenness,2.0,0.01,0.7452045598337255,0.03225032376802565
Computers,Betweenness,2.0,0.05,0.9551988053754463,0.0059324495297959
Computers,Betweenness,2.0,0.1,0.9798023898849367,0.0010831611497126251
Computers,Betweenness_Adaptive,0.8,0.01,0.19400399535706647,0.029192637869112692
Computers,Betweenness_Adaptive,0.8,0.05,0.21775658180079308,0.03382149034938032
Computers,Betweenness_Adaptive,0.8,0.1,0.20379156675226423,0.041261727545925116
Computers,Betweenness_Adaptive,0.9,0.01,0.29081836643959874,0.04320709686349095
Computers,Betweenness_Adaptive,0.9,0.05,0.3263030205245846,0.035867690601325
Computers,Betweenness_Adaptive,0.9,0.1,0.32121428212439673,0.04956089900977253
Computers,Betweenness_Adaptive,1.0,0.01,0.4353529404946518,0.0455430452941735
Computers,Betweenness_Adaptive,1.0,0.05,0.4769740315573502,0.038217695237827504
Computers,Betweenness_Adaptive,1.0,0.1,0.4822868222460608,0.04751628019679428
Computers,Betweenness_Adaptive,1.1,0.01,0.6031037679298629,0.03429639323991013
Computers,Betweenness_Adaptive,1.1,0.05,0.6458711561749623,0.02669909501924124
Computers,Betweenness_Adaptive,1.1,0.1,0.6585036523629185,0.034901171618014835
Computers,Betweenness_Adaptive,1.2,0.01,0.7162667248866029,0.022507585525583018
Computers,Betweenness_Adaptive,1.2,0.05,0.7633826465412875,0.02331556505459248
Computers,Betweenness_Adaptive,1.2,0.1,0.7744886697794232,0.029388299896705924
Computers,Betweenness_Adaptive,1.5,0.01,0.8781235634006903,0.010541520764599093
Computers,Betweenness_Adaptive,1.5,0.05,0.9345880812130984,0.005194965993131528
Computers,Betweenness_Adaptive,1.5,0.1,0.9441372613238028,0.007032230647105772
Computers,Betweenness_Adaptive,2.0,0.01,0.7583162262397035,0.021400452907390725
Computers,Betweenness_Adaptive,2.0,0.05,0.9562516416591015,0.0035237804526218495
Computers,Betweenness_Adaptive,2.0,0.1,0.980419669672288,0.001370457288000236
Computers,Degree,0.8,0.01,0.24510220268918986,0.03990091833277119
Computers,Degree,0.8,0.05,0.25841255903882115,0.04369975684918848
Computers,Degree,0.8,0.1,0.23628637096219682,0.044039338312335814
Computers,Degree,0.9,0.01,0.35232671806033317,0.04434044090019148
Computers,Degree,0.9,0.05,0.37276141556885733,0.05287113160848155
Computers,Degree,0.9,0.1,0.3539839482429471,0.05340872607803396
Computers,Degree,1.0,0.01,0.5009497220083017,0.043293000350644706
Computers,Degree,1.0,0.05,0.522456923333855,0.04934706103174687
Computers,Degree,1.0,0.1,0.511550742821741,0.04890399640354951
Computers,Degree,1.1,0.01,0.6672682129468128,0.03465977919565952
Computers,Degree,1.1,0.05,0.686225697411758,0.03862971349684329
Computers,Degree,1.1,0.1,0.6798315402116389,0.03918551508334952
Computers,Degree,1.2,0.01,0.7781851905903235,0.02945153174641435
Computers,Degree,1.2,0.05,0.7948647302060078,0.032210948496453735
Computers,Degree,1.2,0.1,0.7910508940435408,0.03279172591074574
Computers,Degree,1.5,0.01,0.9432700060354786,0.0062278576382442255
Computers,Degree,1.5,0.05,0.9508710830679836,0.007985019181678057
Computers,Degree,1.5,0.1,0.95053096519554,0.008242407047243246
Computers,Degree,2.0,0.01,0.9790215542531102,0.001734478649381569
Computers,Degree,2.0,0.05,0.9851090473902209,0.0018486745578866481
Computers,Degree,2.0,0.1,0.9855837142487547,0.0018219271980323764
Computers,Degree_Adaptive,0.8,0.01,0.24440135916921032,0.038946821550415386
Computers,Degree_Adaptive,0.8,0.05,0.2593948274053457,0.04356528517319813
Computers,Degree_Adaptive,0.8,0.1,0.23426247654545668,0.044837461814141506
Computers,Degree_Adaptive,0.9,0.01,0.3502168753571936,0.04214151726528689
Computers,Degree_Adaptive,0.9,0.05,0.37255606996763735,0.0538045071773378
Computers,Degree_Adaptive,0.9,0.1,0.3540819592153944,0.05322103630096205
Computers,Degree_Adaptive,1.0,0.01,0.5016401553491974,0.04226567769181292
Computers,Degree_Adaptive,1.0,0.05,0.5235582425542675,0.048656361228167896
Computers,Degree_Adaptive,1.0,0.1,0.5107338049449759,0.04777954818801174
Computers,Degree_Adaptive,1.1,0.01,0.6677883018356359,0.03469215633725145
Computers,Degree_Adaptive,1.1,0.05,0.685764081060594,0.03991634252895029
Computers,Degree_Adaptive,1.1,0.1,0.6798843580932956,0.03919734695040433
Computers,Degree_Adaptive,1.2,0.01,0.7788071705349048,0.02839181499179208
Computers,Degree_Adaptive,1.2,0.05,0.7949423323870289,0.0326139730781706
Computers,Degree_Adaptive,1.2,0.1,0.791317176286501,0.03287079307064371
Computers,Degree_Adaptive,1.5,0.01,0.9435443716103421,0.007221921915073375
Computers,Degree_Adaptive,1.5,0.05,0.950579321519319,0.00813122375358447
Computers,Degree_Adaptive,1.5,0.1,0.9506542071537393,0.007810957024558717
Computers,Degree_Adaptive,2.0,0.01,0.9790490708868858,0.001185630867546369
Computers,Degree_Adaptive,2.0,0.05,0.9852287781605005,0.0018156166352926329
Computers,Degree_Adaptive,2.0,0.1,0.9856233771646817,0.0017791024072465879
Computers,Ours,0.8,0.01,-0.01087132792243026,0.032799983954906194
Computers,Ours,0.8,0.05,-0.009459576452260336,0.03685959411165252
Computers,Ours,0.8,0.1,-0.012618341691327839,0.040205879578368665
Computers,Ours,0.9,0.01,-0.0008282703703641981,0.055151464625056046
Computers,Ours,0.9,0.05,0.006142350683056626,0.05008248215959795
Computers,Ours,0.9,0.1,0.03991801582450553,0.06060010573967502
Computers,Ours,1.0,0.01,0.04002582227449884,0.1133241157571642
Computers,Ours,1.0,0.05,0.0689080558512997,0.07378386877398754
Computers,Ours,1.0,0.1,0.17930579671794117,0.049306505136703226
Computers,Ours,1.1,0.01,0.08725250030796428,0.025792217630230513
Computers,Ours,1.1,0.05,0.2095993673197884,0.05644237785260868
Computers,Ours,1.1,0.1,0.34197991801601135,0.0668850039283745
Computers,Ours,1.2,0.01,0.005096141904289425,0.10475184273309764
Computers,Ours,1.2,0.05,0.21390900398578783,0.040752852314283786
Computers,Ours,1.2,0.1,0.43406253327909283,0.05954224847607797
Computers,Ours,1.5,0.01,0.08868346622574082,0.046353358500036294
Computers,Ours,1.5,0.05,0.26996309476039737,0.03931976803583784
Computers,Ours,1.5,0.1,0.4959378314651525,0.031875301802213936
Computers,Ours,2.0,0.01,0.0313932951402965,0.023518216385466122
Computers,Ours,2.0,0.05,0.1953229581162916,0.028255272006725368
Computers,Ours,2.0,0.1,0.3783141059266311,0.03453212496408219
Computers,Ours_Adaptive,0.8,0.01,-0.006556834937169705,0.027931960228192138
Computers,Ours_Adaptive,0.8,0.05,-0.018669723152507946,0.025692492174514026
Computers,Ours_Adaptive,0.8,0.1,-0.009678298750895308,0.03459102648889271
Computers,Ours_Adaptive,0.9,0.01,0.00630491390636536,0.04980223891601472
Computers,Ours_Adaptive,0.9,0.05,0.03911205332372995,0.051452121400483636
Computers,Ours_Adaptive,0.9,0.1,0.06406465750325667,0.04649395711435582
Computers,Ours_Adaptive,1.0,0.01,0.03021396333243361,0.06684265139757106
Computers,Ours_Adaptive,1.0,0.05,0.1046458325344161,0.0737717858449917
Computers,Ours_Adaptive,1.0,0.1,0.17574278639727284,0.06208422456544087
Computers,Ours_Adaptive,1.1,0.01,0.05311348475334197,0.037320938384541466
Computers,Ours_Adaptive,1.1,0.05,0.2190053684133591,0.03802125901670427
Computers,Ours_Adaptive,1.1,0.1,0.3296955732800707,0.03967313968836914
Computers,Ours_Adaptive,1.2,0.01,0.018344907953585524,0.0819321847539084
Computers,Ours_Adaptive,1.2,0.05,0.1954444748235062,0.04993647405594596
Computers,Ours_Adaptive,1.2,0.1,0.416946122978992,0.07160113773266884
Computers,Ours_Adaptive,1.5,0.01,0.046622634828282786,0.05370921945768087
Computers,Ours_Adaptive,1.5,0.05,0.2850849959356443,0.02570254055229635
Computers,Ours_Adaptive,1.5,0.1,0.5027072900476888,0.05677285148473752
Computers,Ours_Adaptive,2.0,0.01,0.023646593583874324,0.03415723653633565
Computers,Ours_Adaptive,2.0,0.05,0.15971287767813258,0.044767989274777514
Computers,Ours_Adaptive,2.0,0.1,0.3542108965677631,0.03203536884027244
Computers,PageRank,0.8,0.01,0.24007239106135722,0.03500541494489049
Computers,PageRank,0.8,0.05,0.25494353969816685,0.045181109199623044
Computers,PageRank,0.8,0.1,0.2397456818235563,0.04476245480631693
Computers,PageRank,0.9,0.01,0.3472109620830188,0.03989116910589448
Computers,PageRank,0.9,0.05,0.3692378913890146,0.052941724421940756
Computers,PageRank,0.9,0.1,0.357522593552408,0.056342110983974285
Computers,PageRank,1.0,0.01,0.49898674002915044,0.04356362366109708
Computers,PageRank,1.0,0.05,0.520544190034627,0.04530691471270046
Computers,PageRank,1.0,0.1,0.514369994551865,0.048788236441822855
Computers,PageRank,1.1,0.01,0.6623095660321139,0.033561064689463314
Computers,PageRank,1.1,0.05,0.6848700108549197,0.037888750124564094
Computers,PageRank,1.1,0.1,0.6821127567971301,0.03915161130655397
Computers,PageRank,1.2,0.01,0.7742339127865498,0.027665891365443247
Computers,PageRank,1.2,0.05,0.7930954866837705,0.03210948565046606
Computers,PageRank,1.2,0.1,0.7929645517174333,0.03315666170946639
Computers,PageRank,1.5,0.01,0.9401220885288003,0.007142730389372116
Computers,PageRank,1.5,0.05,0.9504614324572851,0.0076582854839353
Computers,PageRank,1.5,0.1,0.9513085922053545,0.008214216271349165
Computers,PageRank,2.0,0.01,0.9728008264769189,0.0007595030814226164
Computers,PageRank,2.0,0.05,0.9849924831605603,0.0017720068972564363
Computers,PageRank,2.0,0.1,0.9858147811178595,0.0019382605297521918
Computers,PageRank_Adaptive,0.8,0.01,0.24059581202213226,0.034720397306937864
Computers,PageRank_Adaptive,0.8,0.05,0.25632751456654174,0.04305048327129717
Computers,PageRank_Adaptive,0.8,0.1,0.24032569353656336,0.04417704244598662
Computers,PageRank_Adaptive,0.9,0.01,0.3494523920514617,0.03913669984254933
Computers,PageRank_Adaptive,0.9,0.05,0.3671501565990403,0.05404572245429196
Computers,PageRank_Adaptive,0.9,0.1,0.35766011867238545,0.05552977929630523
Computers,PageRank_Adaptive,1.0,0.01,0.49439817272770803,0.03980409795034948
Computers,PageRank_Adaptive,1.0,0.05,0.5202417666605413,0.04663297124956127
Computers,PageRank_Adaptive,1.0,0.1,0.5154317231994806,0.04832831788157759
Computers,PageRank_Adaptive,1.1,0.01,0.6640395093774346,0.03235309017414068
Computers,PageRank_Adaptive,1.1,0.05,0.6841321185907753,0.03764566105053535
Computers,PageRank_Adaptive,1.1,0.1,0.6821704600922266,0.040167837931347226
Computers,PageRank_Adaptive,1.2,0.01,0.7762330964729749,0.027473066090306652
Computers,PageRank_Adaptive,1.2,0.05,0.7931594769217052,0.030788843672901942
Computers,PageRank_Adaptive,1.2,0.1,0.793366997562128,0.03196232152768966
Computers,PageRank_Adaptive,1.5,0.01,0.941306529871385,0.005803274322014385
Computers,PageRank_Adaptive,1.5,0.05,0.9501958878481519,0.00790575559606298
Computers,PageRank_Adaptive,1.5,0.1,0.9514070840243496,0.008013058553415775
Computers,PageRank_Adaptive,2.0,0.01,0.9737992761267936,0.0014883632290019764
Computers,PageRank_Adaptive,2.0,0.05,0.9849850827385416,0.0017631184958923302
Computers,PageRank_Adaptive,2.0,0.1,0.9858553867120232,0.001817687945283481
Cora,Betweenness,0.8,0.01,0.23441732930593143,0.058088527119401843
Cora,Betweenness,0.8,0.05,0.25632939367732793,0.06625528949729549
Cora,Betweenness,0.8,0.1,0.25840774046769804,0.07003490418709916
Cora,Betweenness,0.9,0.01,0.2937922525486518,0.05294275961268037
Cora,Betweenness,0.9,0.05,0.31989534195228586,0.06204402605958966
Cora,Betweenness,0.9,0.1,0.327949554531064,0.06217488373010689
Cora,Betweenness,1.0,0.01,0.34749337544062275,0.05118242717927938
Cora,Betweenness,1.0,0.05,0.3900797833067867,0.05939880877963073
Cora,Betweenness,1.0,0.1,0.40311359263832564,0.06891267097693698
Cora,Betweenness,1.1,0.01,0.4205560234132504,0.049467084008732766
Cora,Betweenness,1.1,0.05,0.46767921974308635,0.05268183587458267
Cora,Betweenness,1.1,0.1,0.47903003935397404,0.0536237635777342
Cora,Betweenness,1.2,0.01,0.4892715792826617,0.04175532357311769
Cora,Betweenness,1.2,0.05,0.5425965563678201,0.04943720390269638
Cora,Betweenness,1.2,0.1,0.5633187082026745,0.05142167426849354
Cora,Betweenness,1.5,0.01,0.6859274745725938,0.026281008276120173
Cora,Betweenness,1.5,0.05,0.7410038428097543,0.027883093412019357
Cora,Betweenness,1.5,0.1,0.7625887774801628,0.03103100442628165
Cora,Betweenness,2.0,0.01,0.8872993585306836,0.006892289314391931
Cora,Betweenness,2.0,0.05,0.9286916571959928,0.007861563443921965
Cora,Betweenness,2.0,0.1,0.9401144443910591,0.007391080445720311
Cora,Betweenness_Adaptive,0.8,0.01,0.2393917738882494,0.05401553392789312
Cora,Betweenness_Adaptive,0.8,0.05,0.25675733741576356,0.0662815546823513
Cora,Betweenness_Adaptive,0.8,0.1,0.2571257133858206,0.06776302059710784
Cora,Betweenness_Adaptive,0.9,0.01,0.2892958520184265,0.04832689313892076
Cora,Betweenness_Adaptive,0.9,0.05,0.3204190007372453,0.059232875912331104
Cora,Betweenness_Adaptive,0.9,0.1,0.33149589030247195,0.06791290951460788
Cora,Betweenness_Adaptive,1.0,0.01,0.35459888820193913,0.057218479429993176
Cora,Betweenness_Adaptive,1.0,0.05,0.39417308413257457,0.06129606525077733
Cora,Betweenness_Adaptive,1.0,0.1,0.4026241018930081,0.06754203186902696
Cora,Betweenness_Adaptive,1.1,0.01,0.418255020738045,0.04732576540922108
Cora,Betweenness_Adaptive,1.1,0.05,0.46592263439881004,0.04853591873944576
Cora,Betweenness_Adaptive,1.1,0.1,0.4827653488081002,0.056004812852287846
Cora,Betweenness_Adaptive,1.2,0.01,0.4948012932365966,0.042540357418225594
Cora,Betweenness_Adaptive,1.2,0.05,0.5416000791707312,0.047653364232194254
Cora,Betweenness_Adaptive,1.2,0.1,0.5634423788386381,0.0539173563319024
Cora,Betweenness_Adaptive,1.5,0.01,0.6822335133816653,0.024562638577729595
Cora,Betweenness_Adaptive,1.5,0.05,0.7409929947070771,0.029494087263968648
Cora,Betweenness_Adaptive,1.5,0.1,0.7607709322136774,0.03170168082591045
Cora,Betweenness_Adaptive,2.0,0.01,0.8887887966169388,0.005260567059374261
Cora,Betweenness_Adaptive,2.0,0.05,0.9286272936507783,0.008858451786216547
Cora,Betweenness_Adaptive,2.0,0.1,0.9399746588017421,0.008020569145555604
Cora,Degree,0.8,0.01,0.25151907574034815,0.06856971216537419
Cora,Degree,0.8,0.05,0.30009850337041233,0.061814435309329466
Cora,Degree,0.8,0.1,0.30118497491830454,0.06285292821183994
Cora,Degree,0.9,0.01,0.30457245582150577,0.061593636634299086
Cora,Degree,0.9,0.05,0.36773002900931245,0.05706406121955971
Cora,Degree,0.9,0.1,0.3735266871256914,0.059441036023635194
Cora,Degree,1.0,0.01,0.37797586250263004,0.05967277208076527
Cora,Degree,1.0,0.05,0.43592063704102263,0.05776338053850141
Cora,Degree,1.0,0.1,0.4485459704365187,0.0562420074850476
Cora,Degree,1.1,0.01,0.44043434804961945,0.04987036439921125
Cora,Degree,1.1,0.05,0.510270780110307,0.05059944854022625
Cora,Degree,1.1,0.1,0.5254806634777787,0.054271983603584796
Cora,Degree,1.2,0.01,0.5199642345177423,0.050307141274377964
Cora,Degree,1.2,0.05,0.5902116039860346,0.04626936688623944
Cora,Degree,1.2,0.1,0.6042267902200967,0.050650844950549605
Cora,Degree,1.5,0.01,0.7108913024778838,0.029564940831291964
Cora,Degree,1.5,0.05,0.777737289882775,0.027021466416163563
Cora,Degree,1.5,0.1,0.7942263193085104,0.028476308744214907
Cora,Degree,2.0,0.01,0.9096715423441519,0.007261619939254692
Cora,Degree,2.0,0.05,0.9452651333847791,0.006399571045938153
Cora,Degree,2.0,0.1,0.9519143524817109,0.0072578453233536
Cora,Degree_Adaptive,0.8,0.01,0.2451406980776496,0.06548300089532297
Cora,Degree_Adaptive,0.8,0.05,0.2994210421462541,0.06000275294969475
Cora,Degree_Adaptive,0.8,0.1,0.2996289857477825,0.06509075436013922
Cora,Degree_Adaptive,0.9,0.01,0.3122983980352765,0.05959853590456837
Cora,Degree_Adaptive,0.9,0.05,0.3678595390904519,0.05863017484047336
Cora,Degree_Adaptive,0.9,0.1,0.37512838435395124,0.06183043698058228
Cora,Degree_Adaptive,1.0,0.01,0.3760940406662886,0.06131990150058663
Cora,Degree_Adaptive,1.0,0.05,0.4363175794730438,0.056743536642728735
Cora,Degree_Adaptive,1.0,0.1,0.4496945405269874,0.05772342119437853
Cora,Degree_Adaptive,1.1,0.01,0.44360843852774484,0.05360824406826182
Cora,Degree_Adaptive,1.1,0.05,0.5127736513369009,0.04888520480438782
Cora,Degree_Adaptive,1.1,0.1,0.524211242869424,0.05482585148532618
Cora,Degree_Adaptive,1.2,0.01,0.5135917789446753,0.051901194655390705
Cora,Degree_Adaptive,1.2,0.05,0.5878895085287011,0.04494640331589675
Cora,Degree_Adaptive,1.2,0.1,0.6033395847741543,0.05183288477294502
Cora,Degree_Adaptive,1.5,0.01,0.7125270450748452,0.029666602588649928
Cora,Degree_Adaptive,1.5,0.05,0.7776358771904588,0.027285397237789166
Cora,Degree_Adaptive,1.5,0.1,0.7935053079676229,0.027674445959286087
Cora,Degree_Adaptive,2.0,0.01,0.9081587990534254,0.0082183056344034
Cora,Degree_Adaptive,2.0,0.05,0.9452168001961099,0.006717445320908085
Cora,Degree_Adaptive,2.0,0.1,0.9522747024118505,0.006949130745484985
Cora,Ours,0.8,0.01,0.016300608197358242,0.013463056765854266
Cora,Ours,0.8,0.05,0.016137363407672096,0.026677733641666035
Cora,Ours,0.8,0.1,0.007766360998320623,0.022282406060202375
Cora,Ours,0.9,0.01,-0.005829800639010191,0.010115465645811726
Cora,Ours,0.9,0.05,0.043348205997566794,0.025832016238892877
Cora,Ours,0.9,0.1,0.037300958498742195,0.020242377738815966
Cora,Ours,1.0,0.01,0.015578898185014655,0.03716380303436374
Cora,Ours,1.0,0.05,0.05278219787068934,0.06678349293102809
Cora,Ours,1.0,0.1,0.059073562442627695,0.058323125560853506
Cora,Ours,1.1,0.01,0.01599580669432947,0.03088965521040631
Cora,Ours,1.1,0.05,0.07786225845836482,0.05672178999149555
Cora,Ours,1.1,0.1,0.09118267845973857,0.06564476826869757
Cora,Ours,1.2,0.01,0.04091569309174213,0.028791706876282762
Cora,Ours,1.2,0.05,0.118039595859081,0.07817429863645686
Cora,Ours,1.2,0.1,0.14093910458093276,0.09262906812017058
Cora,Ours,1.5,0.01,-0.0008033010417170187,0.030349109535396872
Cora,Ours,1.5,0.05,0.17806811702628028,0.08177116252342727
Cora,Ours,1.5,0.1,0.2648254252477404,0.10636812473047356
Cora,Ours,2.0,0.01,0.049042221081161026,0.029796095756333477
Cora,Ours,2.0,0.05,0.2936844722206896,0.12050331433179738
Cora,Ours,2.0,0.1,0.4534304398393133,0.10579749020553693
Cora,Ours_Adaptive,0.8,0.01,0.014990166478916257,0.019453973818740134
Cora,Ours_Adaptive,0.8,0.05,0.023181993997624013,0.029461802097319016
Cora,Ours_Adaptive,0.8,0.1,0.004825047579456772,0.0407335872521216
Cora,Ours_Adaptive,0.9,0.01,0.02356463269180334,0.017816701746778792
Cora,Ours_Adaptive,0.9,0.05,0.04589757217676202,0.04869619952551343
Cora,Ours_Adaptive,0.9,0.1,0.03363316565863818,0.037753079509782156
Cora,Ours_Adaptive,1.0,0.01,0.012997733238050157,0.023057215803956914
Cora,Ours_Adaptive,1.0,0.05,0.061009108529309894,0.047191853896524444
Cora,Ours_Adaptive,1.0,0.1,0.06408042184457662,0.06309405594091418
Cora,Ours_Adaptive,1.1,0.01,0.014747368066244926,0.03341070266058412
Cora,Ours_Adaptive,1.1,0.05,0.07516137754317312,0.04801938634226043
Cora,Ours_Adaptive,1.1,0.1,0.1022114355448747,0.0486752475712801
Cora,Ours_Adaptive,1.2,0.01,0.0032239676188560154,0.042708157241909316
Cora,Ours_Adaptive,1.2,0.05,0.10696082245058207,0.08165204799641672
Cora,Ours_Adaptive,1.2,0.1,0.14747159878997157,0.07880492135814517
Cora,Ours_Adaptive,1.5,0.01,-0.0259207046706808,0.03856112244585765
Cora,Ours_Adaptive,1.5,0.05,0.1746170595675276,0.07978178759298937
Cora,Ours_Adaptive,1.5,0.1,0.25046703850442226,0.09642857938695017
Cora,Ours_Adaptive,2.0,0.01,0.06808497611302611,0.049711976258240455
Cora,Ours_Adaptive,2.0,0.05,0.3178702715617164,0.11241279530000216
Cora,Ours_Adaptive,2.0,0.1,0.4536306062887734,0.10522167050460282
Cora,PageRank,0.8,0.01,0.2498061323237987,0.06305906710003086
Cora,PageRank,0.8,0.05,0.30158040096213223,0.06061261358917343
Cora,PageRank,0.8,0.1,0.2993086167283156,0.06526759747258469
Cora,PageRank,0.9,0.01,0.31142035441060856,0.05916969527324889
Cora,PageRank,0.9,0.05,0.36599084177901664,0.05629490525127464
Cora,PageRank,0.9,0.1,0.3744839843834601,0.06470704789193243
Cora,PageRank,1.0,0.01,0.3703648349403152,0.06174709285775059
Cora,PageRank,1.0,0.05,0.437161937243864,0.054564282276721325
Cora,PageRank,1.0,0.1,0.4491907480015784,0.058664753674147356
Cora,PageRank,1.1,0.01,0.44222764349214366,0.05555322592579811
Cora,PageRank,1.1,0.05,0.5099773021911405,0.049657099450335
Cora,PageRank,1.1,0.1,0.5251214487638721,0.05639214801582932
Cora,PageRank,1.2,0.01,0.5143077970246058,0.04777970884474593
Cora,PageRank,1.2,0.05,0.5881392444945861,0.04677761442161432
Cora,PageRank,1.2,0.1,0.6019883007559061,0.05169519151661755
Cora,PageRank,1.5,0.01,0.7115036270141182,0.03175520391883845
Cora,PageRank,1.5,0.05,0.7771916462206354,0.02416072926396612
Cora,PageRank,1.5,0.1,0.792487853846948,0.029039053370473352
Cora,PageRank,2.0,0.01,0.9100637592579783,0.008242329965944949
Cora,PageRank,2.0,0.05,0.9450118660196754,0.006082320240675496
Cora,PageRank,2.0,0.1,0.9522526980506514,0.006710228084594153
Cora,PageRank_Adaptive,0.8,0.01,0.25040693321256624,0.05883076104387713
Cora,PageRank_Adaptive,0.8,0.05,0.2978280000536124,0.05879086076271744
Cora,PageRank_Adaptive,0.8,0.1,0.3018252291412488,0.06546411876095731
Cora,PageRank_Adaptive,0.9,0.01,0.3099298061276327,0.06241755721057253
Cora,PageRank_Adaptive,0.9,0.05,0.36846705266499996,0.05304528436953633
Cora,PageRank_Adaptive,0.9,0.1,0.3723715750646227,0.06080930908673139
Cora,PageRank_Adaptive,1.0,0.01,0.3707257932915629,0.0633068907026781
Cora,PageRank_Adaptive,1.0,0.05,0.43817411692794295,0.05464293047558886
Cora,PageRank_Adaptive,1.0,0.1,0.44755546828283077,0.05798884565575104
Cora,PageRank_Adaptive,1.1,0.01,0.446121166605134,0.052152233562805184
Cora,PageRank_Adaptive,1.1,0.05,0.5100870835015647,0.04916753729584398
Cora,PageRank_Adaptive,1.1,0.1,0.5244471065727374,0.05757114914049147
Cora,PageRank_Adaptive,1.2,0.01,0.5165753045061667,0.05139792008529369
Cora,PageRank_Adaptive,1.2,0.05,0.5878484178437249,0.045682188115012165
Cora,PageRank_Adaptive,1.2,0.1,0.6027267337636278,0.051130652462144384
Cora,PageRank_Adaptive,1.5,0.01,0.7146622355444514,0.029826573932900398
Cora,PageRank_Adaptive,1.5,0.05,0.777568501770806,0.02473225271892245
Cora,PageRank_Adaptive,1.5,0.1,0.7928554993534542,0.0290914288817007
Cora,PageRank_Adaptive,2.0,0.01,0.9099290974302704,0.009040379459218428
Cora,PageRank_Adaptive,2.0,0.05,0.9447076801974463,0.006111478845506511
Cora,PageRank_Adaptive,2.0,0.1,0.9521687526681151,0.006896372398693684
Photo,Betweenness,0.8,0.01,0.31963397910913793,0.045178073636056755
Photo,Betweenness,0.8,0.05,0.42166059895227725,0.0473124151913883
Photo,Betweenness,0.8,0.1,0.4275825803570615,0.04456580232284621
Photo,Betweenness,0.9,0.01,0.4660825360622679,0.055684609377598705
Photo,Betweenness,0.9,0.05,0.5897044038358051,0.048813746619570976
Photo,Betweenness,0.9,0.1,0.6019173542534368,0.050362843659742244
Photo,Betweenness,1.0,0.01,0.6104891468759337,0.02063885138995888
Photo,Betweenness,1.0,0.05,0.7414864118982527,0.029179439842438197
Photo,Betweenness,1.0,0.1,0.7547555025079513,0.030736001532365873
Photo,Betweenness,1.1,0.01,0.7020905791381085,0.029496128344211253
Photo,Betweenness,1.1,0.05,0.842582241866268,0.022571303881156714
Photo,Betweenness,1.1,0.1,0.8556966434150699,0.020690722867082463
Photo,Betweenness,1.2,0.01,0.7129151210195046,0.019394208423327747
Photo,Betweenness,1.2,0.05,0.8886481072957336,0.012905203412202375
Photo,Betweenness,1.2,0.1,0.9043562800561622,0.010653333326135899
Photo,Betweenness,1.5,0.01,0.6287103680238691,0.018165572811666225
Photo,Betweenness,1.5,0.05,0.9315031741873463,0.006844097528872398
Photo,Betweenness,1.5,0.1,0.9558046158851157,0.005543557464713877
Photo,Betweenness,2.0,0.01,0.47875593883578216,0.01212254604889912
Photo,Betweenness,2.0,0.05,0.8848502820370199,0.009005437458876407
Photo,Betweenness,2.0,0.1,0.9620887055006548,0.003314511361130557
Photo,Betweenness_Adaptive,0.8,0.01,0.32063067413508134,0.042272258802582195
Photo,Betweenness_Adaptive,0.8,0.05,0.4225994383280308,0.04674237067977371
Photo,Betweenness_Adaptive,0.8,0.1,0.42441778412672004,0.0420641158931437
Photo,Betweenness_Adaptive,0.9,0.01,0.4614844801481327,0.04078751539085233
Photo,Betweenness_Adaptive,0.9,0.05,0.5903271504056582,0.048739182575994786
Photo,Betweenness_Adaptive,0.9,0.1,0.5990796402957292,0.046807304178273355
Photo,Betweenness_Adaptive,1.0,0.01,0.6036607804724218,0.02823152766919062
Photo,Betweenness_Adaptive,1.0,0.05,0.7402744715677793,0.02957947681840993
Photo,Betweenness_Adaptive,1.0,0.1,0.7534495589612856,0.02672518514539816
Photo,Betweenness_Adaptive,1.1,0.01,0.6951291564118005,0.02657213230974195
Photo,Betweenness_Adaptive,1.1,0.05,0.8440506135868565,0.02052999146202435
Photo,Betweenness_Adaptive,1.1,0.1,0.8557907920542185,0.019906233154236733
Photo,Betweenness_Adaptive,1.2,0.01,0.7111897801934075,0.015273583385866579
Photo,Betweenness_Adaptive,1.2,0.05,0.8901181915764479,0.011152682095775544
Photo,Betweenness_Adaptive,1.2,0.1,0.9046704849812889,0.009874801060901843
Photo,Betweenness_Adaptive,1.5,0.01,0.6246783408759682,0.016647343160664345
Photo,Betweenness_Adaptive,1.5,0.05,0.9305741001197404,0.006800190579604687
Photo,Betweenness_Adaptive,1.5,0.1,0.9567061851134081,0.005217789898832851
Photo,Betweenness_Adaptive,2.0,0.01,0.4822110896694003,0.012076987600806922
Photo,Betweenness_Adaptive,2.0,0.05,0.8853378184077165,0.008206724883380525
Photo,Betweenness_Adaptive,2.0,0.1,0.962135928950343,0.0023994428631674888
Photo,Degree,0.8,0.01,0.4427626940165005,0.047771832983814
Photo,Degree,0.8,0.05,0.4758402686573079,0.04527754004223912
Photo,Degree,0.8,0.1,0.47031156921095796,0.04998608452103383
Photo,Degree,0.9,0.01,0.6040456753659058,0.048340633235707656
Photo,Degree,0.9,0.05,0.6397761519702158,0.048181341302209295
Photo,Degree,0.9,0.1,0.638284653106726,0.0490987784675255
Photo,Degree,1.0,0.01,0.7502057539008389,0.032540975519887175
Photo,Degree,1.0,0.05,0.7821046739499857,0.03223556643313009
Photo,Degree,1.0,0.1,0.7828023208830501,0.030466537975305887
Photo,Degree,1.1,0.01,0.8492818495440533,0.02355598641058441
Photo,Degree,1.1,0.05,0.873975746421333,0.02101331982442578
Photo,Degree,1.1,0.1,0.8746751619684527,0.021531877807894353
Photo,Degree,1.2,0.01,0.8991523461063446,0.01323829007749574
Photo,Degree,1.2,0.05,0.9188222033729254,0.01162250430900061
Photo,Degree,1.2,0.1,0.9205035933929103,0.012311480112236633
Photo,Degree,1.5,0.01,0.9490656384713549,0.00863990187299899
Photo,Degree,1.5,0.05,0.967427173474072,0.005899371393079119
Photo,Degree,1.5,0.1,0.9690817883355212,0.005854238065082235
Photo,Degree,2.0,0.01,0.9506681756853446,0.006244210512260709
Photo,Degree,2.0,0.05,0.985307082789971,0.0025113893030777232
Photo,Degree,2.0,0.1,0.9871411783454336,0.0023708384330268176
Photo,Degree_Adaptive,0.8,0.01,0.43683089942749476,0.04564270190225598
Photo,Degree_Adaptive,0.8,0.05,0.47707374455423324,0.046045108102414196
Photo,Degree_Adaptive,0.8,0.1,0.47108287739637184,0.04835092504708981
Photo,Degree_Adaptive,0.9,0.01,0.6014535684202219,0.050495027707021606
Photo,Degree_Adaptive,0.9,0.05,0.6398107315463626,0.047207669608513504
Photo,Degree_Adaptive,0.9,0.1,0.6380485864949864,0.04779861947822372
Photo,Degree_Adaptive,1.0,0.01,0.7518110621466885,0.03178393822804784
Photo,Degree_Adaptive,1.0,0.05,0.7801983619068372,0.029304758813024592
Photo,Degree_Adaptive,1.0,0.1,0.7824709853756465,0.03009402450482787
Photo,Degree_Adaptive,1.1,0.01,0.8484382114533172,0.021873271201998248
Photo,Degree_Adaptive,1.1,0.05,0.8731668671425817,0.021098309187387306
Photo,Degree_Adaptive,1.1,0.1,0.8748884304689419,0.020745980127968452
Photo,Degree_Adaptive,1.2,0.01,0.8993285375983847,0.012394923858571194
Photo,Degree_Adaptive,1.2,0.05,0.918550643538703,0.012464585980507103
Photo,Degree_Adaptive,1.2,0.1,0.9210329069045533,0.011928766950891533
Photo,Degree_Adaptive,1.5,0.01,0.9483617773264514,0.008829293465503082
Photo,Degree_Adaptive,1.5,0.05,0.9673451563156398,0.0059480146655033405
Photo,Degree_Adaptive,1.5,0.1,0.9691848312384239,0.0057902417083867275
Photo,Degree_Adaptive,2.0,0.01,0.9515672498308148,0.006771133064253857
Photo,Degree_Adaptive,2.0,0.05,0.9851415531221097,0.0024773913842346075
Photo,Degree_Adaptive,2.0,0.1,0.9871104860633626,0.0023228643418347367
Photo,Ours,0.8,0.01,0.005129387526880841,0.05252209587642418
Photo,Ours,0.8,0.05,0.04174628422581135,0.06008915227318437
Photo,Ours,0.8,0.1,0.1234424069996293,0.03962716012085162
Photo,Ours,0.9,0.01,0.016648937500101147,0.045557958232574906
Photo,Ours,0.9,0.05,0.10701617735155207,0.07002432602916674
Photo,Ours,0.9,0.1,0.26268238683063755,0.059439918852087194
Photo,Ours,1.0,0.01,0.0018643409222257406,0.07051606205383533
Photo,Ours,1.0,0.05,0.11693978354602522,0.07353084595377922
Photo,Ours,1.0,0.1,0.3787524818555225,0.048946798248678536
Photo,Ours,1.1,0.01,-0.014351686531833486,0.030937251154997902
Photo,Ours,1.1,0.05,0.1496219862714645,0.06384233878565385
Photo,Ours,1.1,0.1,0.41712962272115617,0.07517949302803492
Photo,Ours,1.2,0.01,0.010281561619369597,0.04919187963844742
Photo,Ours,1.2,0.05,0.10421726745361573,0.06986596312477097
Photo,Ours,1.2,0.1,0.41376012493118725,0.06496840491949939
Photo,Ours,1.5,0.01,0.02280144828956629,0.025359864548781825
Photo,Ours,1.5,0.05,0.1044295687537298,0.06627166005573895
Photo,Ours,1.5,0.1,0.3369582075870225,0.07557304821279573
Photo,Ours,2.0,0.01,-0.005700217015494396,0.04506637757230557
Photo,Ours,2.0,0.05,0.11602965406021448,0.04135872780691697
Photo,Ours,2.0,0.1,0.2753859659662166,0.06718813903918193
Photo,Ours_Adaptive,0.8,0.01,0.04036594227464918,0.06253324316588886
Photo,Ours_Adaptive,0.8,0.05,0.05634173639268012,0.04930994230232776
Photo,Ours_Adaptive,0.8,0.1,0.13216144793670276,0.055810091025084545
Photo,Ours_Adaptive,0.9,0.01,0.0016162134973248996,0.03066722143982213
Photo,Ours_Adaptive,0.9,0.05,0.09787189052020781,0.06871263969746585
Photo,Ours_Adaptive,0.9,0.1,0.2504517800275541,0.05158049676683877
Photo,Ours_Adaptive,1.0,0.01,-0.020399657813826213,0.0726466047205234
Photo,Ours_Adaptive,1.0,0.05,0.11441010638304691,0.06569148174942957
Photo,Ours_Adaptive,1.0,0.1,0.3587662235368489,0.05887579292245896
Photo,Ours_Adaptive,1.1,0.01,0.03855258612421621,0.04472724032708245
Photo,Ours_Adaptive,1.1,0.05,0.14310329060088273,0.07191224696176844
Photo,Ours_Adaptive,1.1,0.1,0.43823486317023946,0.059709049073985894
Photo,Ours_Adaptive,1.2,0.01,-0.01712105473950688,0.06532494537457813
Photo,Ours_Adaptive,1.2,0.05,0.10249699911539148,0.05091394940839804
Photo,Ours_Adaptive,1.2,0.1,0.4165494542934763,0.08028987092509551
Photo,Ours_Adaptive,1.5,0.01,0.02352570226612374,0.009996548475422307
Photo,Ours_Adaptive,1.5,0.05,0.10852420799804499,0.048649062299194024
Photo,Ours_Adaptive,1.5,0.1,0.3338355566452769,0.08149200940159473
Photo,Ours_Adaptive,2.0,0.01,0.014762643740314718,0.01102530527267785
Photo,Ours_Adaptive,2.0,0.05,0.11052048420406971,0.02199294189332861
Photo,Ours_Adaptive,2.0,0.1,0.2846924275068512,0.045705884752528445
Photo,PageRank,0.8,0.01,0.4271586930959053,0.037915047230447356
Photo,PageRank,0.8,0.05,0.4732443229401242,0.04256780803775082
Photo,PageRank,0.8,0.1,0.4724194864677248,0.04649714943767231
Photo,PageRank,0.9,0.01,0.5906479468162703,0.04529444878561988
Photo,PageRank,0.9,0.05,0.6369401459368637,0.04622499885721588
Photo,PageRank,0.9,0.1,0.6401217202787882,0.0463211094429254
Photo,PageRank,1.0,0.01,0.7383748992212492,0.029167462395295454
Photo,PageRank,1.0,0.05,0.7796793328325134,0.027673234616612814
Photo,PageRank,1.0,0.1,0.7821784859440981,0.031500147998113445
Photo,PageRank,1.1,0.01,0.8406252202179625,0.01991872612224688
Photo,PageRank,1.1,0.05,0.8718140424620922,0.01841461491027785
Photo,PageRank,1.1,0.1,0.8756369830118874,0.02047419165798561
Photo,PageRank,1.2,0.01,0.8911132290811432,0.0118329838141034
Photo,PageRank,1.2,0.05,0.9184280433304224,0.010982066834589566
Photo,PageRank,1.2,0.1,0.9216457549968272,0.01150083011525977
Photo,PageRank,1.5,0.01,0.9376453737140933,0.0063198744324432865
Photo,PageRank,1.5,0.05,0.9666017531865855,0.005631747628587296
Photo,PageRank,1.5,0.1,0.9694944037820392,0.005468044150519642
Photo,PageRank,2.0,0.01,0.8885598375702438,0.005426768749852945
Photo,PageRank,2.0,0.05,0.9847999708051466,0.002495387403699881
Photo,PageRank,2.0,0.1,0.9875155131676902,0.002055557952854201
Photo,PageRank_Adaptive,0.8,0.01,0.4269160853417235,0.04058757437055154
Photo,PageRank_Adaptive,0.8,0.05,0.4725681563145477,0.042543033179704495
Photo,PageRank_Adaptive,0.8,0.1,0.47156439769037795,0.04574410587239419
Photo,PageRank_Adaptive,0.9,0.01,0.5924095125727291,0.04128248337507269
Photo,PageRank_Adaptive,0.9,0.05,0.636316290587698,0.04565813302879382
Photo,PageRank_Adaptive,0.9,0.1,0.640267857998943,0.046887555459120135
Photo,PageRank_Adaptive,1.0,0.01,0.7409397341323967,0.02807365779682288
Photo,PageRank_Adaptive,1.0,0.05,0.7800544679822756,0.028235697069288863
Photo,PageRank_Adaptive,1.0,0.1,0.7827814719920154,0.0309382047133914
Photo,PageRank_Adaptive,1.1,0.01,0.8403398684972977,0.02142531242345717
Photo,PageRank_Adaptive,1.1,0.05,0.8717277863977984,0.020091893222442574
Photo,PageRank_Adaptive,1.1,0.1,0.8757624159071298,0.02060061795119288
Photo,PageRank_Adaptive,1.2,0.01,0.8909130030667812,0.010647060975755124
Photo,PageRank_Adaptive,1.2,0.05,0.9178881957621249,0.011111038182852558
Photo,PageRank_Adaptive,1.2,0.1,0.9212707451708682,0.011623584150241643
Photo,PageRank_Adaptive,1.5,0.01,0.9372202378678056,0.0046879640176270086
Photo,PageRank_Adaptive,1.5,0.05,0.9668932537076396,0.005653676467865631
Photo,PageRank_Adaptive,1.5,0.1,0.9696583108043791,0.005398803046496439
Photo,PageRank_Adaptive,2.0,0.01,0.8920443851601482,0.005432138970577006
Photo,PageRank_Adaptive,2.0,0.05,0.9845819950495454,0.002214987133583506
Photo,PageRank_Adaptive,2.0,0.1,0.9873750570933654,0.002074883280586205
Physics,Betweenness,0.8,0.01,0.8617562325332841,0.011522440708802758
Physics,Betweenness,0.8,0.05,0.9481427113371126,0.008612683168565366
Physics,Betweenness,0.8,0.1,0.9536505728353839,0.008501154652545712
Physics,Betweenness,0.9,0.01,0.8068858509694911,0.030926636418022794
Physics,Betweenness,0.9,0.05,0.9758038681559565,0.0046767007218558275
Physics,Betweenness,0.9,0.1,0.97974123191359,0.004317898103905296
Physics,Betweenness,1.0,0.01,0.703229144200892,0.01501399385606658
Physics,Betweenness,1.0,0.05,0.9847828947619451,0.001422904524386634
Physics,Betweenness,1.0,0.1,0.9889499358917178,0.001665730318760378
Physics,Betweenness,1.1,0.01,0.6054355322038044,0.018626564184850522
Physics,Betweenness,1.1,0.05,0.9880944782860764,0.0012782294584387456
Physics,Betweenness,1.1,0.1,0.9928807010683762,0.0010847641768294376
Physics,Betweenness,1.2,0.01,0.5201744081216185,0.026029965394701288
Physics,Betweenness,1.2,0.05,0.9868848106153095,0.0004671982928216365
Physics,Betweenness,1.2,0.1,0.9948460133378481,0.0006640108585837978
Physics,Betweenness,1.5,0.01,0.3837938492715492,0.010229925381753449
Physics,Betweenness,1.5,0.05,0.9323070343804396,0.0058887222490779535
Physics,Betweenness,1.5,0.1,0.996873925264094,0.000462238162182099
Physics,Betweenness,2.0,0.01,0.27134583855425776,0.018384720733600406
Physics,Betweenness,2.0,0.05,0.7881427054379759,0.013146700417043413
Physics,Betweenness,2.0,0.1,0.9868058495735911,0.002308381908417311
Physics,Betweenness_Adaptive,0.8,0.01,0.8605077404591585,0.01625516245332315
Physics,Betweenness_Adaptive,0.8,0.05,0.9485259925351451,0.007922576520156042
Physics,Betweenness_Adaptive,0.8,0.1,0.953472295533139,0.00843324852321117
Physics,Betweenness_Adaptive,0.9,0.01,0.8130007689760961,0.033235463124721386
Physics,Betweenness_Adaptive,0.9,0.05,0.9752635668609674,0.00461606823274682
Physics,Betweenness_Adaptive,0.9,0.1,0.9798696302552153,0.004177158662854801
Physics,Betweenness_Adaptive,1.0,0.01,0.7062497311436031,0.01177591918345678
Physics,Betweenness_Adaptive,1.0,0.05,0.9851958556488729,0.0015669109351070327
Physics,Betweenness_Adaptive,1.0,0.1,0.9890179336573661,0.001574882256341193
Physics,Betweenness_Adaptive,1.1,0.01,0.6018559775579148,0.026654244203895738
Physics,Betweenness_Adaptive,1.1,0.05,0.9880323920341553,0.0017258780130152574
Physics,Betweenness_Adaptive,1.1,0.1,0.9928656584875947,0.0010498455723915662
Physics,Betweenness_Adaptive,1.2,0.01,0.5145189559483512,0.005927234729830255
Physics,Betweenness_Adaptive,1.2,0.05,0.9866490810373824,0.0010396134164921509
Physics,Betweenness_Adaptive,1.2,0.1,0.9947927782997341,0.000681432691206712
Physics,Betweenness_Adaptive,1.5,0.01,0.38038005675374265,0.020049837765610524
Physics,Betweenness_Adaptive,1.5,0.05,0.9350982440863602,0.00381565885982742
Physics,Betweenness_Adaptive,1.5,0.1,0.9968416744489096,0.0003423850797374388
Physics,Betweenness_Adaptive,2.0,0.01,0.27107162255137884,0.008208790744018894
Physics,Betweenness_Adaptive,2.0,0.05,0.7942835484602896,0.010648584601824527
Physics,Betweenness_Adaptive,2.0,0.1,0.986901021391645,0.0014518480861065368
Physics,Degree,0.8,0.01,0.9444262383458533,0.008555909272784129
Physics,Degree,0.8,0.05,0.9555856654826739,0.00839631502839079
Physics,Degree,0.8,0.1,0.9567715540878426,0.0075910861080032335
Physics,Degree,0.9,0.01,0.9729405440903445,0.005240624953419276
Physics,Degree,0.9,0.05,0.9805112039909387,0.00426078408451013
Physics,Degree,0.9,0.1,0.9814285168058741,0.003758935839791138
Physics,Degree,1.0,0.01,0.9821016535853213,0.0012337908223796542
Physics,Degree,1.0,0.05,0.989585707062937,0.0015578562266580056
Physics,Degree,1.0,0.1,0.9902169599386108,0.0012049797830614023
Physics,Degree,1.1,0.01,0.9834470402139713,0.0014376841629145018
Physics,Degree,1.1,0.05,0.9932475532016163,0.0010388408541875571
Physics,Degree,1.1,0.1,0.9938070777969907,0.0008342250386056809
Physics,Degree,1.2,0.01,0.9784304230652822,0.001991091538152084
Physics,Degree,1.2,0.05,0.9951248937986911,0.0006854943551728166
Physics,Degree,1.2,0.1,0.9957087919137706,0.0004956138689772484
Physics,Degree,1.5,0.01,0.7812498199413627,0.006361368970853573
Physics,Degree,1.5,0.05,0.9974779587218334,0.00034192565657437763
Physics,Degree,1.5,0.1,0.998011405344959,0.00017865720164308006
Physics,Degree,2.0,0.01,0.4237819510958271,0.020917192011658724
Physics,Degree,2.0,0.05,0.9976944681515423,0.0002708873047991287
Physics,Degree,2.0,0.1,0.9990039072352197,2.9441816034305035e-05
Physics,Degree_Adaptive,0.8,0.01,0.9442120464199031,0.00810977220611087
Physics,Degree_Adaptive,0.8,0.05,0.9558868536307047,0.0084683218121959
Physics,Degree_Adaptive,0.8,0.1,0.956802913871767,0.007650767372910034
Physics,Degree_Adaptive,0.9,0.01,0.9726011625862266,0.004294596289008619
Physics,Degree_Adaptive,0.9,0.05,0.9803736194302562,0.004409362030510531
Physics,Degree_Adaptive,0.9,0.1,0.9813916516977855,0.0037593556294147753
Physics,Degree_Adaptive,1.0,0.01,0.9822846368580432,0.0011887283265060967
Physics,Degree_Adaptive,1.0,0.05,0.9895210584915786,0.0016091573657574796
Physics,Degree_Adaptive,1.0,0.1,0.990183855614754,0.0013129505909999586
Physics,Degree_Adaptive,1.1,0.01,0.984418684753049,0.0010881274399964476
Physics,Degree_Adaptive,1.1,0.05,0.9932077155430896,0.001121384599168163
Physics,Degree_Adaptive,1.1,0.1,0.9937982249020598,0.0008099648823533539
Physics,Degree_Adaptive,1.2,0.01,0.9777942429385668,0.0008612541607437646
Physics,Degree_Adaptive,1.2,0.05,0.9951289749074885,0.000667831110057409
Physics,Degree_Adaptive,1.2,0.1,0.9957005872840246,0.0004621184702061618
Physics,Degree_Adaptive,1.5,0.01,0.786462263233961,0.006840520285395346
Physics,Degree_Adaptive,1.5,0.05,0.997449992870485,0.0003632893410458189
Physics,Degree_Adaptive,1.5,0.1,0.9980214615916229,0.0001728424039997815
Physics,Degree_Adaptive,2.0,0.01,0.41844707742888787,0.00841038659723003
Physics,Degree_Adaptive,2.0,0.05,0.9977683366587444,0.0002017451645884327
Physics,Degree_Adaptive,2.0,0.1,0.9990059659611544,3.652563553604325e-05
Physics,Ours,0.8,0.01,0.07331711703026371,0.09154834580962526
Physics,Ours,0.8,0.05,0.4387889919813481,0.06797137423234356
Physics,Ours,0.8,0.1,0.6565143028717104,0.04541353503086838
Physics,Ours,0.9,0.01,0.058656815840502266,0.04020316203507412
Physics,Ours,0.9,0.05,0.3250264903593263,0.056710452178260075
Physics,Ours,0.9,0.1,0.5336134654948177,0.04359697694066173
Physics,Ours,1.0,0.01,0.043682272965457326,0.04816378146716468
Physics,Ours,1.0,0.05,0.2798861032185966,0.08335848354441594
Physics,Ours,1.0,0.1,0.4830545314020444,0.05973868148391561
Physics,Ours,1.1,0.01,0.04425119471939841,0.029174061631812253
Physics,Ours,1.1,0.05,0.24244602376598917,0.07902793820791831
Physics,Ours,1.1,0.1,0.41711571448852763,0.03404893115473228
Physics,Ours,1.2,0.01,0.04571098352691353,0.05162339361590983
Physics,Ours,1.2,0.05,0.20448191627218804,0.058338344740210143
Physics,Ours,1.2,0.1,0.38456188188665685,0.03206628714602635
Physics,Ours,1.5,0.01,0.013632020542990004,0.027311330492119888
Physics,Ours,1.5,0.05,0.17436701266237334,0.04027976735383426
Physics,Ours,1.5,0.1,0.314411511085697,0.041616231392054254
Physics,Ours,2.0,0.01,0.03201166773070176,0.01901973159058183
Physics,Ours,2.0,0.05,0.15525846931316875,0.03868653657878075
Physics,Ours,2.0,0.1,0.25329929701857956,0.035728861566676755
Physics,Ours_Adaptive,0.8,0.01,0.12770177815121592,0.08737318360905928
Physics,Ours_Adaptive,0.8,0.05,0.42443906511293444,0.061524970740008796
Physics,Ours_Adaptive,0.8,0.1,0.6585504420801354,0.04245178859193715
Physics,Ours_Adaptive,0.9,0.01,0.04066842204511746,0.044120373035617416
Physics,Ours_Adaptive,0.9,0.05,0.3378174765841295,0.0640528851103849
Physics,Ours_Adaptive,0.9,0.1,0.5461231498875752,0.02730865779752814
Physics,Ours_Adaptive,1.0,0.01,0.03653588347873532,0.04406018261167356
Physics,Ours_Adaptive,1.0,0.05,0.28561581104488576,0.06148913800598401
Physics,Ours_Adaptive,1.0,0.1,0.4719076218961269,0.058021069159098104
Physics,Ours_Adaptive,1.1,0.01,0.032670892332333154,0.022067175491321332
Physics,Ours_Adaptive,1.1,0.05,0.2353710646909092,0.057341901195692
Physics,Ours_Adaptive,1.1,0.1,0.42588561121178514,0.056620530779457244
Physics,Ours_Adaptive,1.2,0.01,0.0285410064361315,0.06005816435583988
Physics,Ours_Adaptive,1.2,0.05,0.22737011646539124,0.06085600647240475
Physics,Ours_Adaptive,1.2,0.1,0.40686602349147394,0.06514393071212958
Physics,Ours_Adaptive,1.5,0.01,0.017294790677329492,0.024763726362488674
Physics,Ours_Adaptive,1.5,0.05,0.16482955220156265,0.03524132141305386
Physics,Ours_Adaptive,1.5,0.1,0.3170539142370091,0.04778696162963747
Physics,Ours_Adaptive,2.0,0.01,0.03152675933384413,0.0185615402501178
Physics,Ours_Adaptive,2.0,0.05,0.14988580755754793,0.03754529133762618
Physics,Ours_Adaptive,2.0,0.1,0.2635892214559171,0.036976837557433265
Physics,PageRank,0.8,0.01,0.9346975268904277,0.00858949971356511
Physics,PageRank,0.8,0.05,0.9540934981422966,0.0077720963434075325
Physics,PageRank,0.8,0.1,0.9562239368773289,0.007873020312423868
Physics,PageRank,0.9,0.01,0.9612487330978257,0.005083621491642746
Physics,PageRank,0.9,0.05,0.9798510032254096,0.00398557108005165
Physics,PageRank,0.9,0.1,0.9811930212721771,0.003908669640811036
Physics,PageRank,1.0,0.01,0.9597805574537306,0.0035316609502674765
Physics,PageRank,1.0,0.05,0.9888226867099077,0.0016025205877731377
Physics,PageRank,1.0,0.1,0.9900176281489991,0.0013543843307860402
Physics,PageRank,1.1,0.01,0.9203074626997468,0.009563199300295889
Physics,PageRank,1.1,0.05,0.9926259671017805,0.0010504952316674593
Physics,PageRank,1.1,0.1,0.9936925047392691,0.0009208453059716948
Physics,PageRank,1.2,0.01,0.8390414393890531,0.014885763434846053
Physics,PageRank,1.2,0.05,0.9945346164169276,0.0006559447455202333
Physics,PageRank,1.2,0.1,0.9955724582688225,0.0005201813541103839
Physics,PageRank,1.5,0.01,0.6166328458413183,0.03262504154547028
Physics,PageRank,1.5,0.05,0.9960641793041853,0.0004500338397034206
Physics,PageRank,1.5,0.1,0.9978872925323948,0.00021445877540812483
Physics,PageRank,2.0,0.01,0.4077251088514619,0.02021638962427469
Physics,PageRank,2.0,0.05,0.9579990083013339,0.004730354032280194
Physics,PageRank,2.0,0.1,0.998750923273257,0.00010297866353829532
Physics,PageRank_Adaptive,0.8,0.01,0.9343952119586921,0.007913121031577512
Physics,PageRank_Adaptive,0.8,0.05,0.954083893570447,0.008188527400782164
Physics,PageRank_Adaptive,0.8,0.1,0.9563359078994591,0.007791080546552066
Physics,PageRank_Adaptive,0.9,0.01,0.9614738872613344,0.005227483864574677
Physics,PageRank_Adaptive,0.9,0.05,0.979646524255888,0.004186802781011892
Physics,PageRank_Adaptive,0.9,0.1,0.9812009894610074,0.003926069682274829
Physics,PageRank_Adaptive,1.0,0.01,0.9598685265995,0.005603742765219812
Physics,PageRank_Adaptive,1.0,0.05,0.9888620458320558,0.0013671151835689043
Physics,PageRank_Adaptive,1.0,0.1,0.9900670476819495,0.0013469703685555386
Physics,PageRank_Adaptive,1.1,0.01,0.9241594575255124,0.010301044879747218
Physics,PageRank_Adaptive,1.1,0.05,0.9924778146221266,0.0011817064918986852
Physics,PageRank_Adaptive,1.1,0.1,0.9936545507165023,0.0008833963934480418
Physics,PageRank_Adaptive,1.2,0.01,0.844689366495231,0.018545174605643314
Physics,PageRank_Adaptive,1.2,0.05,0.9945116004314482,0.0006407278002931335
Physics,PageRank_Adaptive,1.2,0.1,0.9955947619754113,0.00048072568356074353
Physics,PageRank_Adaptive,1.5,0.01,0.6180315673890301,0.014937981638729272
Physics,PageRank_Adaptive,1.5,0.05,0.9961432603302061,0.0005380160917443468
Physics,PageRank_Adaptive,1.5,0.1,0.9978817289022978,0.00020234497495117575
Physics,PageRank_Adaptive,2.0,0.01,0.4062320382033702,0.02087352503603658
Physics,PageRank_Adaptive,2.0,0.05,0.9584907531841764,0.0021786394467282057
Physics,PageRank_Adaptive,2.0,0.1,0.998719174303802,9.671798064829049e-05
PubMed,Betweenness,0.8,0.01,0.261294879408673,0.023558661739672564
PubMed,Betweenness,0.8,0.05,0.44577683942996227,0.05257780785122397
PubMed,Betweenness,0.8,0.1,0.4706086425576655,0.06324171619082712
PubMed,Betweenness,0.9,0.01,0.3829497625075324,0.06582297211749324
PubMed,Betweenness,0.9,0.05,0.6424343677417251,0.06233062341547063
PubMed,Betweenness,0.9,0.1,0.6674735949638203,0.06876261227122282
PubMed,Betweenness,1.0,0.01,0.47140803292635863,0.05470386339873171
PubMed,Betweenness,1.0,0.05,0.804655849366432,0.040427999664674925
PubMed,Betweenness,1.0,0.1,0.824494186071329,0.04240819544100657
PubMed,Betweenness,1.1,0.01,0.5774561740047602,0.02553420021423803
PubMed,Betweenness,1.1,0.05,0.8922285196713491,0.018945258272217207
PubMed,Betweenness,1.1,0.1,0.9088835166857276,0.02143956392961548
PubMed,Betweenness,1.2,0.01,0.6313217027449731,0.05056158021548224
PubMed,Betweenness,1.2,0.05,0.9350469213373469,0.010790206663736717
PubMed,Betweenness,1.2,0.1,0.9499514645658168,0.012258726424818324
PubMed,Betweenness,1.5,0.01,0.7079106823482201,0.04627278248504655
PubMed,Betweenness,1.5,0.05,0.96735712386094,0.004922926805975413
PubMed,Betweenness,1.5,0.1,0.9862783197992995,0.0026141286775815333
PubMed,Betweenness,2.0,0.01,0.6541406065702805,0.050558674366998235
PubMed,Betweenness,2.0,0.05,0.9614251753124723,0.011249694767401279
PubMed,Betweenness,2.0,0.1,0.9944549180342257,0.0008330035829977198
PubMed,Betweenness_Adaptive,0.8,0.01,0.24084000354939833,0.034464185070692065
PubMed,Betweenness_Adaptive,0.8,0.05,0.44906198229674354,0.05573078209317596
PubMed,Betweenness_Adaptive,0.8,0.1,0.4699733715140317,0.06362276049176133
PubMed,Betweenness_Adaptive,0.9,0.01,0.3641145422951347,0.020184635646990662
PubMed,Betweenness_Adaptive,0.9,0.05,0.64306568106099,0.06691660935429296
PubMed,Betweenness_Adaptive,0.9,0.1,0.6697725070353787,0.0694012833277593
PubMed,Betweenness_Adaptive,1.0,0.01,0.48688038524299254,0.037646890553074866
PubMed,Betweenness_Adaptive,1.0,0.05,0.8034230472263688,0.03786394838404907
PubMed,Betweenness_Adaptive,1.0,0.1,0.8244304382204805,0.0433792006313602
PubMed,Betweenness_Adaptive,1.1,0.01,0.5529196055528304,0.05466612718493542
PubMed,Betweenness_Adaptive,1.1,0.05,0.8925370918258109,0.019474241004128232
PubMed,Betweenness_Adaptive,1.1,0.1,0.9088962627865605,0.021891421205906477
PubMed,Betweenness_Adaptive,1.2,0.01,0.625779639542066,0.03694790137857211
PubMed,Betweenness_Adaptive,1.2,0.05,0.9349173941660356,0.00963490203246245
PubMed,Betweenness_Adaptive,1.2,0.1,0.9498039386254996,0.012118882810062293
PubMed,Betweenness_Adaptive,1.5,0.01,0.696460797598451,0.04524962642996379
PubMed,Betweenness_Adaptive,1.5,0.05,0.9674456835229692,0.005344567822776068
PubMed,Betweenness_Adaptive,1.5,0.1,0.9864230960057819,0.0026380492793210185
PubMed,Betweenness_Adaptive,2.0,0.01,0.6596334276606731,0.049680054816671045
PubMed,Betweenness_Adaptive,2.0,0.05,0.9618349228124498,0.012353462494983205
PubMed,Betweenness_Adaptive,2.0,0.1,0.994624280299444,0.0005860818255994096
PubMed,Degree,0.8,0.01,0.426155346089666,0.07197246637743353
PubMed,Degree,0.8,0.05,0.47982397746628236,0.0658147615547436
PubMed,Degree,0.8,0.1,0.489927601747277,0.06406716388209421
PubMed,Degree,0.9,0.01,0.6256740818821283,0.0748280933893967
PubMed,Degree,0.9,0.05,0.6749824475443955,0.06469702218670144
PubMed,Degree,0.9,0.1,0.6835202469559131,0.06423093530698847
PubMed,Degree,1.0,0.01,0.7910972367982719,0.0514705417751712
PubMed,Degree,1.0,0.05,0.8273148495908156,0.04252698560787071
PubMed,Degree,1.0,0.1,0.8339906383842488,0.04088999016515155
PubMed,Degree,1.1,0.01,0.8829795284932228,0.025108908514604268
PubMed,Degree,1.1,0.05,0.9101422730411747,0.021231789979926263
PubMed,Degree,1.1,0.1,0.9146048461223254,0.020911037318050725
PubMed,Degree,1.2,0.01,0.9289446695659359,0.017157165419388
PubMed,Degree,1.2,0.05,0.9505923816553166,0.012466411571812296
PubMed,Degree,1.2,0.1,0.953451234612303,0.012056853476618015
PubMed,Degree,1.5,0.01,0.9627642542995387,0.003908127755148854
PubMed,Degree,1.5,0.05,0.9867781807620044,0.0028196799107764866
PubMed,Degree,1.5,0.1,0.9881239397899945,0.002707813142682
PubMed,Degree,2.0,0.01,0.9073890772214097,0.01283950427737285
PubMed,Degree,2.0,0.05,0.9954260576647563,0.000593951295148649
PubMed,Degree,2.0,0.1,0.9963942976095284,0.000559437248277501
PubMed,Degree_Adaptive,0.8,0.01,0.4226727748043622,0.06754793967864502
PubMed,Degree_Adaptive,0.8,0.05,0.4816162812764945,0.06309881124142949
PubMed,Degree_Adaptive,0.8,0.1,0.48846028609426584,0.06412812409346197
PubMed,Degree_Adaptive,0.9,0.01,0.6232326627622147,0.07602665077403788
PubMed,Degree_Adaptive,0.9,0.05,0.6749240841283554,0.06636556462950614
PubMed,Degree_Adaptive,0.9,0.1,0.6834936495345388,0.06397574109310249
PubMed,Degree_Adaptive,1.0,0.01,0.7892242528150178,0.04955687698894772
PubMed,Degree_Adaptive,1.0,0.05,0.8277205694762385,0.04192343510752139
PubMed,Degree_Adaptive,1.0,0.1,0.8336641997233579,0.04113169305087331
PubMed,Degree_Adaptive,1.1,0.01,0.8805128803165763,0.02581160628955741
PubMed,Degree_Adaptive,1.1,0.05,0.9097664496868074,0.02134398507610521
PubMed,Degree_Adaptive,1.1,0.1,0.9144007710197011,0.0211736564180284
PubMed,Degree_Adaptive,1.2,0.01,0.9270570274930019,0.016015218576725533
PubMed,Degree_Adaptive,1.2,0.05,0.9501249412639836,0.012313336491123712
PubMed,Degree_Adaptive,1.2,0.1,0.9533778252542457,0.01198681467357243
PubMed,Degree_Adaptive,1.5,0.01,0.9631814894160293,0.00430934588823052
PubMed,Degree_Adaptive,1.5,0.05,0.9866714052234264,0.0028414657414554383
PubMed,Degree_Adaptive,1.5,0.1,0.9881474581721135,0.002646892024848569
PubMed,Degree_Adaptive,2.0,0.01,0.9108425713548547,0.009896010152357472
PubMed,Degree_Adaptive,2.0,0.05,0.9954373394269208,0.0005370319457191501
PubMed,Degree_Adaptive,2.0,0.1,0.9964127622475317,0.0005410276083946163
PubMed,Ours,0.8,0.01,0.046895249874843746,0.0539081832787799
PubMed,Ours,0.8,0.05,0.09194810140451667,0.07255122913567749
PubMed,Ours,0.8,0.1,0.17465497265917965,0.06489231443093993
PubMed,Ours,0.9,0.01,0.02877730915295328,0.038524601376817645
PubMed,Ours,0.9,0.05,0.12709985759998985,0.04153147428264385
PubMed,Ours,0.9,0.1,0.3150466687268849,0.04499356833220859
PubMed,Ours,1.0,0.01,0.023752088814187538,0.03248096091669592
PubMed,Ours,1.0,0.05,0.18355262287151117,0.07612254724472468
PubMed,Ours,1.0,0.1,0.42988351742285713,0.04698732619351735
PubMed,Ours,1.1,0.01,0.05387395338883703,0.04819268184144538
PubMed,Ours,1.1,0.05,0.20810387458609778,0.12069797819966409
PubMed,Ours,1.1,0.1,0.4826305852334382,0.05950076615857263
PubMed,Ours,1.2,0.01,0.05481828203504445,0.08940430213144625
PubMed,Ours,1.2,0.05,0.2570682507075631,0.10549451361123362
PubMed,Ours,1.2,0.1,0.5112656299917152,0.055026100407693755
PubMed,Ours,1.5,0.01,0.01897271532751338,0.052059578561464155
PubMed,Ours,1.5,0.05,0.2172174390363848,0.054241432737669494
PubMed,Ours,1.5,0.1,0.483823835338509,0.05632728313250242
PubMed,Ours,2.0,0.01,0.02755792450609648,0.03760567878005371
PubMed,Ours,2.0,0.05,0.16920012628472272,0.03579757778685362
PubMed,Ours,2.0,0.1,0.3666920830987117,0.04476055420867601
PubMed,Ours_Adaptive,0.8,0.01,0.01563834244331742,0.034731719073042004
PubMed,Ours_Adaptive,0.8,0.05,0.09440375377155011,0.044378262127222234
PubMed,Ours_Adaptive,0.8,0.1,0.15854897120585448,0.0629484091630011
PubMed,Ours_Adaptive,0.9,0.01,-0.0026474251174894103,0.03942885824885202
PubMed,Ours_Adaptive,0.9,0.05,0.08746836737725722,0.025901663787251995
PubMed,Ours_Adaptive,0.9,0.1,0.32253634895123867,0.03513393677276128
PubMed,Ours_Adaptive,1.0,0.01,0.022435223579284652,0.017826633866359253
PubMed,Ours_Adaptive,1.0,0.05,0.19116921143949756,0.0544868982254521
PubMed,Ours_Adaptive,1.0,0.1,0.4071910890738006,0.05614977535182613
PubMed,Ours_Adaptive,1.1,0.01,0.07959427584006111,0.05708662457898541
PubMed,Ours_Adaptive,1.1,0.05,0.18027153816144478,0.09828846685991116
PubMed,Ours_Adaptive,1.1,0.1,0.4947803030928147,0.061014991632972033
PubMed,Ours_Adaptive,1.2,0.01,0.02057933015352272,0.05533551891723356
PubMed,Ours_Adaptive,1.2,0.05,0.21695093395573745,0.07103912202666078
PubMed,Ours_Adaptive,1.2,0.1,0.5301541239729826,0.03797210675959477
PubMed,Ours_Adaptive,1.5,0.01,0.05286700363958764,0.03377105617420868
PubMed,Ours_Adaptive,1.5,0.05,0.2216205503341085,0.058305571732435016
PubMed,Ours_Adaptive,1.5,0.1,0.4892024838424314,0.04293431051752753
PubMed,Ours_Adaptive,2.0,0.01,0.029758032910516097,0.03821232082325957
PubMed,Ours_Adaptive,2.0,0.05,0.17707120709988647,0.05281582359965652
PubMed,Ours_Adaptive,2.0,0.1,0.36047182228322583,0.054776471109887905
PubMed,PageRank,0.8,0.01,0.34195445773850625,0.035285905936051236
PubMed,PageRank,0.8,0.05,0.4775175342781409,0.05771303436531444
PubMed,PageRank,0.8,0.1,0.4896840532506609,0.06159048410334822
PubMed,PageRank,0.9,0.01,0.49323179015068713,0.05742118607438858
PubMed,PageRank,0.9,0.05,0.6704565231293186,0.06260899480600712
PubMed,PageRank,0.9,0.1,0.6838888326490705,0.06282196964479454
PubMed,PageRank,1.0,0.01,0.6483861758888163,0.027216744960422784
PubMed,PageRank,1.0,0.05,0.8241213938480636,0.04015816528463692
PubMed,PageRank,1.0,0.1,0.8336488864838542,0.04008977283246955
PubMed,PageRank,1.1,0.01,0.7149749900627027,0.02715230678210923
PubMed,PageRank,1.1,0.05,0.9067980772737847,0.020700333408502962
PubMed,PageRank,1.1,0.1,0.9143079327325803,0.02022783770487925
PubMed,PageRank,1.2,0.01,0.7397635248104836,0.014519723164758937
PubMed,PageRank,1.2,0.05,0.9478079204850436,0.011959733606573732
PubMed,PageRank,1.2,0.1,0.9533140144717585,0.011549147144350246
PubMed,PageRank,1.5,0.01,0.7942272664661568,0.017748910644222085
PubMed,PageRank,1.5,0.05,0.9850117383447348,0.0023437125171027664
PubMed,PageRank,1.5,0.1,0.9880987660636833,0.0024787350873028127
PubMed,PageRank,2.0,0.01,0.7492467163365166,0.03432947978758555
PubMed,PageRank,2.0,0.05,0.9895467110581301,0.0012139857888593573
PubMed,PageRank,2.0,0.1,0.9963251335213885,0.0004924748418279273
PubMed,PageRank_Adaptive,0.8,0.01,0.33400393504523873,0.04995238235070394
PubMed,PageRank_Adaptive,0.8,0.05,0.47484930549636495,0.06025878922311385
PubMed,PageRank_Adaptive,0.8,0.1,0.4879273280403603,0.061978423008196885
PubMed,PageRank_Adaptive,0.9,0.01,0.4845492079939725,0.056849088813289386
PubMed,PageRank_Adaptive,0.9,0.05,0.671833020587482,0.0615614866572357
PubMed,PageRank_Adaptive,0.9,0.1,0.6832249126405936,0.06395968148265685
PubMed,PageRank_Adaptive,1.0,0.01,0.6403154064867307,0.02278974273962393
PubMed,PageRank_Adaptive,1.0,0.05,0.8245462136160754,0.040650354016108343
PubMed,PageRank_Adaptive,1.0,0.1,0.8335318896894662,0.0399282992430632
PubMed,PageRank_Adaptive,1.1,0.01,0.7104466009585806,0.014194009946408105
PubMed,PageRank_Adaptive,1.1,0.05,0.9073863248416181,0.020859161474653214
PubMed,PageRank_Adaptive,1.1,0.1,0.9143214466228748,0.02047042788051095
PubMed,PageRank_Adaptive,1.2,0.01,0.7506428083919238,0.031541231364885736
PubMed,PageRank_Adaptive,1.2,0.05,0.947893204835198,0.012032942555407352
PubMed,PageRank_Adaptive,1.2,0.1,0.9531951621556857,0.011604561064480703
PubMed,PageRank_Adaptive,1.5,0.01,0.7979019487147563,0.023575765080418195
PubMed,PageRank_Adaptive,1.5,0.05,0.9849164232179961,0.0024346126671792676
PubMed,PageRank_Adaptive,1.5,0.1,0.9880958535487725,0.00253274131718248
PubMed,PageRank_Adaptive,2.0,0.01,0.7451012604109554,0.028653067563261712
PubMed,PageRank_Adaptive,2.0,0.05,0.9896949364668292,0.0008833578388380309
PubMed,PageRank_Adaptive,2.0,0.1,0.9963213039042487,0.00048444364758481193
