dataset,seed,method,k_ratio,precision
Cora,0,Ours,0.01,0.0
Cora,0,PageRank,0.01,0.3333333333333333
Cora,0,Degree,0.01,0.37037037037037035
Cora,0,Betweenness,0.01,0.25925925925925924
Cora,0,Ours,0.05,0.08888888888888889
Cora,0,PageRank,0.05,0.2814814814814815
Cora,0,Degree,0.05,0.32592592592592595
Cora,0,Betweenness,0.05,0.23703703703703705
Cora,0,Ours,0.1,0.1111111111111111
Cora,0,PageRank,0.1,0.26296296296296295
Cora,0,Degree,0.1,0.3148148148148148
Cora,0,Betweenness,0.1,0.26666666666666666
Cora,1,Ours,0.01,0.0
Cora,1,PageRank,0.01,0.3333333333333333
Cora,1,Degree,0.01,0.37037037037037035
Cora,1,Betweenness,0.01,0.25925925925925924
Cora,1,Ours,0.05,0.05185185185185185
Cora,1,PageRank,0.05,0.2814814814814815
Cora,1,Degree,0.05,0.32592592592592595
Cora,1,Betweenness,0.05,0.23703703703703705
Cora,1,Ours,0.1,0.09259259259259259
Cora,1,PageRank,0.1,0.26296296296296295
Cora,1,Degree,0.1,0.3148148148148148
Cora,1,Betweenness,0.1,0.26666666666666666
Cora,2,Ours,0.01,0.0
Cora,2,PageRank,0.01,0.3333333333333333
Cora,2,Degree,0.01,0.37037037037037035
Cora,2,Betweenness,0.01,0.25925925925925924
Cora,2,Ours,0.05,0.08148148148148149
Cora,2,PageRank,0.05,0.2814814814814815
Cora,2,Degree,0.05,0.32592592592592595
Cora,2,Betweenness,0.05,0.23703703703703705
Cora,2,Ours,0.1,0.1037037037037037
Cora,2,PageRank,0.1,0.26296296296296295
Cora,2,Degree,0.1,0.3148148148148148
Cora,2,Betweenness,0.1,0.26666666666666666
Cora,3,Ours,0.01,0.0
Cora,3,PageRank,0.01,0.3333333333333333
Cora,3,Degree,0.01,0.37037037037037035
Cora,3,Betweenness,0.01,0.25925925925925924
Cora,3,Ours,0.05,0.06666666666666667
Cora,3,PageRank,0.05,0.2814814814814815
Cora,3,Degree,0.05,0.32592592592592595
Cora,3,Betweenness,0.05,0.23703703703703705
Cora,3,Ours,0.1,0.1111111111111111
Cora,3,PageRank,0.1,0.26296296296296295
Cora,3,Degree,0.1,0.3148148148148148
Cora,3,Betweenness,0.1,0.26666666666666666
Cora,4,Ours,0.01,0.0
Cora,4,PageRank,0.01,0.3333333333333333
Cora,4,Degree,0.01,0.37037037037037035
Cora,4,Betweenness,0.01,0.25925925925925924
Cora,4,Ours,0.05,0.07407407407407407
Cora,4,PageRank,0.05,0.2814814814814815
Cora,4,Degree,0.05,0.32592592592592595
Cora,4,Betweenness,0.05,0.23703703703703705
Cora,4,Ours,0.1,0.0962962962962963
Cora,4,PageRank,0.1,0.26296296296296295
Cora,4,Degree,0.1,0.3148148148148148
Cora,4,Betweenness,0.1,0.26666666666666666
CiteSeer,0,Ours,0.01,0.0
CiteSeer,0,PageRank,0.01,0.3125
CiteSeer,0,Degree,0.01,0.46875
CiteSeer,0,Betweenness,0.01,0.09375
CiteSeer,0,Ours,0.05,0.05521472392638037
CiteSeer,0,PageRank,0.05,0.2883435582822086
CiteSeer,0,Degree,0.05,0.5766871165644172
CiteSeer,0,Betweenness,0.05,0.13496932515337423
CiteSeer,0,Ours,0.1,0.10091743119266056
CiteSeer,0,PageRank,0.1,0.27522935779816515
CiteSeer,0,Degree,0.1,0.4923547400611621
CiteSeer,0,Betweenness,0.1,0.2018348623853211
CiteSeer,1,Ours,0.01,0.0
CiteSeer,1,PageRank,0.01,0.3125
CiteSeer,1,Degree,0.01,0.46875
CiteSeer,1,Betweenness,0.01,0.09375
CiteSeer,1,Ours,0.05,0.049079754601226995
CiteSeer,1,PageRank,0.05,0.2883435582822086
CiteSeer,1,Degree,0.05,0.5766871165644172
CiteSeer,1,Betweenness,0.05,0.13496932515337423
CiteSeer,1,Ours,0.1,0.10703363914373089
CiteSeer,1,PageRank,0.1,0.27522935779816515
CiteSeer,1,Degree,0.1,0.4923547400611621
CiteSeer,1,Betweenness,0.1,0.2018348623853211
CiteSeer,2,Ours,0.01,0.0
CiteSeer,2,PageRank,0.01,0.3125
CiteSeer,2,Degree,0.01,0.46875
CiteSeer,2,Betweenness,0.01,0.09375
CiteSeer,2,Ours,0.05,0.049079754601226995
CiteSeer,2,PageRank,0.05,0.2883435582822086
CiteSeer,2,Degree,0.05,0.5766871165644172
CiteSeer,2,Betweenness,0.05,0.13496932515337423
CiteSeer,2,Ours,0.1,0.1162079510703364
CiteSeer,2,PageRank,0.1,0.27522935779816515
CiteSeer,2,Degree,0.1,0.4923547400611621
CiteSeer,2,Betweenness,0.1,0.2018348623853211
CiteSeer,3,Ours,0.01,0.0
CiteSeer,3,PageRank,0.01,0.3125
CiteSeer,3,Degree,0.01,0.46875
CiteSeer,3,Betweenness,0.01,0.09375
CiteSeer,3,Ours,0.05,0.05521472392638037
CiteSeer,3,PageRank,0.05,0.2883435582822086
CiteSeer,3,Degree,0.05,0.5766871165644172
CiteSeer,3,Betweenness,0.05,0.13496932515337423
CiteSeer,3,Ours,0.1,0.10397553516819572
CiteSeer,3,PageRank,0.1,0.27522935779816515
CiteSeer,3,Degree,0.1,0.4923547400611621
CiteSeer,3,Betweenness,0.1,0.2018348623853211
CiteSeer,4,Ours,0.01,0.0
CiteSeer,4,PageRank,0.01,0.3125
CiteSeer,4,Degree,0.01,0.46875
CiteSeer,4,Betweenness,0.01,0.09375
CiteSeer,4,Ours,0.05,0.049079754601226995
CiteSeer,4,PageRank,0.05,0.2883435582822086
CiteSeer,4,Degree,0.05,0.5766871165644172
CiteSeer,4,Betweenness,0.05,0.13496932515337423
CiteSeer,4,Ours,0.1,0.11314984709480122
CiteSeer,4,PageRank,0.1,0.27522935779816515
CiteSeer,4,Degree,0.1,0.4923547400611621
CiteSeer,4,Betweenness,0.1,0.2018348623853211
PubMed,0,Ours,0.01,0.0
PubMed,0,PageRank,0.01,0.20304568527918782
PubMed,0,Degree,0.01,0.5329949238578681
PubMed,0,Betweenness,0.01,0.1319796954314721
PubMed,0,Ours,0.05,0.029441624365482234
PubMed,0,PageRank,0.05,0.33908629441624366
PubMed,0,Degree,0.05,0.5898477157360406
PubMed,0,Betweenness,0.05,0.3208121827411167
PubMed,0,Ours,0.1,0.08625063419583967
PubMed,0,PageRank,0.1,0.44951801116184675
PubMed,0,Degree,0.1,0.6184677828513445
PubMed,0,Betweenness,0.1,0.426179604261796
PubMed,1,Ours,0.01,0.0
PubMed,1,PageRank,0.01,0.20304568527918782
PubMed,1,Degree,0.01,0.5329949238578681
PubMed,1,Betweenness,0.01,0.1319796954314721
PubMed,1,Ours,0.05,0.026395939086294416
PubMed,1,PageRank,0.05,0.33908629441624366
PubMed,1,Degree,0.05,0.5898477157360406
PubMed,1,Betweenness,0.05,0.3208121827411167
PubMed,1,Ours,0.1,0.09030948756976154
PubMed,1,PageRank,0.1,0.44951801116184675
PubMed,1,Degree,0.1,0.6184677828513445
PubMed,1,Betweenness,0.1,0.426179604261796
PubMed,2,Ours,0.01,0.0
PubMed,2,PageRank,0.01,0.20304568527918782
PubMed,2,Degree,0.01,0.5329949238578681
PubMed,2,Betweenness,0.01,0.1319796954314721
PubMed,2,Ours,0.05,0.030456852791878174
PubMed,2,PageRank,0.05,0.33908629441624366
PubMed,2,Degree,0.05,0.5898477157360406
PubMed,2,Betweenness,0.05,0.3208121827411167
PubMed,2,Ours,0.1,0.091324200913242
PubMed,2,PageRank,0.1,0.44951801116184675
PubMed,2,Degree,0.1,0.6184677828513445
PubMed,2,Betweenness,0.1,0.426179604261796
PubMed,3,Ours,0.01,0.005076142131979695
PubMed,3,PageRank,0.01,0.20304568527918782
PubMed,3,Degree,0.01,0.5329949238578681
PubMed,3,Betweenness,0.01,0.1319796954314721
PubMed,3,Ours,0.05,0.029441624365482234
PubMed,3,PageRank,0.05,0.33908629441624366
PubMed,3,Degree,0.05,0.5898477157360406
PubMed,3,Betweenness,0.05,0.3208121827411167
PubMed,3,Ours,0.1,0.08726534753932014
PubMed,3,PageRank,0.1,0.44951801116184675
PubMed,3,Degree,0.1,0.6184677828513445
PubMed,3,Betweenness,0.1,0.426179604261796
PubMed,4,Ours,0.01,0.0
PubMed,4,PageRank,0.01,0.20304568527918782
PubMed,4,Degree,0.01,0.5329949238578681
PubMed,4,Betweenness,0.01,0.1319796954314721
PubMed,4,Ours,0.05,0.027411167512690356
PubMed,4,PageRank,0.05,0.33908629441624366
PubMed,4,Degree,0.05,0.5898477157360406
PubMed,4,Betweenness,0.05,0.3208121827411167
PubMed,4,Ours,0.1,0.091324200913242
PubMed,4,PageRank,0.1,0.44951801116184675
PubMed,4,Degree,0.1,0.6184677828513445
PubMed,4,Betweenness,0.1,0.426179604261796
Computers,0,Ours,0.01,0.014925373134328358
Computers,0,PageRank,0.01,0.5074626865671642
Computers,0,Degree,0.01,0.7164179104477612
Computers,0,Betweenness,0.01,0.17164179104477612
Computers,0,Ours,0.05,0.05646359583952452
Computers,0,PageRank,0.05,0.3684992570579495
Computers,0,Degree,0.05,0.5542347696879644
Computers,0,Betweenness,0.05,0.12184249628528974
Computers,0,Ours,0.1,0.10393466963622866
Computers,0,PageRank,0.1,0.3518930957683742
Computers,0,Degree,0.1,0.5968819599109132
Computers,0,Betweenness,0.1,0.1603563474387528
Computers,1,Ours,0.01,0.022388059701492536
Computers,1,PageRank,0.01,0.5074626865671642
Computers,1,Degree,0.01,0.7164179104477612
Computers,1,Betweenness,0.01,0.17164179104477612
Computers,1,Ours,0.05,0.0638930163447251
Computers,1,PageRank,0.05,0.3684992570579495
Computers,1,Degree,0.05,0.5542347696879644
Computers,1,Betweenness,0.05,0.12184249628528974
Computers,1,Ours,0.1,0.09948032665181886
Computers,1,PageRank,0.1,0.3518930957683742
Computers,1,Degree,0.1,0.5968819599109132
Computers,1,Betweenness,0.1,0.1603563474387528
Computers,2,Ours,0.01,0.0
Computers,2,PageRank,0.01,0.5074626865671642
Computers,2,Degree,0.01,0.7164179104477612
Computers,2,Betweenness,0.01,0.17164179104477612
Computers,2,Ours,0.05,0.0713224368499257
Computers,2,PageRank,0.05,0.3684992570579495
Computers,2,Degree,0.05,0.5542347696879644
Computers,2,Betweenness,0.05,0.12184249628528974
Computers,2,Ours,0.1,0.09725315515961395
Computers,2,PageRank,0.1,0.3518930957683742
Computers,2,Degree,0.1,0.5968819599109132
Computers,2,Betweenness,0.1,0.1603563474387528
Computers,3,Ours,0.01,0.007462686567164179
Computers,3,PageRank,0.01,0.5074626865671642
Computers,3,Degree,0.01,0.7164179104477612
Computers,3,Betweenness,0.01,0.17164179104477612
Computers,3,Ours,0.05,0.06537890044576523
Computers,3,PageRank,0.05,0.3684992570579495
Computers,3,Degree,0.05,0.5542347696879644
Computers,3,Betweenness,0.05,0.12184249628528974
Computers,3,Ours,0.1,0.10022271714922049
Computers,3,PageRank,0.1,0.3518930957683742
Computers,3,Degree,0.1,0.5968819599109132
Computers,3,Betweenness,0.1,0.1603563474387528
Computers,4,Ours,0.01,0.014925373134328358
Computers,4,PageRank,0.01,0.5074626865671642
Computers,4,Degree,0.01,0.7164179104477612
Computers,4,Betweenness,0.01,0.17164179104477612
Computers,4,Ours,0.05,0.06240713224368499
Computers,4,PageRank,0.05,0.3684992570579495
Computers,4,Degree,0.05,0.5542347696879644
Computers,4,Betweenness,0.05,0.12184249628528974
Computers,4,Ours,0.1,0.10170749814402376
Computers,4,PageRank,0.1,0.3518930957683742
Computers,4,Degree,0.1,0.5968819599109132
Computers,4,Betweenness,0.1,0.1603563474387528
Photo,0,Ours,0.01,0.0
Photo,0,PageRank,0.01,0.5333333333333333
Photo,0,Degree,0.01,0.7866666666666666
Photo,0,Betweenness,0.01,0.16
Photo,0,Ours,0.05,0.034574468085106384
Photo,0,PageRank,0.05,0.3670212765957447
Photo,0,Degree,0.05,0.5558510638297872
Photo,0,Betweenness,0.05,0.14361702127659576
Photo,0,Ours,0.1,0.099601593625498
Photo,0,PageRank,0.1,0.351925630810093
Photo,0,Degree,0.1,0.5391766268260292
Photo,0,Betweenness,0.1,0.17397078353253653
Photo,1,Ours,0.01,0.0
Photo,1,PageRank,0.01,0.5333333333333333
Photo,1,Degree,0.01,0.7866666666666666
Photo,1,Betweenness,0.01,0.16
Photo,1,Ours,0.05,0.03723404255319149
Photo,1,PageRank,0.05,0.3670212765957447
Photo,1,Degree,0.05,0.5558510638297872
Photo,1,Betweenness,0.05,0.14361702127659576
Photo,1,Ours,0.1,0.10358565737051793
Photo,1,PageRank,0.1,0.351925630810093
Photo,1,Degree,0.1,0.5391766268260292
Photo,1,Betweenness,0.1,0.17397078353253653
Photo,2,Ours,0.01,0.0
Photo,2,PageRank,0.01,0.5333333333333333
Photo,2,Degree,0.01,0.7866666666666666
Photo,2,Betweenness,0.01,0.16
Photo,2,Ours,0.05,0.02925531914893617
Photo,2,PageRank,0.05,0.3670212765957447
Photo,2,Degree,0.05,0.5558510638297872
Photo,2,Betweenness,0.05,0.14361702127659576
Photo,2,Ours,0.1,0.10225763612217796
Photo,2,PageRank,0.1,0.351925630810093
Photo,2,Degree,0.1,0.5391766268260292
Photo,2,Betweenness,0.1,0.17397078353253653
Photo,3,Ours,0.01,0.0
Photo,3,PageRank,0.01,0.5333333333333333
Photo,3,Degree,0.01,0.7866666666666666
Photo,3,Betweenness,0.01,0.16
Photo,3,Ours,0.05,0.02925531914893617
Photo,3,PageRank,0.05,0.3670212765957447
Photo,3,Degree,0.05,0.5558510638297872
Photo,3,Betweenness,0.05,0.14361702127659576
Photo,3,Ours,0.1,0.09827357237715803
Photo,3,PageRank,0.1,0.351925630810093
Photo,3,Degree,0.1,0.5391766268260292
Photo,3,Betweenness,0.1,0.17397078353253653
Photo,4,Ours,0.01,0.0
Photo,4,PageRank,0.01,0.5333333333333333
Photo,4,Degree,0.01,0.7866666666666666
Photo,4,Betweenness,0.01,0.16
Photo,4,Ours,0.05,0.034574468085106384
Photo,4,PageRank,0.05,0.3670212765957447
Photo,4,Degree,0.05,0.5558510638297872
Photo,4,Betweenness,0.05,0.14361702127659576
Photo,4,Ours,0.1,0.10358565737051793
Photo,4,PageRank,0.1,0.351925630810093
Photo,4,Degree,0.1,0.5391766268260292
Photo,4,Betweenness,0.1,0.17397078353253653
CS,0,Ours,0.01,0.02185792349726776
CS,0,PageRank,0.01,0.5792349726775956
CS,0,Degree,0.01,0.7103825136612022
CS,0,Betweenness,0.01,0.33879781420765026
CS,0,Ours,0.05,0.05021834061135371
CS,0,PageRank,0.05,0.5796943231441049
CS,0,Degree,0.05,0.7248908296943232
CS,0,Betweenness,0.05,0.43231441048034935
CS,0,Ours,0.1,0.10038188761593017
CS,0,PageRank,0.1,0.6181123840698309
CS,0,Degree,0.1,0.7359519912711402
CS,0,Betweenness,0.1,0.5122749590834698
CS,1,Ours,0.01,0.01639344262295082
CS,1,PageRank,0.01,0.5792349726775956
CS,1,Degree,0.01,0.7103825136612022
CS,1,Betweenness,0.01,0.33879781420765026
CS,1,Ours,0.05,0.056768558951965066
CS,1,PageRank,0.05,0.5796943231441049
CS,1,Degree,0.05,0.7248908296943232
CS,1,Betweenness,0.05,0.43231441048034935
CS,1,Ours,0.1,0.09983633387888707
CS,1,PageRank,0.1,0.6181123840698309
CS,1,Degree,0.1,0.7359519912711402
CS,1,Betweenness,0.1,0.5122749590834698
CS,2,Ours,0.01,0.01639344262295082
CS,2,PageRank,0.01,0.5792349726775956
CS,2,Degree,0.01,0.7103825136612022
CS,2,Betweenness,0.01,0.33879781420765026
CS,2,Ours,0.05,0.05021834061135371
CS,2,PageRank,0.05,0.5796943231441049
CS,2,Degree,0.05,0.7248908296943232
CS,2,Betweenness,0.05,0.43231441048034935
CS,2,Ours,0.1,0.09983633387888707
CS,2,PageRank,0.1,0.6181123840698309
CS,2,Degree,0.1,0.7359519912711402
CS,2,Betweenness,0.1,0.5122749590834698
CS,3,Ours,0.01,0.01092896174863388
CS,3,PageRank,0.01,0.5792349726775956
CS,3,Degree,0.01,0.7103825136612022
CS,3,Betweenness,0.01,0.33879781420765026
CS,3,Ours,0.05,0.05349344978165939
CS,3,PageRank,0.05,0.5796943231441049
CS,3,Degree,0.05,0.7248908296943232
CS,3,Betweenness,0.05,0.43231441048034935
CS,3,Ours,0.1,0.10092744135297327
CS,3,PageRank,0.1,0.6181123840698309
CS,3,Degree,0.1,0.7359519912711402
CS,3,Betweenness,0.1,0.5122749590834698
CS,4,Ours,0.01,0.01092896174863388
CS,4,PageRank,0.01,0.5792349726775956
CS,4,Degree,0.01,0.7103825136612022
CS,4,Betweenness,0.01,0.33879781420765026
CS,4,Ours,0.05,0.04912663755458515
CS,4,PageRank,0.05,0.5796943231441049
CS,4,Degree,0.05,0.7248908296943232
CS,4,Betweenness,0.05,0.43231441048034935
CS,4,Ours,0.1,0.10038188761593017
CS,4,PageRank,0.1,0.6181123840698309
CS,4,Degree,0.1,0.7359519912711402
CS,4,Betweenness,0.1,0.5122749590834698
Physics,0,Ours,0.01,0.014534883720930232
Physics,0,PageRank,0.01,0.45058139534883723
Physics,0,Degree,0.01,0.7383720930232558
Physics,0,Betweenness,0.01,0.2180232558139535
Physics,0,Ours,0.05,0.055104408352668215
Physics,0,PageRank,0.05,0.4332946635730858
Physics,0,Degree,0.05,0.7233178654292344
Physics,0,Betweenness,0.05,0.30974477958236657
Physics,0,Ours,0.1,0.10292838503914178
Physics,0,PageRank,0.1,0.43200927805160916
Physics,0,Degree,0.1,0.7002029573789504
Physics,0,Betweenness,0.1,0.36242389098289357
Physics,1,Ours,0.01,0.014534883720930232
Physics,1,PageRank,0.01,0.45058139534883723
Physics,1,Degree,0.01,0.7383720930232558
Physics,1,Betweenness,0.01,0.2180232558139535
Physics,1,Ours,0.05,0.052204176334106726
Physics,1,PageRank,0.05,0.4332946635730858
Physics,1,Degree,0.05,0.7233178654292344
Physics,1,Betweenness,0.05,0.30974477958236657
Physics,1,Ours,0.1,0.10437808060307335
Physics,1,PageRank,0.1,0.43200927805160916
Physics,1,Degree,0.1,0.7002029573789504
Physics,1,Betweenness,0.1,0.36242389098289357
Physics,2,Ours,0.01,0.014534883720930232
Physics,2,PageRank,0.01,0.45058139534883723
Physics,2,Degree,0.01,0.7383720930232558
Physics,2,Betweenness,0.01,0.2180232558139535
Physics,2,Ours,0.05,0.05568445475638051
Physics,2,PageRank,0.05,0.4332946635730858
Physics,2,Degree,0.05,0.7233178654292344
Physics,2,Betweenness,0.05,0.30974477958236657
Physics,2,Ours,0.1,0.10292838503914178
Physics,2,PageRank,0.1,0.43200927805160916
Physics,2,Degree,0.1,0.7002029573789504
Physics,2,Betweenness,0.1,0.36242389098289357
Physics,3,Ours,0.01,0.014534883720930232
Physics,3,PageRank,0.01,0.45058139534883723
Physics,3,Degree,0.01,0.7383720930232558
Physics,3,Betweenness,0.01,0.2180232558139535
Physics,3,Ours,0.05,0.05278422273781903
Physics,3,PageRank,0.05,0.4332946635730858
Physics,3,Degree,0.05,0.7233178654292344
Physics,3,Betweenness,0.05,0.30974477958236657
Physics,3,Ours,0.1,0.10611771527979125
Physics,3,PageRank,0.1,0.43200927805160916
Physics,3,Degree,0.1,0.7002029573789504
Physics,3,Betweenness,0.1,0.36242389098289357
Physics,4,Ours,0.01,0.014534883720930232
Physics,4,PageRank,0.01,0.45058139534883723
Physics,4,Degree,0.01,0.7383720930232558
Physics,4,Betweenness,0.01,0.2180232558139535
Physics,4,Ours,0.05,0.058004640371229696
Physics,4,PageRank,0.05,0.4332946635730858
Physics,4,Degree,0.05,0.7233178654292344
Physics,4,Betweenness,0.05,0.30974477958236657
Physics,4,Ours,0.1,0.1052478979414323
Physics,4,PageRank,0.1,0.43200927805160916
Physics,4,Degree,0.1,0.7002029573789504
Physics,4,Betweenness,0.1,0.36242389098289357
