dataset,method,rank,source,target,nodes,num_nodes_in_path,score,path_length,cross_comm_ratio,avg_node_importance,avg_edge_bc,delta_E,delta_LCC,delta_ASP,fragility_score
Cora,rank_pure,1,2080,758,2080 -> 306 -> 1483 -> 1072 -> 1358 -> 758,6,2.193134307861328,5.0,0.2,0.8181925058364868,0.00896880739435979,0.016233025308025284,0.005908419497784312,0.7071702371677926,0.15029062535588236
Cora,rank_pure,2,1787,1620,1787 -> 306 -> 1072 -> 1358 -> 1483 -> 1620,6,2.153635263442993,5.0,0.2,0.8212290783723195,0.010659917349248305,0.014760250166500288,0.005908419497784312,0.5508949130186842,0.11844645046945068
Cora,rank_pure,3,2080,326,2080 -> 306 -> 1483 -> 1072 -> 1358 -> 326,6,2.0642521381378174,5.0,0.2,0.8179664413134257,0.008941235897633803,0.014297708541458592,0.005908419497784312,0.4263824028890246,0.09335893179350209
Cora,rank_pure,4,1787,173,1787 -> 306 -> 1072 -> 1358 -> 687 -> 173,6,1.5806642770767212,5.0,0.2,0.8192791044712067,0.010246807607537387,0.014351776001775896,0.00553914327917282,0.6285163763150994,0.13365964297539937
Cora,rank_pure,5,1805,1546,1805 -> 306 -> 1072 -> 1358 -> 1546,5,1.4835208654403687,4.0,0.25,0.82027996301651,0.01095385546037548,0.014377953990453829,0.005169867060561217,0.8792088444995336,0.18366089732031277
Cora,rank_pure,6,2080,1568,2080 -> 306 -> 1483 -> 1072 -> 1358 -> 1568,6,1.4277757406234741,5.0,0.2,0.8176294008890789,0.008914451292168874,0.013077369648325593,0.005908419497784312,0.603068991219657,0.12820811390237535
Cora,rank_pure,7,2045,754,2045 -> 306 -> 1072 -> 1358 -> 754,5,1.405888319015503,4.0,0.25,0.8199936079978943,0.011598105143461905,0.015061602980352973,0.005169867060561217,0.4221617797222059,0.09252494396080686
Cora,rank_pure,8,2045,1762,2045 -> 306 -> 1072 -> 1358 -> 1762,5,1.3819947242736816,4.0,0.25,0.8224348688125611,0.011592812300384928,0.014770628676878644,0.005169867060561217,0.5434737736493318,0.11667095302484232
Cora,rank_pure,9,2045,1733,2045 -> 306 -> 1072 -> 1358 -> 1733,5,1.3579858541488647,4.0,0.25,0.822519223690033,0.011520730508765615,0.01728816302161923,0.005169867060561217,0.3746288849853636,0.08390898902994491
Cora,rank_pure,10,1787,1568,1787 -> 306 -> 1072 -> 1358 -> 154 -> 1568,6,1.3258709907531738,5.0,0.2,0.8223287264506022,0.009248780489570774,0.013906745133950765,0.0077548005908418816,0.6139204045354338,0.13144869919700383
Cora,rank_set_pred_score_selector,1,2418,1728,2418 -> 65 -> 1293 -> 1013 -> 1729 -> 1358 -> 1728,7,1.245522141456604,6.0,0.3333333333333333,0.686936150278364,0.005265752521845896,0.01184548507048494,0.00738552437223039,0.344499490325747,0.07659230184223553
Cora,rank_set_pred_score_selector,2,1787,1709,1787 -> 1810 -> 1812 -> 1986 -> 1709,5,1.0595234632492065,4.0,0.75,0.7724392676353455,0.008126509822797386,0.005326621295371037,0.009601181683899562,0.05765643507381313,0.017502408206470865
Cora,rank_set_pred_score_selector,3,2045,1661,2045 -> 1013 -> 1851 -> 1661,4,1.0226517915725708,3.0,0.3333333333333333,0.7853917509317399,0.0058234300987986,0.0034352321289819465,0.0022156573116690614,0.20612551382114308,0.04348545854048902
Cora,rank_set_pred_score_selector,4,1787,289,1787 -> 1624 -> 1785 -> 109 -> 289,5,1.0213803052902222,4.0,0.25,0.7833264589309692,0.006846686300855033,0.0005467081529581808,0.0018463810930575697,0.0,0.0009572356984063002
Cora,rank_set_pred_score_selector,5,1839,2413,1839 -> 979 -> 524 -> 1358 -> 1072 -> 1725 -> 2413,7,0.915351152420044,6.0,0.3333333333333333,0.6962863871029444,0.007062993592318343,0.014275175518925598,0.006277695716395804,0.4178611603316762,0.0917933805604638
Cora,rank_set_pred_score_selector,6,2045,1733,2045 -> 1784 -> 1072 -> 1358 -> 1733,5,0.8447703719139099,4.0,0.25,0.8210706090927123,0.00795073870999476,0.013500313371269362,0.005169867060561217,0.22545757931734745,0.05255958803620172
Cora,rank_set_pred_score_selector,7,2045,1762,2045 -> 1784 -> 1072 -> 1358 -> 1762,5,0.8199641108512878,4.0,0.25,0.8209862542152404,0.008022820501614073,0.012166076080781907,0.005169867060561217,0.5525894113011534,0.11745225951676794
Cora,rank_set_pred_score_selector,8,1787,173,1787 -> 109 -> 289 -> 1722 -> 1358 -> 173,6,0.8079756498336792,5.0,0.2,0.8171626230080923,0.002625650971398529,0.007939176795426717,0.005908419497784312,0.6798264871677926,0.14150433595084294
Cora,rank_set_pred_score_selector,9,1805,1546,1805 -> 306 -> 1072 -> 1358 -> 1546,5,0.7733291983604431,4.0,0.25,0.82027996301651,0.01095385546037548,0.014377953990453829,0.005169867060561217,0.8792088444995336,0.18366089732031277
Cora,rank_set_pred_score_selector,10,1805,1568,1805 -> 1072 -> 1358 -> 154 -> 1568,5,0.7542780637741089,4.0,0.25,0.820841121673584,0.007746422721412682,0.010396205877455683,0.00738552437223039,0.4450473799361365,0.09612216808710174
Cora,rank_set_submodular_greedy,1,2080,1620,2080 -> 306 -> 1072 -> 1358 -> 1620,5,0.7980072498321533,4.0,0.25,0.8204239177703858,0.01159894699123499,0.015528655372405498,0.005169867060561217,0.7549742797222061,0.15927426491762792
Cora,rank_set_submodular_greedy,2,1787,1805,1787 -> 1810 -> 719 -> 306 -> 1805,5,0.13575346767902374,4.0,0.5,0.8082309412956239,0.004321532527137694,0.0,0.004800590841949726,0.054507439783778366,0.012821724293535565
Cora,rank_set_submodular_greedy,3,1787,1709,1787 -> 1810 -> 1812 -> 1986 -> 1709,5,0.08226419240236282,4.0,0.75,0.7724392676353455,0.008126509822797386,0.005326621295371037,0.009601181683899562,0.05765643507381313,0.017502408206470865
Cora,rank_set_submodular_greedy,4,1839,2413,1839 -> 1655 -> 1894 -> 1149 -> 1358 -> 1725 -> 2413,7,0.18569408357143402,6.0,0.3333333333333333,0.7005155086517334,0.007203540273910216,0.011535235597735588,0.006646971935007295,0.6229570436927725,0.13186429175165165
Cora,rank_set_submodular_greedy,5,2045,289,2045 -> 1787 -> 109 -> 289,4,0.403132826089859,3.0,0.3333333333333333,0.8320662707090378,0.004374436467568019,0.0003031036365592765,0.0011078286558344752,0.14038523241612122,0.028641419400181747
Cora,rank_set_submodular_greedy,6,1787,1661,1787 -> 2045 -> 1013 -> 1661,4,0.16146424412727356,3.0,0.3333333333333333,0.8134265780448915,0.006518092582994642,0.0024687819125317756,0.0022156573116690614,0.1125079290753801,0.024375361504756356
Cora,rank_set_submodular_greedy,7,2080,326,2080 -> 112 -> 306 -> 1072 -> 1358 -> 326,6,0.044373512268066406,5.0,0.2,0.8198003987471262,0.008600606964920179,0.015258449189699236,0.00553914327917282,0.6129863034110894,0.1309162976697667
Cora,rank_set_submodular_greedy,8,2418,1728,2418 -> 65 -> 1293 -> 1013 -> 1729 -> 1358 -> 1728,7,0.179122656583786,6.0,0.3333333333333333,0.686936150278364,0.005265752521845896,0.01184548507048494,0.00738552437223039,0.344499490325747,0.07659230184223553
Cora,rank_set_submodular_greedy,9,2045,2080,2045 -> 306 -> 655 -> 2080,4,0.03901124373078346,3.0,0.0,0.8195645272731781,0.0015519717559225694,0.0,0.0007385524372229835,0.0,0.0002954209748891934
Cora,rank_set_submodular_greedy,10,1787,341,1787 -> 306 -> 1804 -> 1546 -> 341,5,0.02368752844631672,4.0,0.25,0.8257471871376036,0.0015625635378172355,0.0014282946220447734,0.0011078286558344752,0.11335480113841001,0.0236854095388337
cora,betweenness,1,1346,68,1346 -> 306 -> 1072 -> 1358 -> 68,5,0.19972151285974415,4.0,0.5,0.82566339969635,0.0137928865485619,0.01391714466089461,0.005169867060561217,0.9604335408558091,0.19972151285974415
cora,betweenness,2,68,426,68 -> 1358 -> 1072 -> 306 -> 426,5,0.1984229684423453,4.0,0.5,0.8223799943923951,0.013870976960416656,0.011442544751000622,0.005169867060561217,0.9588900185886029,0.1984229684423453
cora,betweenness,3,1779,758,1779 -> 306 -> 1072 -> 1358 -> 758,5,0.18890983132490483,4.0,0.25,0.8244492793083191,0.010852632099131947,0.014946518759018756,0.005169867060561217,0.9043163849853642,0.18890983132490483
cora,betweenness,4,68,1762,68 -> 1986 -> 1149 -> 1358 -> 1762,5,0.18260957387802046,4.0,0.25,0.8245683574676514,0.012647112983277855,0.014250582056832245,0.009601181683899562,0.8653443419086386,0.18260957387802046
cora,betweenness,5,139,326,139 -> 306 -> 1072 -> 1358 -> 326,5,0.1751290444071443,4.0,0.25,0.8198939228057862,0.010810916506510811,0.014309708347208516,0.005169867060561217,0.836686071220182,0.1751290444071443
cora,betweenness,6,153,326,153 -> 306 -> 1072 -> 1358 -> 326,5,0.173102374556527,4.0,0.25,0.8202433562278747,0.010664282815822854,0.017378155178155275,0.005169867060561217,0.8204158283052019,0.173102374556527
cora,betweenness,7,396,1470,396 -> 1988 -> 1986 -> 68 -> 1358 -> 1072 -> 1070 -> 1470,8,0.16885238793860877,7.0,0.42857142857142855,0.7272094324231148,0.009502375902353302,0.015107111434317533,0.010709010339734037,0.7926296961449406,0.16885238793860877
cora,betweenness,8,1757,1245,1757 -> 1358 -> 1072 -> 306 -> 1245,5,0.16598266236813058,4.0,0.25,0.8223883056640625,0.010899953990816438,0.011550661144411112,0.005169867060561217,0.7964722554307082,0.16598266236813058
cora,betweenness,9,1346,1709,1346 -> 306 -> 1072 -> 1358 -> 1709,5,0.1632601461416669,4.0,0.25,0.8251880121231079,0.013764433172041695,0.011677568958819051,0.005169867060561217,0.7826058586695739,0.1632601461416669
cora,betweenness,10,1346,1568,1346 -> 306 -> 1072 -> 1358 -> 1568,5,0.16315029104062762,4.0,0.25,0.8222077322006225,0.010649271049618637,0.012677602258852089,0.005169867060561217,0.7800565165643114,0.16315029104062762
cora,node_score,1,396,1470,396 -> 1988 -> 1986 -> 68 -> 1358 -> 1072 -> 1070 -> 1470,8,0.17744699161644903,7.0,0.42857142857142855,0.7272094324231148,0.009502375902353302,0.014409939366189256,0.010709010339734037,0.8369970586703985,0.17744699161644903
cora,node_score,2,153,326,153 -> 2045 -> 341 -> 1358 -> 326,5,0.15528210662859512,4.0,0.25,0.8321907138824463,0.0017612934944670373,0.012998989205239148,0.00553914327917282,0.7393342681741517,0.15528210662859512
cora,node_score,3,308,1568,308 -> 2045 -> 341 -> 1358 -> 1568,5,0.15212203127327678,4.0,0.25,0.8322939443588258,0.0017845725345021243,0.012221497252747265,0.00553914327917282,0.7250888753025437,0.15212203127327678
cora,node_score,4,1757,236,1757 -> 1358 -> 289 -> 109 -> 236,5,0.14488108143332326,4.0,0.25,0.8280809569358827,0.005062325088374356,0.013613983932733886,0.00553914327917282,0.6860991527428029,0.14488108143332326
cora,node_score,5,1839,2413,1839 -> 979 -> 524 -> 1358 -> 59 -> 1725 -> 2413,7,0.14218861378398032,6.0,0.3333333333333333,0.6918003559112549,0.002193732618381156,0.010646061577311489,0.006277695716395804,0.677095554332487,0.14218861378398032
cora,node_score,6,68,2045,68 -> 1358 -> 341 -> 2045,4,0.14034696115413978,3.0,0.6666666666666666,0.8351397335529327,0.006384314540344549,0.009629297785547442,0.005169867060561217,0.6721364760784816,0.14034696115413978
cora,node_score,7,139,326,139 -> 2045 -> 341 -> 1358 -> 326,5,0.13796252670804313,4.0,0.25,0.8318412804603577,0.0019130599797220643,0.011211658480408587,0.00553914327917282,0.6563110300210528,0.13796252670804313
cora,node_score,8,1805,1568,1805 -> 109 -> 289 -> 1358 -> 1568,5,0.13789101376776344,4.0,0.25,0.8240560936927797,0.004923876693210592,0.013361754218004174,0.00553914327917282,0.6516532738444631,0.13789101376776344
cora,node_score,9,1757,2080,1757 -> 1358 -> 1483 -> 306 -> 2080,5,0.13544719910935601,4.0,0.25,0.8260838031768799,0.005684244746762231,0.016089930208680353,0.00553914327917282,0.6339778485710736,0.13544719910935601
cora,node_score,10,511,1550,511 -> 1810 -> 481 -> 823 -> 1358 -> 1550,6,0.13088530470020998,5.0,0.2,0.7363914450009664,0.0036376976268627493,0.01625892232767262,0.00923190546528796,0.6034448679151287,0.13088530470020998
cora,random,1,1757,1546,1757 -> 1358 -> 1550 -> 2083 -> 367 -> 2451 -> 1804 -> 1546,8,0.1419691147897992,7.0,0.0,0.7628537811338902,0.0007091583183626571,0.011281697958903825,0.006277695716395804,0.6747267865983968,0.1419691147897992
cora,random,2,1757,326,1757 -> 957 -> 1358 -> 154 -> 1752 -> 1754 -> 326,7,0.13326124189603938,6.0,0.0,0.8212546825408935,0.0007053413889767688,0.013803890553890696,0.0077548005908418816,0.6231888271907318,0.13326124189603938
cora,random,3,68,2045,68 -> 1358 -> 613 -> 341 -> 2045,5,0.13100018049328022,4.0,0.5,0.8272793507575988,0.00426998298985981,0.010237548562548465,0.005169867060561217,0.6241860712201817,0.13100018049328022
cora,random,4,341,1772,341 -> 613 -> 1358 -> 1712 -> 1725 -> 1072 -> 306 -> 1772,8,0.13057023300566495,7.0,0.14285714285714285,0.8017891556024552,0.0025508218151168278,0.016331186664642394,0.006646971935007295,0.6068948478290253,0.13057023300566495
cora,random,5,1709,139,1709 -> 1986 -> 335 -> 1701 -> 1856 -> 1335 -> 2087 -> 306 -> 139,9,0.12759784545590952,8.0,0.25,0.7647645526462131,0.00298190716533451,0.013502908896658838,0.019940915805022108,0.5711015778761857,0.12759784545590952
cora,random,6,1620,236,1620 -> 2450 -> 754 -> 1358 -> 1072 -> 417 -> 306 -> 236,8,0.12327124471484288,7.0,0.14285714285714285,0.8113221436738969,0.007535470896471753,0.014667495004994896,0.006277695716395804,0.574465842131433,0.12327124471484288
cora,random,7,289,1620,289 -> 1722 -> 1358 -> 1620,4,0.11771844505074476,3.0,0.0,0.8141281217336654,0.0006537579974230504,0.007916629897879363,0.004800590841949726,0.5631577837740656,0.11771844505074476
cora,random,8,341,1620,341 -> 1389 -> 1358 -> 1620,4,0.11681303372615513,3.0,0.0,0.8240133911371231,0.0005828435365699964,0.012308428377178271,0.004800590841949726,0.5498471301925196,0.11681303372615513
cora,random,9,1757,519,1757 -> 1358 -> 68 -> 1986 -> 519,5,0.11441046900630769,4.0,0.5,0.8323035788536071,0.009000086776341551,0.015494327200577418,0.009601181683899562,0.5218613272625845,0.11441046900630769
cora,random,10,1757,1709,1757 -> 1358 -> 616 -> 2365 -> 1738 -> 1709,6,0.1133036949137331,5.0,0.0,0.8134877443313598,0.0005531946828146296,0.01125430333555319,0.005908419497784312,0.5321930289019905,0.1133036949137331
cora,rule,1,396,1470,396 -> 1988 -> 1986 -> 68 -> 1358 -> 1072 -> 1070 -> 1470,8,0.7560600266197656,7.0,0.42857142857142855,0.7272094324231148,0.009502375902353302,0.01640426864801872,0.010709010339734037,0.9959074456357753,0.21002680072225616
cora,rule,2,1083,177,1083 -> 2114 -> 386 -> 2117 -> 1894 -> 2034 -> 2130 -> 2249 -> 2671 -> 726 -> 177,11,0.2564953717048252,10.0,0.3,0.5313901950012554,0.009736374541462192,0.004485461066710772,0.008862629246676468,0.48455557642080027,0.10225035140951495
cora,rule,3,2533,1481,2533 -> 1201 -> 457 -> 2216 -> 708 -> 1358 -> 289 -> 109 -> 1789 -> 1015 -> 1481,11,0.3397356145707058,10.0,0.3,0.6362221948125146,0.0036732556461249706,0.015834027777777787,0.008124076809453484,0.49047275328143947,0.10767779249118041
cora,rule,4,341,236,341 -> 2045 -> 2046 -> 236,4,0.5239405530890675,3.0,0.3333333333333333,0.828432348370552,0.0012833351362011444,0.0,0.0007385524372229835,0.6510917302241195,0.1305137670197131
cora,rule,5,519,173,519 -> 598 -> 480 -> 687 -> 173,5,0.31974180674904956,4.0,0.5,0.7887639284133912,0.00538876716201375,0.0,0.001477104874446078,0.4291219652550513,0.0864152350007887
cora,rule,6,636,881,636 -> 2233 -> 2182 -> 239 -> 1759 -> 1358 -> 1599 -> 1199 -> 881,9,0.478959974030986,8.0,0.5,0.6267247762944963,0.003958503381144292,0.010214948246198008,0.010339734121122546,0.6787374559559032,0.14396936413810887
cora,rule,7,139,426,139 -> 306 -> 426,3,0.3104578222376077,2.0,0.0,0.8268052617708842,0.0007787490010189865,0.0005947025197023115,0.00036927621861149174,0.43812493443742717,0.08801057838281096
cora,rule,8,1787,1709,1787 -> 1810 -> 1095 -> 1986 -> 1709,5,0.33775920514362096,4.0,0.75,0.7924335789680481,0.011214270682515223,0.009830527805527761,0.009601181683899562,0.3437312418272711,0.07651893216122514
cora,rule,9,952,2069,952 -> 2546 -> 466 -> 1358 -> 1729 -> 1013 -> 1840 -> 1377 -> 2069,9,0.43038346345184797,8.0,0.375,0.6375641995006137,0.004213491238641737,0.012750418331668345,0.008493353028064976,0.5968935415632011,0.12787621685653355
cora,rule,10,379,1556,379 -> 1898 -> 1713 -> 88 -> 415 -> 525 -> 456 -> 2472 -> 1017 -> 1475 -> 888 -> 1556,12,0.016237659653884753,11.0,0.2727272727272727,0.5392830813924472,0.004417702806376358,0.004817824536574283,0.008493353028064976,0.16924091051890944,0.039172653129637594
cora,shortest,1,139,758,139 -> 306 -> 1072 -> 1358 -> 758,5,0.1845145927975223,4.0,0.25,0.8201652002334594,0.010845380877418296,0.019842784788740797,0.005169867060561217,0.8725476602890074,0.1845145927975223
cora,shortest,2,1757,139,1757 -> 1358 -> 1072 -> 306 -> 139,5,0.17989107031982807,4.0,0.25,0.8244224023818969,0.01091025855554717,0.013600906732156942,0.005169867060561217,0.861913804013704,0.17989107031982807
cora,shortest,3,1757,1805,1757 -> 1358 -> 1072 -> 1805,4,0.15956783756411783,3.0,0.3333333333333333,0.8272502392530441,0.010259651029095868,0.01233713161838182,0.004800590841949726,0.763563742899926,0.15956783756411783
cora,shortest,4,1779,1762,1779 -> 109 -> 289 -> 1358 -> 1762,5,0.15784836648187817,4.0,0.25,0.82925368309021,0.004968037014527856,0.01487079517704512,0.00553914327917282,0.7484219554969549,0.15784836648187817
cora,shortest,5,1779,173,1779 -> 109 -> 289 -> 1358 -> 173,5,0.1519662628584865,4.0,0.25,0.8275242924690247,0.0050644649130201095,0.0116137438949937,0.00553914327917282,0.7255255399440994,0.1519662628584865
cora,shortest,6,1757,308,1757 -> 1358 -> 1072 -> 306 -> 308,5,0.1426869084582976,4.0,0.25,0.8252795147895814,0.010840792466438254,0.01707013264513263,0.005169867060561217,0.6689545428801003,0.1426869084582976
cora,shortest,7,68,153,68 -> 1358 -> 289 -> 109 -> 153,5,0.13526827135356911,4.0,0.5,0.8273965263366699,0.007933629767504195,0.012709363553113473,0.00553914327917282,0.639844343103273,0.13526827135356911
cora,shortest,8,1839,2413,1839 -> 979 -> 524 -> 1358 -> 1725 -> 2413,6,0.1341404419981363,5.0,0.4,0.6789971133073172,0.0025089023541855454,0.014461066711066867,0.005908419497784312,0.6299632375729791,0.1341404419981363
cora,shortest,9,153,326,153 -> 109 -> 289 -> 1358 -> 326,5,0.13412682563579287,4.0,0.25,0.8243453073501585,0.004823495025392091,0.013500949744699814,0.00553914327917282,0.632553942131219,0.13412682563579287
cora,shortest,10,1757,173,1757 -> 1358 -> 173,3,0.13229431639178219,2.0,0.0,0.8326715668042501,0.0010648592729274192,0.012310509629259586,0.004431314623338234,0.6279879334537153,0.13229431639178219
